goal_x,goal_y,goal_z,final_x,final_y,final_z,err_x,err_y,err_z,norm_err
0.5,0,0.8,0.496632,0.000358957,0.803509,0.00336779,-0.000358957,-0.00350934,0.00487712
0.5,0,0.8,0.504464,-0.00447848,0.802396,-0.00446397,0.00447848,-0.00239571,0.0067619
0.5,0,0.8,0.49359,0.000224336,0.807445,0.00641017,-0.000224336,-0.00744498,0.00982692
0.5,0,0.8,0.495323,8.60999e-05,0.797918,0.00467742,-8.60999e-05,0.00208236,0.00512074
0.5,0,0.8,-0.09681,-0.188639,0.406517,0.59681,0.188639,0.393483,0.739321
0.5,0,0.8,0.492207,-0.017403,0.808694,0.00779314,0.017403,-0.00869362,0.0209565
