goal_x,goal_y,goal_z,final_x,final_y,final_z,err_x,err_y,err_z,norm_err
0.5,0,0.8,0.504233,0.00290762,0.79624,-0.00423317,-0.00290762,0.00375956,0.00636461
0.5,0,0.8,0.499996,0.00211979,0.794949,3.88553e-06,-0.00211979,0.00505077,0.00547757
0.5,0,0.8,0.494144,-0.0404363,0.78573,0.00585594,0.0404363,0.0142702,0.0432784
