timestamp_ns,q0,q1,q2,q3,q4,q5,q_ref0,q_ref1,q_ref2,q_ref3,q_ref4,q_ref5,qd0,qd1,qd2,qd3,qd4,qd5,tau0,tau1,tau2,tau3,tau4,tau5,tcp_x,tcp_y,tcp_z,tcp_roll,tcp_pitch,tcp_yaw,goal_x,goal_y,goal_z,goal_roll,goal_pitch,goal_yaw,ctrl_mode
3477954314420,0.268546,-0.315601,1.851726,-3.198377,-37.729021,-6.237472,0.268545,-0.315601,1.851726,-3.198375,-37.729023,-6.237471,-0.000000,-0.000000,0.000000,-0.000000,0.002848,0.000000,-0.099466,-7.945555,-23.451496,-6.056984,2.879248,-0.001711,-0.537235,0.038548,0.751220,-1.159815,1.558756,2.248599,-0.537235,0.088548,0.701220,-1.159793,1.558759,2.248622,5
3477955312284,0.268547,-0.315601,1.851726,-3.198378,-37.729022,-6.237470,0.268545,-0.315601,1.851725,-3.198374,-37.729024,-6.237471,-0.000000,-0.000000,0.000000,-0.000000,-0.000000,0.000000,-0.113521,-7.948945,-23.465184,-6.059042,2.882546,-0.001707,-0.537235,0.038547,0.751220,-1.159856,1.558758,2.248560,-0.537235,0.088548,0.701220,-1.159793,1.558759,2.248622,5
3477956312349,0.268549,-0.315601,1.851727,-3.198376,-37.729022,-6.237472,0.268544,-0.315601,1.851724,-3.198374,-37.729025,-6.237472,0.003169,-0.000000,0.000000,0.003797,-0.000000,0.000000,-0.383555,-7.972259,-23.493438,-6.068612,2.884182,-0.001830,-0.537235,0.038547,0.751219,-1.159825,1.558758,2.248593,-0.537235,0.088548,0.701220,-1.159793,1.558759,2.248622,5
3477957284055,0.268548,-0.315602,1.851727,-3.198378,-37.729021,-6.237472,0.268544,-0.315601,1.851724,-3.198372,-37.729025,-6.237473,-0.000000,-0.000000,0.000000,-0.002848,-0.000000,0.000000,-0.142060,-7.932286,-23.464834,-6.053034,2.881377,-0.001604,-0.537234,0.038547,0.751220,-1.159786,1.558755,2.248630,-0.537235,0.088548,0.701220,-1.159793,1.558759,2.248622,5
3477958283253,0.268546,-0.315602,1.851728,-3.198376,-37.729018,-6.237471,0.268543,-0.315601,1.851723,-3.198371,-37.729026,-6.237474,-0.000000,-0.000000,0.000000,0.002848,0.002848,0.000000,-0.155793,-7.943288,-23.492684,-6.066028,2.883534,-0.001782,-0.537234,0.038548,0.751220,-1.159505,1.558758,2.248911,-0.537235,0.088548,0.701220,-1.159793,1.558759,2.248622,5
3477959283817,0.268546,-0.315600,1.851727,-3.198378,-37.729020,-6.237471,0.268543,-0.315601,1.851722,-3.198370,-37.729027,-6.237475,-0.000000,0.002377,0.000000,-0.002848,-0.000000,0.000000,-0.179107,-8.385058,-23.587125,-6.077785,2.901029,-0.001602,-0.537235,0.038548,0.751220,-1.159864,1.558757,2.248551,-0.537235,0.088548,0.701220,-1.159793,1.558759,2.248622,5
3477960284440,0.268547,-0.315600,1.851727,-3.198377,-37.729022,-6.237471,0.268542,-0.315600,1.851720,-3.198368,-37.729029,-6.237477,-0.000000,-0.000000,0.000000,-0.000000,-0.000000,0.000000,-0.187665,-7.938950,-23.502180,-6.062110,2.885588,-0.001679,-0.537235,0.038547,0.751219,-1.159977,1.558758,2.248439,-0.537235,0.088548,0.701220,-1.159793,1.558759,2.248622,5
3477961285811,0.268549,-0.315601,1.851728,-3.198379,-37.729023,-6.237472,0.268541,-0.315600,1.851719,-3.198366,-37.729030,-6.237478,-0.000000,-0.000000,0.000000,-0.000000,-0.000000,0.000000,-0.205506,-7.935080,-23.510112,-6.062769,2.886242,-0.001671,-0.537235,0.038546,0.751219,-1.160143,1.558756,2.248274,-0.537235,0.088548,0.701220,-1.159793,1.558759,2.248622,5
3477962285691,0.268546,-0.315601,1.851728,-3.198376,-37.729022,-6.237471,0.268540,-0.315600,1.851718,-3.198364,-37.729032,-6.237480,-0.002377,-0.000000,0.000000,0.003797,-0.000000,0.000000,-0.029290,-7.934150,-23.534461,-6.073075,2.891200,-0.001785,-0.537235,0.038548,0.751218,-1.159914,1.558760,2.248501,-0.537235,0.088548,0.701220,-1.159793,1.558759,2.248622,5
3477963313992,0.268548,-0.315602,1.851726,-3.198377,-37.729023,-6.237472,0.268539,-0.315599,1.851716,-3.198362,-37.729033,-6.237482,-0.000000,-0.000000,0.000000,-0.000000,-0.000000,0.000000,-0.239775,-7.926133,-23.525620,-6.064042,2.887477,-0.001658,-0.537234,0.038547,0.751220,-1.159839,1.558756,2.248578,-0.537235,0.088548,0.701220,-1.159793,1.558759,2.248622,5
3477964292085,0.268546,-0.315601,1.851726,-3.198377,-37.729021,-6.237471,0.268537,-0.315599,1.851714,-3.198359,-37.729035,-6.237484,-0.000000,-0.000000,0.000000,0.002848,-0.000000,0.000000,-0.256880,-7.935653,-23.548801,-6.071996,2.890529,-0.001744,-0.537235,0.038548,0.751220,-1.159753,1.558758,2.248663,-0.537235,0.088548,0.701220,-1.159793,1.558759,2.248622,5
3477965312428,0.268546,-0.315598,1.851726,-3.198377,-37.729020,-6.237472,0.268536,-0.315599,1.851712,-3.198357,-37.729038,-6.237487,-0.000000,0.002377,0.000000,-0.000000,-0.000000,0.000000,-0.284028,-8.380821,-23.651318,-6.089368,2.907549,-0.001653,-0.537236,0.038547,0.751220,-1.159864,1.558757,2.248551,-0.537235,0.088548,0.701220,-1.159793,1.558759,2.248622,5
3477966283205,0.268547,-0.315602,1.851727,-3.198376,-37.729020,-6.237472,0.268534,-0.315598,1.851710,-3.198353,-37.729040,-6.237490,-0.000000,-0.003962,0.000000,0.002848,-0.000000,0.000000,-0.282700,-7.171943,-23.389256,-6.034842,2.861630,-0.001713,-0.537234,0.038547,0.751220,-1.159620,1.558757,2.248796,-0.537235,0.088548,0.701220,-1.159793,1.558759,2.248622,5
3477967314452,0.268546,-0.315601,1.851727,-3.198376,-37.729019,-6.237472,0.268532,-0.315598,1.851707,-3.198350,-37.729042,-6.237493,-0.000000,-0.000000,0.002377,-0.000000,-0.000000,0.000000,-0.316249,-7.987090,-23.661168,-6.090682,2.906849,-0.001638,-0.537235,0.038548,0.751220,-1.159608,1.558757,2.248806,-0.537235,0.088548,0.701220,-1.159793,1.558759,2.248622,5
3477968311941,0.268546,-0.315601,1.851726,-3.198378,-37.729020,-6.237472,0.268531,-0.315597,1.851705,-3.198346,-37.729045,-6.237496,-0.000000,-0.000000,0.000000,-0.002848,-0.000000,0.000000,-0.336599,-7.903119,-23.558338,-6.061635,2.889453,-0.001528,-0.537235,0.038548,0.751221,-1.159654,1.558754,2.248761,-0.537235,0.088548,0.701220,-1.159793,1.558759,2.248622,5
3477969283547,0.268547,-0.315600,1.851726,-3.198379,-37.729020,-6.237471,0.268529,-0.315597,1.851702,-3.198342,-37.729048,-6.237499,-0.000000,-0.000000,0.000000,-0.000000,-0.000000,0.000000,-0.358676,-7.912330,-23.582813,-6.069768,2.892654,-0.001612,-0.537235,0.038547,0.751221,-1.159775,1.558755,2.248642,-0.537235,0.088548,0.701220,-1.159793,1.558759,2.248622,5
3477970312081,0.268546,-0.315601,1.851726,-3.198376,-37.729021,-6.237471,0.268526,-0.315596,1.851699,-3.198338,-37.729052,-6.237503,-0.000000,-0.000000,0.000000,-0.000000,-0.000000,0.000000,-0.380072,-7.907605,-23.593019,-6.070881,2.893596,-0.001604,-0.537235,0.038548,0.751220,-1.159661,1.558759,2.248755,-0.537235,0.088548,0.701220,-1.159793,1.558759,2.248622,5
3477971315420,0.268547,-0.315601,1.851727,-3.198377,-37.729023,-6.237472,0.268524,-0.315596,1.851695,-3.198333,-37.729055,-6.237507,-0.000000,-0.000000,0.000000,-0.000000,-0.000000,0.000000,-0.403377,-7.903209,-23.603960,-6.072078,2.894641,-0.001595,-0.537235,0.038547,0.751219,-1.159928,1.558758,2.248488,-0.537235,0.088548,0.701220,-1.159793,1.558759,2.248622,5
3477972283634,0.268546,-0.315600,1.851728,-3.198377,-37.729018,-6.237471,0.268521,-0.315595,1.851692,-3.198328,-37.729059,-6.237512,-0.000000,-0.000000,0.000000,-0.000000,-0.000000,0.000000,-0.425477,-7.902938,-23.615765,-6.073463,2.895802,-0.001586,-0.537235,0.038548,0.751219,-1.159717,1.558758,2.248697,-0.537235,0.088548,0.701220,-1.159793,1.558759,2.248622,5
3477973282989,0.268547,-0.315601,1.851727,-3.198377,-37.729022,-6.237472,0.268519,-0.315594,1.851688,-3.198323,-37.729063,-6.237516,-0.000000,-0.000000,0.000000,-0.000000,-0.003797,0.000000,-0.450262,-7.905071,-23.635948,-6.076718,2.900521,-0.001579,-0.537235,0.038547,0.751219,-1.159948,1.558757,2.248468,-0.537235,0.088548,0.701220,-1.159793,1.558759,2.248622,5
3477974283213,0.268547,-0.315601,1.851727,-3.198377,-37.729021,-6.237470,0.268516,-0.315594,1.851683,-3.198317,-37.729068,-6.237521,-0.000000,-0.000000,0.000000,-0.000000,-0.000000,0.002848,-0.475210,-7.892604,-23.637427,-6.075785,2.897793,-0.001613,-0.537235,0.038547,0.751220,-1.159721,1.558759,2.248695,-0.537235,0.088548,0.701220,-1.159793,1.558759,2.248622,5
3477975330739,0.268547,-0.315601,1.851726,-3.198375,-37.729023,-6.237470,0.268512,-0.315593,1.851679,-3.198311,-37.729072,-6.237527,-0.000000,-0.000000,0.000000,0.002848,-0.000000,0.000000,-0.500375,-7.899405,-23.662683,-6.083990,2.901066,-0.001651,-0.537235,0.038547,0.751219,-1.159742,1.558761,2.248674,-0.537235,0.088548,0.701220,-1.159793,1.558759,2.248622,5
3477976313926,0.268546,-0.315600,1.851726,-3.198376,-37.729021,-6.237471,0.268509,-0.315592,1.851674,-3.198304,-37.729077,-6.237532,-0.000000,-0.000000,0.000000,-0.000000,-0.000000,0.000000,-0.525675,-7.887768,-23.661221,-6.078438,2.900097,-0.001548,-0.537235,0.038548,0.751220,-1.159721,1.558759,2.248694,-0.537235,0.088548,0.701220,-1.159793,1.558759,2.248622,5
3477977284437,0.268546,-0.315600,1.851726,-3.198377,-37.729022,-6.237472,0.268506,-0.315591,1.851669,-3.198297,-37.729083,-6.237538,-0.000000,-0.000000,0.000000,-0.000000,-0.000000,0.000000,-0.552162,-7.883907,-23.673464,-6.079824,2.901287,-0.001537,-0.537235,0.038548,0.751220,-1.159856,1.558758,2.248559,-0.537235,0.088548,0.701220,-1.159793,1.558759,2.248622,5
3477978283708,0.268549,-0.315601,1.851727,-3.198380,-37.729023,-6.237472,0.268502,-0.315590,1.851664,-3.198290,-37.729088,-6.237545,0.003169,-0.000000,0.000000,-0.002848,-0.000000,0.000000,-0.836429,-7.882296,-23.675212,-6.073962,2.898519,-0.001439,-0.537235,0.038547,0.751220,-1.160054,1.558754,2.248364,-0.537235,0.088548,0.701220,-1.159793,1.558759,2.248622,5
3477979313196,0.268548,-0.315601,1.851726,-3.198377,-37.729022,-6.237472,0.268498,-0.315589,1.851658,-3.198282,-37.729094,-6.237552,-0.000000,-0.000000,0.000000,0.002848,-0.000000,0.000000,-0.608234,-7.882224,-23.711786,-6.089541,2.905790,-0.001608,-0.537235,0.038547,0.751221,-1.159798,1.558755,2.248619,-0.537235,0.088548,0.701220,-1.159793,1.558759,2.248622,5
3477980312284,0.268546,-0.315600,1.851725,-3.198378,-37.729019,-6.237472,0.268494,-0.315588,1.851652,-3.198273,-37.729100,-6.237559,-0.000000,-0.000000,-0.003169,-0.000000,-0.000000,0.000000,-0.633313,-7.776811,-23.580497,-6.053664,2.883624,-0.001493,-0.537235,0.038548,0.751221,-1.159642,1.558754,2.248772,-0.537235,0.088548,0.701220,-1.159793,1.558759,2.248622,5
3477981312804,0.268546,-0.315601,1.851726,-3.198379,-37.729022,-6.237472,0.268489,-0.315587,1.851646,-3.198265,-37.729107,-6.237567,-0.000000,-0.000000,0.000000,-0.000000,-0.002848,0.000000,-0.664227,-7.869975,-23.731640,-6.087292,2.909043,-0.001494,-0.537235,0.038548,0.751221,-1.159830,1.558754,2.248586,-0.537235,0.088548,0.701220,-1.159793,1.558759,2.248622,5
3477982283477,0.268546,-0.315602,1.851726,-3.198377,-37.729023,-6.237472,0.268484,-0.315586,1.851639,-3.198255,-37.729114,-6.237575,-0.000000,-0.000000,0.000000,-0.000000,-0.000000,-0.002848,-0.694235,-7.859038,-23.738242,-6.087331,2.907612,-0.001437,-0.537234,0.038548,0.751220,-1.159839,1.558756,2.248576,-0.537235,0.088548,0.701220,-1.159793,1.558759,2.248622,5
3477983311959,0.268546,-0.315601,1.851727,-3.198377,-37.729023,-6.237473,0.268479,-0.315585,1.851632,-3.198246,-37.729122,-6.237583,-0.000000,-0.000000,0.000000,-0.000000,-0.000000,0.000000,-0.724020,-7.856444,-23.752863,-6.089211,2.909122,-0.001470,-0.537235,0.038548,0.751219,-1.159991,1.558756,2.248423,-0.537235,0.088548,0.701220,-1.159793,1.558759,2.248622,5
3477984283362,0.268546,-0.315601,1.851726,-3.198377,-37.729020,-6.237470,0.268474,-0.315583,1.851625,-3.198235,-37.729129,-6.237592,-0.000000,-0.000000,0.000000,-0.000000,-0.000000,0.003797,-0.755705,-7.851523,-23.766373,-6.090828,2.910408,-0.001519,-0.537235,0.038548,0.751221,-1.159528,1.558758,2.248887,-0.537235,0.088548,0.701220,-1.159793,1.558759,2.248622,5
3477985283418,0.268546,-0.315600,1.851725,-3.198380,-37.729020,-6.237471,0.268469,-0.315582,1.851617,-3.198225,-37.729138,-6.237601,-0.000000,-0.000000,0.000000,-0.000000,0.002848,0.000000,-0.787771,-7.844269,-23.773892,-6.090901,2.909093,-0.001444,-0.537235,0.038548,0.751221,-1.159746,1.558754,2.248670,-0.537235,0.088548,0.701220,-1.159793,1.558759,2.248622,5
3477986283187,0.268546,-0.315601,1.851726,-3.198377,-37.729022,-6.237472,0.268463,-0.315580,1.851609,-3.198213,-37.729146,-6.237611,-0.000000,-0.000000,0.000000,-0.000000,-0.000000,0.000000,-0.819801,-7.842680,-23.796055,-6.094446,2.913431,-0.001433,-0.537235,0.038548,0.751220,-1.159796,1.558757,2.248619,-0.537235,0.088548,0.701220,-1.159793,1.558759,2.248622,5
3477987283301,0.268546,-0.315601,1.851726,-3.198377,-37.729021,-6.237471,0.268457,-0.315579,1.851600,-3.198201,-37.729155,-6.237622,-0.000000,-0.000000,0.000000,-0.000000,-0.000000,0.000000,-0.852240,-7.839458,-23.811418,-6.096362,2.915007,-0.001421,-0.537235,0.038548,0.751220,-1.159784,1.558757,2.248631,-0.537235,0.088548,0.701220,-1.159793,1.558759,2.248622,5
3477988307645,0.268546,-0.315601,1.851725,-3.198377,-37.729022,-6.237471,0.268451,-0.315577,1.851591,-3.198189,-37.729164,-6.237632,-0.000000,-0.000000,0.000000,-0.000000,-0.000000,0.000000,-0.886560,-7.832750,-23.825857,-6.098074,2.916415,-0.001408,-0.537235,0.038548,0.751221,-1.159644,1.558757,2.248772,-0.537235,0.088548,0.701220,-1.159793,1.558759,2.248622,5
3477989318671,0.268548,-0.315601,1.851726,-3.198378,-37.729021,-6.237471,0.268444,-0.315576,1.851582,-3.198176,-37.729174,-6.237643,-0.000000,-0.000000,0.000000,-0.000000,-0.000000,0.000000,-0.922235,-7.828122,-23.841749,-6.100058,2.918032,-0.001394,-0.537235,0.038547,0.751221,-1.159695,1.558756,2.248722,-0.537235,0.088548,0.701220,-1.159793,1.558759,2.248622,5
3477990313934,0.268547,-0.315601,1.851727,-3.198378,-37.729020,-6.237470,0.268437,-0.315574,1.851572,-3.198163,-37.729184,-6.237655,-0.000000,-0.000000,0.000000,-0.000000,-0.000000,0.000000,-0.956701,-7.825148,-23.858683,-6.102292,2.919827,-0.001380,-0.537235,0.038547,0.751220,-1.159772,1.558757,2.248644,-0.537235,0.088548,0.701220,-1.159793,1.558759,2.248622,5
3477991315076,0.268546,-0.315601,1.851726,-3.198376,-37.729020,-6.237472,0.268430,-0.315572,1.851562,-3.198149,-37.729195,-6.237667,-0.000000,-0.000000,0.000000,0.002848,0.002848,0.000000,-0.992015,-7.821997,-23.880562,-6.109521,2.920707,-0.001458,-0.537235,0.038548,0.751221,-1.159560,1.558757,2.248856,-0.537235,0.088548,0.701220,-1.159793,1.558759,2.248622,5
3477992283235,0.268547,-0.315601,1.851725,-3.198376,-37.729023,-6.237472,0.268422,-0.315570,1.851551,-3.198134,-37.729206,-6.237680,-0.000000,-0.003169,0.000000,-0.000000,-0.000000,-0.002848,-1.018145,-7.208863,-23.748306,-6.075084,2.898662,-0.001295,-0.537235,0.038547,0.751221,-1.159747,1.558757,2.248669,-0.537235,0.088548,0.701220,-1.159793,1.558759,2.248622,5
3477993312266,0.268546,-0.315601,1.851725,-3.198377,-37.729022,-6.237471,0.268415,-0.315568,1.851540,-3.198119,-37.729218,-6.237693,-0.000000,-0.000000,0.000000,-0.000000,-0.000000,0.000000,-1.064670,-7.807565,-23.907086,-6.108359,2.924756,-0.001338,-0.537235,0.038548,0.751221,-1.159644,1.558757,2.248771,-0.537235,0.088548,0.701220,-1.159793,1.558759,2.248622,5
3477994283583,0.268547,-0.315601,1.851726,-3.198379,-37.729023,-6.237472,0.268407,-0.315566,1.851529,-3.198103,-37.729230,-6.237707,-0.000000,-0.000000,0.000000,-0.000000,-0.000000,0.000000,-1.103776,-7.804056,-23.924800,-6.110648,2.926622,-0.001323,-0.537235,0.038547,0.751220,-1.159962,1.558755,2.248454,-0.537235,0.088548,0.701220,-1.159793,1.558759,2.248622,5
3477995283449,0.268548,-0.315601,1.851722,-3.198377,-37.729020,-6.237472,0.268398,-0.315564,1.851517,-3.198086,-37.729242,-6.237722,-0.000000,-0.000000,0.000000,0.002848,-0.000000,0.000000,-1.142800,-7.805537,-23.954289,-6.119498,2.930303,-0.001400,-0.537235,0.038547,0.751223,-1.159381,1.558754,2.249036,-0.537235,0.088548,0.701220,-1.159793,1.558759,2.248622,5
3477996312817,0.268546,-0.315601,1.851724,-3.198377,-37.729022,-6.237471,0.268389,-0.315562,1.851505,-3.198069,-37.729255,-6.237736,-0.000000,-0.000000,0.000000,-0.000000,-0.000000,0.000000,-1.180796,-7.792742,-23.959352,-6.115086,2.930179,-0.001293,-0.537235,0.038548,0.751221,-1.159675,1.558757,2.248740,-0.537235,0.088548,0.701220,-1.159793,1.558759,2.248622,5
3477997312417,0.268547,-0.315601,1.851723,-3.198378,-37.729022,-6.237472,0.268380,-0.315560,1.851492,-3.198051,-37.729269,-6.237752,-0.000000,-0.000000,0.000000,-0.000000,-0.000000,0.000000,-1.221275,-7.785405,-23.976651,-6.117254,2.931933,-0.001277,-0.537235,0.038547,0.751222,-1.159649,1.558753,2.248767,-0.537235,0.088548,0.701220,-1.159793,1.558759,2.248622,5
3477998312237,0.268546,-0.315601,1.851724,-3.198377,-37.729023,-6.237468,0.268371,-0.315557,1.851478,-3.198033,-37.729283,-6.237768,-0.000000,-0.000000,0.000000,-0.000000,-0.000000,0.004746,-1.261236,-7.781561,-23.995722,-6.119911,2.933986,-0.001337,-0.537235,0.038548,0.751221,-1.159653,1.558760,2.248763,-0.537235,0.088548,0.701220,-1.159793,1.558759,2.248622,5
3477999283535,0.268545,-0.315600,1.851723,-3.198377,-37.729023,-6.237472,0.268361,-0.315555,1.851465,-3.198014,-37.729297,-6.237785,-0.002377,0.002377,0.000000,-0.000000,-0.000000,0.000000,-1.117863,-8.219426,-24.118579,-6.145829,2.955566,-0.001252,-0.537235,0.038549,0.751221,-1.159747,1.558757,2.248666,-0.537235,0.088548,0.701220,-1.159793,1.558759,2.248622,5
3478000283480,0.268546,-0.315600,1.851722,-3.198377,-37.729024,-6.237471,0.268351,-0.315552,1.851450,-3.197994,-37.729312,-6.237802,-0.000000,-0.000000,0.000000,-0.000000,-0.000000,0.000000,-1.344488,-7.771122,-24.033032,-6.124728,2.937897,-0.001230,-0.537235,0.038548,0.751221,-1.159728,1.558758,2.248688,-0.537235,0.088548,0.701220,-1.159793,1.558759,2.248622,5
3478001283824,0.268546,-0.315601,1.851723,-3.198377,-37.729020,-6.237472,0.268341,-0.315550,1.851435,-3.197973,-37.729328,-6.237820,-0.000000,-0.000000,0.000000,-0.000000,0.003797,0.000000,-1.386903,-7.756493,-24.042541,-6.125085,2.936133,-0.001211,-0.537235,0.038548,0.751222,-1.159470,1.558756,2.248944,-0.537235,0.088548,0.701220,-1.159793,1.558759,2.248622,5
3478002283394,0.268545,-0.315601,1.851726,-3.198379,-37.729020,-6.237469,0.268330,-0.315547,1.851420,-3.197952,-37.729344,-6.237838,-0.000000,-0.000000,0.000000,-0.000000,-0.000000,0.000000,-1.429256,-7.758366,-24.072497,-6.130001,2.942084,-0.001196,-0.537235,0.038549,0.751221,-1.159651,1.558756,2.248763,-0.537235,0.088548,0.701220,-1.159793,1.558759,2.248622,5
3478003283389,0.268546,-0.315601,1.851726,-3.198379,-37.729023,-6.237471,0.268319,-0.315544,1.851404,-3.197930,-37.729361,-6.237857,-0.000000,-0.000000,0.000000,-0.000000,-0.002848,0.000000,-1.473649,-7.756287,-24.099245,-6.134206,2.946956,-0.001179,-0.537235,0.038548,0.751221,-1.159870,1.558756,2.248544,-0.537235,0.088548,0.701220,-1.159793,1.558759,2.248622,5
3478004313494,0.268545,-0.315601,1.851723,-3.198378,-37.729022,-6.237472,0.268307,-0.315541,1.851388,-3.197908,-37.729378,-6.237877,-0.000000,-0.000000,-0.002377,-0.000000,-0.000000,0.000000,-1.516961,-7.674438,-24.013388,-6.112265,2.930180,-0.001152,-0.537235,0.038549,0.751222,-1.159678,1.558755,2.248736,-0.537235,0.088548,0.701220,-1.159793,1.558759,2.248622,5
3478005283700,0.268548,-0.315601,1.851722,-3.198378,-37.729020,-6.237472,0.268295,-0.315538,1.851371,-3.197884,-37.729396,-6.237897,0.003169,-0.000000,0.000000,-0.000000,-0.000000,0.000000,-1.821391,-7.753288,-24.134788,-6.137532,2.946487,-0.001148,-0.537235,0.038547,0.751223,-1.159504,1.558753,2.248913,-0.537235,0.088548,0.701220,-1.159793,1.558759,2.248622,5
3478006283301,0.268546,-0.315601,1.851722,-3.198377,-37.729022,-6.237470,0.268283,-0.315535,1.851354,-3.197860,-37.729414,-6.237918,-0.000000,-0.000000,0.000000,-0.000000,-0.000000,0.002848,-1.611102,-7.731114,-24.152165,-6.140595,2.950448,-0.001171,-0.537235,0.038548,0.751223,-1.159462,1.558757,2.248953,-0.537235,0.088548,0.701220,-1.159793,1.558759,2.248622,5
3478007315175,0.268546,-0.315601,1.851722,-3.198377,-37.729022,-6.237469,0.268270,-0.315532,1.851336,-3.197835,-37.729433,-6.237940,-0.000000,-0.000000,0.000000,-0.000000,-0.000000,0.000000,-1.657428,-7.725928,-24.173247,-6.143395,2.952705,-0.001108,-0.537235,0.038548,0.751223,-1.159431,1.558757,2.248984,-0.537235,0.088548,0.701220,-1.159793,1.558759,2.248622,5
3478008313270,0.268547,-0.315602,1.851723,-3.198377,-37.729021,-6.237472,0.268257,-0.315529,1.851317,-3.197810,-37.729452,-6.237962,-0.000000,-0.000000,0.000000,-0.000000,-0.000000,0.000000,-1.706320,-7.716837,-24.194604,-6.146303,2.954962,-0.001089,-0.537234,0.038547,0.751223,-1.159422,1.558755,2.248994,-0.537235,0.088548,0.701220,-1.159793,1.558759,2.248622,5
3478009327117,0.268546,-0.315600,1.851722,-3.198377,-37.729023,-6.237471,0.268244,-0.315525,1.851298,-3.197783,-37.729472,-6.237985,-0.000000,0.002377,0.000000,-0.000000,-0.000000,0.000000,-1.761518,-8.167316,-24.323196,-6.172643,2.975649,-0.001079,-0.537235,0.038548,0.751222,-1.159626,1.558756,2.248788,-0.537235,0.088548,0.701220,-1.159793,1.558759,2.248622,5
3478010284052,0.268545,-0.315600,1.851721,-3.198377,-37.729020,-6.237471,0.268230,-0.315522,1.851278,-3.197756,-37.729493,-6.238008,-0.002377,-0.000000,0.000000,-0.000000,-0.000000,0.000000,-1.610564,-7.696544,-24.235950,-6.152420,2.960991,-0.001047,-0.537235,0.038548,0.751223,-1.159350,1.558755,2.249064,-0.537235,0.088548,0.701220,-1.159793,1.558759,2.248622,5
3478011313126,0.268546,-0.315601,1.851721,-3.198378,-37.729021,-6.237471,0.268216,-0.315518,1.851258,-3.197728,-37.729514,-6.238033,-0.000000,-0.000000,0.000000,-0.000000,-0.000000,0.000000,-1.852415,-7.698876,-24.260218,-6.155172,2.961989,-0.001031,-0.537235,0.038548,0.751224,-1.159393,1.558754,2.249022,-0.537235,0.088548,0.701220,-1.159793,1.558759,2.248622,5
3478012312437,0.268546,-0.315602,1.851722,-3.198380,-37.729018,-6.237471,0.268201,-0.315514,1.851237,-3.197699,-37.729536,-6.238058,-0.000000,-0.000000,0.000000,-0.004746,0.003797,0.000000,-1.904062,-7.666192,-24.249876,-6.144372,2.956950,-0.000856,-0.537234,0.038548,0.751225,-1.159179,1.558751,2.249237,-0.537235,0.088548,0.701220,-1.159793,1.558759,2.248622,5
3478013283561,0.268546,-0.315602,1.851721,-3.198378,-37.729023,-6.237471,0.268186,-0.315511,1.851216,-3.197669,-37.729558,-6.238083,-0.000000,-0.002377,0.000000,-0.002848,-0.000000,0.000000,-1.946898,-7.219580,-24.184900,-6.130993,2.946346,-0.000890,-0.537234,0.038548,0.751224,-1.159416,1.558754,2.248999,-0.537235,0.088548,0.701220,-1.159793,1.558759,2.248622,5
3478014283384,0.268546,-0.315601,1.851719,-3.198376,-37.729022,-6.237470,0.268170,-0.315507,1.851194,-3.197639,-37.729581,-6.238110,-0.000000,-0.000000,0.000000,-0.000000,-0.000000,0.000000,-2.006290,-7.677461,-24.328541,-6.164546,2.969324,-0.000972,-0.537235,0.038548,0.751224,-1.159219,1.558757,2.249196,-0.537235,0.088548,0.701220,-1.159793,1.558759,2.248622,5
3478015312169,0.268543,-0.315601,1.851722,-3.198380,-37.729022,-6.237471,0.268154,-0.315503,1.851171,-3.197608,-37.729605,-6.238137,-0.002377,-0.000000,0.002377,-0.004746,-0.000000,0.000000,-1.867006,-7.715502,-24.425870,-6.179397,2.985735,-0.000802,-0.537235,0.038549,0.751223,-1.159588,1.558753,2.248824,-0.537235,0.088548,0.701220,-1.159793,1.558759,2.248622,5
3478016283053,0.268545,-0.315601,1.851720,-3.198379,-37.729020,-6.237470,0.268138,-0.315499,1.851148,-3.197576,-37.729630,-6.238165,-0.002377,-0.000000,0.000000,-0.002848,-0.000000,0.000000,-1.920576,-7.642995,-24.360060,-6.164317,2.973631,-0.000834,-0.537235,0.038549,0.751225,-1.159260,1.558753,2.249154,-0.537235,0.088548,0.701220,-1.159793,1.558759,2.248622,5
3478017283138,0.268544,-0.315599,1.851719,-3.198379,-37.729021,-6.237471,0.268121,-0.315494,1.851124,-3.197543,-37.729655,-6.238194,-0.000000,-0.000000,0.000000,-0.000000,-0.000000,0.000000,-2.165576,-7.658446,-24.400698,-6.174514,2.977166,-0.000908,-0.537235,0.038549,0.751224,-1.159424,1.558753,2.248989,-0.537235,0.088548,0.701220,-1.159793,1.558759,2.248622,5
3478018290715,0.268545,-0.315602,1.851718,-3.198379,-37.729021,-6.237472,0.268104,-0.315490,1.851100,-3.197509,-37.729680,-6.238223,-0.000000,-0.000000,-0.002377,-0.000000,-0.000000,0.000000,-2.219915,-7.573322,-24.324961,-6.154580,2.963468,-0.000878,-0.537234,0.038549,0.751227,-1.159094,1.558750,2.249320,-0.537235,0.088548,0.701220,-1.159793,1.558759,2.248622,5
3478019311675,0.268546,-0.315602,1.851719,-3.198377,-37.729021,-6.237472,0.268086,-0.315485,1.851075,-3.197474,-37.729707,-6.238253,-0.000000,-0.002377,0.000000,-0.000000,-0.000000,0.000000,-2.269431,-7.184293,-24.342238,-6.157790,2.964014,-0.000856,-0.537234,0.038548,0.751225,-1.159152,1.558753,2.249263,-0.537235,0.088548,0.701220,-1.159793,1.558759,2.248622,5
3478020284968,0.268545,-0.315601,1.851719,-3.198379,-37.729017,-6.237471,0.268068,-0.315481,1.851049,-3.197438,-37.729734,-6.238284,-0.000000,-0.000000,0.000000,-0.000000,0.003797,0.000000,-2.333742,-7.625265,-24.464858,-6.182552,2.981349,-0.000841,-0.537235,0.038549,0.751226,-1.159015,1.558751,2.249399,-0.537235,0.088548,0.701220,-1.159793,1.558759,2.248622,5
3478021312814,0.268544,-0.315601,1.851718,-3.198379,-37.729022,-6.237470,0.268050,-0.315476,1.851023,-3.197402,-37.729761,-6.238316,-0.000000,-0.000000,0.000000,-0.000000,-0.000000,0.000000,-2.389913,-7.624603,-24.499719,-6.188235,2.987870,-0.000821,-0.537235,0.038549,0.751225,-1.159284,1.558754,2.249129,-0.537235,0.088548,0.701220,-1.159793,1.558759,2.248622,5
3478022314223,0.268544,-0.315599,1.851720,-3.198379,-37.729021,-6.237470,0.268030,-0.315471,1.850996,-3.197364,-37.729790,-6.238349,-0.000000,-0.000000,0.000000,-0.000000,-0.000000,0.000000,-2.447946,-7.620283,-24.526877,-6.192155,2.990903,-0.000798,-0.537235,0.038549,0.751224,-1.159453,1.558754,2.248960,-0.537235,0.088548,0.701220,-1.159793,1.558759,2.248622,5
3478023312807,0.268545,-0.315600,1.851718,-3.198380,-37.729020,-6.237471,0.268011,-0.315466,1.850968,-3.197326,-37.729819,-6.238382,-0.000000,-0.000000,0.000000,-0.003797,-0.000000,0.000000,-2.507348,-7.597860,-24.533668,-6.186292,2.990682,-0.000652,-0.537235,0.038549,0.751226,-1.159263,1.558751,2.249151,-0.537235,0.088548,0.701220,-1.159793,1.558759,2.248622,5
3478024313646,0.268545,-0.315599,1.851718,-3.198379,-37.729020,-6.237471,0.267991,-0.315461,1.850939,-3.197287,-37.729849,-6.238416,-0.000000,0.003169,0.000000,-0.000000,-0.000000,0.000000,-2.577459,-8.207586,-24.720487,-6.230412,3.020836,-0.000765,-0.537235,0.038548,0.751225,-1.159231,1.558752,2.249182,-0.537235,0.088548,0.701220,-1.159793,1.558759,2.248622,5
3478025316718,0.268546,-0.315600,1.851718,-3.198377,-37.729020,-6.237471,0.267970,-0.315456,1.850910,-3.197246,-37.729879,-6.238451,-0.000000,-0.000000,0.000000,-0.000000,-0.000000,0.000000,-2.627612,-7.594182,-24.605338,-6.203134,2.999408,-0.000729,-0.537235,0.038548,0.751225,-1.159169,1.558754,2.249246,-0.537235,0.088548,0.701220,-1.159793,1.558759,2.248622,5
3478026327013,0.268545,-0.315601,1.851719,-3.198377,-37.729021,-6.237471,0.267949,-0.315451,1.850881,-3.197205,-37.729910,-6.238487,-0.000000,-0.000000,0.000000,-0.000000,-0.000000,0.000000,-2.687937,-7.584595,-24.632442,-6.206968,3.002384,-0.000706,-0.537235,0.038549,0.751225,-1.159241,1.558754,2.249173,-0.537235,0.088548,0.701220,-1.159793,1.558759,2.248622,5
3478027315357,0.268546,-0.315599,1.851716,-3.198377,-37.729020,-6.237471,0.267928,-0.315446,1.850850,-3.197163,-37.729942,-6.238523,-0.000000,-0.000000,-0.003169,-0.000000,-0.000000,0.000000,-2.748814,-7.483736,-24.528342,-6.180189,2.983950,-0.000670,-0.537235,0.038548,0.751226,-1.159048,1.558753,2.249367,-0.537235,0.088548,0.701220,-1.159793,1.558759,2.248622,5
3478028312617,0.268544,-0.315600,1.851716,-3.198380,-37.729021,-6.237472,0.267906,-0.315440,1.850819,-3.197120,-37.729975,-6.238561,-0.000000,-0.000000,0.000000,-0.002848,-0.000000,0.000000,-2.811629,-7.558945,-24.672850,-6.207534,3.006106,-0.000564,-0.537235,0.038549,0.751227,-1.159185,1.558750,2.249227,-0.537235,0.088548,0.701220,-1.159793,1.558759,2.248622,5
3478029283496,0.268545,-0.315601,1.851717,-3.198377,-37.729022,-6.237470,0.267884,-0.315434,1.850787,-3.197076,-37.730009,-6.238599,-0.000000,-0.000000,0.000000,0.002848,-0.000000,0.000000,-2.875366,-7.566311,-24.728145,-6.225429,3.013481,-0.000725,-0.537234,0.038549,0.751226,-1.159040,1.558754,2.249374,-0.537235,0.088548,0.701220,-1.159793,1.558759,2.248622,5
3478030283559,0.268544,-0.315600,1.851716,-3.198377,-37.729022,-6.237471,0.267861,-0.315429,1.850755,-3.197031,-37.730043,-6.238638,-0.000000,-0.000000,0.000000,-0.000000,-0.003797,0.000000,-2.938480,-7.558500,-24.752877,-6.224786,3.018272,-0.000610,-0.537235,0.038549,0.751226,-1.159100,1.558755,2.249313,-0.537235,0.088548,0.701220,-1.159793,1.558759,2.248622,5
3478031283016,0.268545,-0.315600,1.851714,-3.198379,-37.729018,-6.237472,0.267837,-0.315423,1.850721,-3.196985,-37.730078,-6.238678,-0.000000,-0.000000,-0.002377,-0.000000,0.003797,0.000000,-3.003556,-7.463318,-24.663063,-6.201351,2.997714,-0.000571,-0.537235,0.038549,0.751229,-1.158757,1.558749,2.249657,-0.537235,0.088548,0.701220,-1.159793,1.558759,2.248622,5
3478032283336,0.268544,-0.315601,1.851714,-3.198380,-37.729018,-6.237471,0.267813,-0.315417,1.850687,-3.196937,-37.730113,-6.238719,-0.000000,-0.000000,0.000000,-0.003797,-0.000000,0.000000,-3.069310,-7.518971,-24.781582,-6.221247,3.017775,-0.000433,-0.537235,0.038549,0.751229,-1.158757,1.558749,2.249656,-0.537235,0.088548,0.701220,-1.159793,1.558759,2.248622,5
3478033323426,0.268543,-0.315601,1.851714,-3.198378,-37.729022,-6.237471,0.267789,-0.315410,1.850653,-3.196889,-37.730150,-6.238761,-0.000000,-0.000000,0.000000,-0.000000,-0.003797,0.000000,-3.134508,-7.528296,-24.838689,-6.236882,3.027651,-0.000532,-0.537234,0.038550,0.751228,-1.158922,1.558752,2.249490,-0.537235,0.088548,0.701220,-1.159793,1.558759,2.248622,5
3478034311983,0.268544,-0.315600,1.851713,-3.198379,-37.729021,-6.237472,0.267764,-0.315404,1.850617,-3.196840,-37.730187,-6.238803,-0.000000,-0.000000,0.000000,-0.000000,-0.000000,0.000000,-3.202714,-7.514563,-24.858854,-6.238949,3.027182,-0.000504,-0.537235,0.038549,0.751229,-1.158944,1.558749,2.249469,-0.537235,0.088548,0.701220,-1.159793,1.558759,2.248622,5
3478035312607,0.268543,-0.315601,1.851714,-3.198378,-37.729021,-6.237473,0.267738,-0.315398,1.850581,-3.196790,-37.730225,-6.238847,-0.000000,-0.000000,0.000000,-0.000000,-0.000000,0.000000,-3.269946,-7.504104,-24.888957,-6.243284,3.030512,-0.000477,-0.537235,0.038549,0.751228,-1.158944,1.558749,2.249468,-0.537235,0.088548,0.701220,-1.159793,1.558759,2.248622,5
3478036316773,0.268543,-0.315602,1.851713,-3.198377,-37.729021,-6.237472,0.267712,-0.315391,1.850544,-3.196739,-37.730264,-6.238891,-0.000000,-0.000000,0.000000,-0.000000,-0.000000,0.000000,-3.337916,-7.491554,-24.918428,-6.247469,3.033722,-0.000451,-0.537234,0.038550,0.751229,-1.158637,1.558751,2.249774,-0.537235,0.088548,0.701220,-1.159793,1.558759,2.248622,5
3478037313893,0.268543,-0.315601,1.851714,-3.198377,-37.729020,-6.237472,0.267685,-0.315384,1.850506,-3.196687,-37.730303,-6.238937,-0.000000,-0.000000,0.000000,-0.000000,-0.000000,0.000000,-3.407427,-7.485526,-24.950206,-6.252116,3.037293,-0.000424,-0.537235,0.038550,0.751228,-1.158778,1.558751,2.249633,-0.537235,0.088548,0.701220,-1.159793,1.558759,2.248622,5
3478038283237,0.268543,-0.315601,1.851714,-3.198377,-37.729021,-6.237471,0.267658,-0.315378,1.850468,-3.196633,-37.730344,-6.238983,-0.000000,-0.000000,0.000000,-0.000000,-0.000000,0.000000,-3.477626,-7.474554,-24.980973,-6.256521,3.040687,-0.000397,-0.537234,0.038550,0.751228,-1.158727,1.558753,2.249685,-0.537235,0.088548,0.701220,-1.159793,1.558759,2.248622,5
3478039283918,0.268544,-0.315601,1.851711,-3.198378,-37.729019,-6.237471,0.267631,-0.315371,1.850429,-3.196579,-37.730385,-6.239030,-0.000000,-0.000000,-0.003169,-0.000000,-0.000000,0.000000,-3.548352,-7.369369,-24.880047,-6.230180,3.022580,-0.000357,-0.537234,0.038549,0.751231,-1.158404,1.558749,2.250009,-0.537235,0.088548,0.701220,-1.159793,1.558759,2.248622,5
3478040315000,0.268539,-0.315601,1.851714,-3.198379,-37.729020,-6.237472,0.267602,-0.315363,1.850389,-3.196524,-37.730427,-6.239079,-0.004754,-0.000000,0.003169,-0.000000,-0.000000,0.000000,-3.236655,-7.529983,-25.170616,-6.296540,3.071749,-0.000344,-0.537234,0.038552,0.751229,-1.158872,1.558748,2.249536,-0.537235,0.088548,0.701220,-1.159793,1.558759,2.248622,5
3478041313567,0.268541,-0.315601,1.851711,-3.198378,-37.729020,-6.237472,0.267574,-0.315356,1.850348,-3.196467,-37.730470,-6.239128,-0.000000,-0.002377,0.000000,-0.000000,-0.000000,0.000000,-3.683710,-6.991743,-24.968657,-6.246667,3.032817,-0.000303,-0.537234,0.038551,0.751231,-1.158600,1.558748,2.249810,-0.537235,0.088548,0.701220,-1.159793,1.558759,2.248622,5
3478042312458,0.268540,-0.315601,1.851711,-3.198377,-37.729020,-6.237471,0.267544,-0.315349,1.850306,-3.196409,-37.730514,-6.239178,-0.000000,-0.000000,0.000000,-0.000000,-0.000000,0.000000,-3.764482,-7.436464,-25.108023,-6.274794,3.054770,-0.000284,-0.537234,0.038551,0.751230,-1.158565,1.558751,2.249844,-0.537235,0.088548,0.701220,-1.159793,1.558759,2.248622,5
3478043313056,0.268542,-0.315600,1.851709,-3.198382,-37.729019,-6.237472,0.267514,-0.315341,1.850264,-3.196351,-37.730558,-6.239229,-0.000000,-0.000000,0.000000,-0.002848,-0.000000,0.000000,-3.839993,-7.417943,-25.126244,-6.272312,3.056098,-0.000162,-0.537235,0.038550,0.751232,-1.158561,1.558745,2.249849,-0.537235,0.088548,0.701220,-1.159793,1.558759,2.248622,5
3478044283412,0.268540,-0.315601,1.851711,-3.198377,-37.729020,-6.237471,0.267484,-0.315334,1.850221,-3.196291,-37.730604,-6.239281,-0.000000,-0.000000,0.000000,-0.000000,-0.000000,0.000000,-3.913578,-7.416236,-25.173618,-6.284274,3.062053,-0.000226,-0.537234,0.038551,0.751231,-1.158505,1.558750,2.249904,-0.537235,0.088548,0.701220,-1.159793,1.558759,2.248622,5
3478045283063,0.268539,-0.315600,1.851711,-3.198378,-37.729019,-6.237470,0.267453,-0.315326,1.850177,-3.196230,-37.730650,-6.239334,-0.000000,-0.000000,0.000000,-0.000000,-0.000000,0.000000,-3.988708,-7.407551,-25.207370,-6.289184,3.065830,-0.000196,-0.537235,0.038552,0.751231,-1.158493,1.558750,2.249915,-0.537235,0.088548,0.701220,-1.159793,1.558759,2.248622,5
3478046283280,0.268541,-0.315600,1.851710,-3.198377,-37.729019,-6.237470,0.267421,-0.315318,1.850132,-3.196168,-37.730697,-6.239388,-0.000000,-0.000000,0.000000,-0.000000,-0.000000,0.000000,-4.066510,-7.397166,-25.240919,-6.294047,3.069546,-0.000167,-0.537235,0.038551,0.751231,-1.158401,1.558751,2.250009,-0.537235,0.088548,0.701220,-1.159793,1.558759,2.248622,5
3478047338158,0.268539,-0.315601,1.851708,-3.198378,-37.729018,-6.237471,0.267389,-0.315310,1.850086,-3.196104,-37.730745,-6.239442,-0.000000,-0.000000,0.000000,-0.000000,0.002848,0.000000,-4.142187,-7.379167,-25.266783,-6.297138,3.070375,-0.000135,-0.537234,0.038552,0.751233,-1.158211,1.558748,2.250196,-0.537235,0.088548,0.701220,-1.159793,1.558759,2.248622,5
3478048314928,0.268539,-0.315599,1.851707,-3.198380,-37.729018,-6.237470,0.267356,-0.315301,1.850040,-3.196040,-37.730794,-6.239498,-0.000000,-0.000000,0.000000,-0.000000,-0.000000,0.000000,-4.220703,-7.377018,-25.308774,-6.303819,3.077086,-0.000105,-0.537235,0.038551,0.751233,-1.158303,1.558747,2.250105,-0.537235,0.088548,0.701220,-1.159793,1.558759,2.248622,5
3478049314120,0.268539,-0.315600,1.851707,-3.198377,-37.729017,-6.237472,0.267323,-0.315293,1.849992,-3.195975,-37.730843,-6.239555,-0.000000,-0.000000,0.000000,-0.000000,-0.000000,0.000000,-4.298955,-7.364982,-25.343416,-6.308916,3.080945,-0.000075,-0.537235,0.038552,0.751233,-1.158108,1.558748,2.250300,-0.537235,0.088548,0.701220,-1.159793,1.558759,2.248622,5
3478050283267,0.268537,-0.315601,1.851708,-3.198382,-37.729017,-6.237472,0.267289,-0.315284,1.849944,-3.195908,-37.730894,-6.239613,-0.000000,-0.000000,0.000000,-0.000000,-0.000000,-0.002848,-4.377381,-7.352756,-25.378289,-6.313865,3.084832,0.000003,-0.537234,0.038553,0.751234,-1.158297,1.558743,2.250109,-0.537235,0.088548,0.701220,-1.159793,1.558759,2.248622,5
3478051313952,0.268537,-0.315599,1.851709,-3.198380,-37.729015,-6.237470,0.267254,-0.315276,1.849895,-3.195840,-37.730945,-6.239672,-0.000000,-0.000000,0.000000,-0.002848,0.002848,0.000000,-4.458321,-7.330565,-25.394016,-6.310797,3.084005,0.000081,-0.537235,0.038553,0.751233,-1.158207,1.558747,2.250199,-0.537235,0.088548,0.701220,-1.159793,1.558759,2.248622,5
3478052313025,0.268536,-0.315602,1.851705,-3.198379,-37.729018,-6.237472,0.267219,-0.315267,1.849845,-3.195771,-37.730998,-6.239732,-0.000000,-0.003169,-0.003962,-0.000000,-0.002848,0.000000,-4.525592,-6.610289,-25.149341,-6.256364,3.044303,0.000045,-0.537233,0.038554,0.751236,-1.157913,1.558744,2.250492,-0.537235,0.088548,0.701220,-1.159793,1.558759,2.248622,5
3478053315849,0.268537,-0.315600,1.851707,-3.198380,-37.729018,-6.237471,0.267183,-0.315258,1.849794,-3.195701,-37.731051,-6.239793,-0.000000,-0.000000,0.000000,-0.000000,-0.000000,0.000000,-4.621374,-7.321317,-25.485756,-6.329646,3.096863,0.000052,-0.537235,0.038553,0.751234,-1.158214,1.558746,2.250192,-0.537235,0.088548,0.701220,-1.159793,1.558759,2.248622,5
3478054283302,0.268537,-0.315601,1.851706,-3.198377,-37.729016,-6.237472,0.267147,-0.315249,1.849743,-3.195629,-37.731105,-6.239855,0.002377,-0.000000,0.000000,0.002848,-0.000000,0.002848,-4.895622,-7.328524,-25.537774,-6.341719,3.101685,-0.000057,-0.537234,0.038553,0.751235,-1.157887,1.558746,2.250519,-0.537235,0.088548,0.701220,-1.159793,1.558759,2.248622,5
3478055314149,0.268537,-0.315600,1.851704,-3.198378,-37.729019,-6.237472,0.267110,-0.315239,1.849690,-3.195556,-37.731160,-6.239918,-0.000000,-0.000000,0.000000,-0.000000,-0.002848,0.000000,-4.787737,-7.303914,-25.565579,-6.341879,3.107780,0.000115,-0.537234,0.038553,0.751235,-1.158074,1.558746,2.250332,-0.537235,0.088548,0.701220,-1.159793,1.558759,2.248622,5
3478056313348,0.268537,-0.315601,1.851705,-3.198379,-37.729016,-6.237470,0.267072,-0.315230,1.849637,-3.195483,-37.731216,-6.239982,-0.000000,-0.000000,0.000000,-0.000000,-0.000000,0.000000,-4.872569,-7.285766,-25.595521,-6.345690,3.109108,0.000150,-0.537234,0.038553,0.751236,-1.157826,1.558746,2.250580,-0.537235,0.088548,0.701220,-1.159793,1.558759,2.248622,5
3478057313940,0.268535,-0.315600,1.851704,-3.198380,-37.729016,-6.237472,0.267034,-0.315220,1.849583,-3.195407,-37.731273,-6.240048,-0.000000,-0.000000,0.000000,0.002848,-0.000000,0.000000,-4.955982,-7.284873,-25.646808,-6.358156,3.115509,0.000091,-0.537234,0.038554,0.751236,-1.157921,1.558743,2.250483,-0.537235,0.088548,0.701220,-1.159793,1.558759,2.248622,5
3478058283124,0.268534,-0.315601,1.851705,-3.198377,-37.729016,-6.237472,0.266995,-0.315210,1.849528,-3.195331,-37.731331,-6.240114,-0.000000,-0.000000,0.002377,0.003797,-0.000000,0.000000,-5.042635,-7.346257,-25.787647,-6.389015,3.136520,0.000085,-0.537234,0.038555,0.751235,-1.157826,1.558746,2.250577,-0.537235,0.088548,0.701220,-1.159793,1.558759,2.248622,5
3478059283278,0.268532,-0.315599,1.851702,-3.198380,-37.729017,-6.237470,0.266956,-0.315200,1.849472,-3.195254,-37.731390,-6.240181,-0.000000,-0.000000,-0.003169,-0.002848,-0.000000,0.000000,-5.125814,-7.149248,-25.564145,-6.324838,3.098342,0.000354,-0.537235,0.038555,0.751237,-1.157809,1.558745,2.250592,-0.537235,0.088548,0.701220,-1.159793,1.558759,2.248622,5
3478060282966,0.268534,-0.315600,1.851705,-3.198381,-37.729015,-6.237472,0.266915,-0.315190,1.849415,-3.195175,-37.731450,-6.240250,-0.000000,-0.000000,0.003169,-0.000000,-0.000000,-0.002848,-5.217925,-7.335627,-25.879254,-6.398649,3.147646,0.000319,-0.537234,0.038554,0.751236,-1.157972,1.558741,2.250431,-0.537235,0.088548,0.701220,-1.159793,1.558759,2.248622,5
3478061283254,0.268534,-0.315599,1.851701,-3.198378,-37.729015,-6.237471,0.266875,-0.315180,1.849357,-3.195095,-37.731510,-6.240319,-0.000000,-0.000000,0.000000,0.003797,-0.000000,0.000000,-5.304913,-7.242014,-25.804484,-6.382992,3.133405,0.000196,-0.537235,0.038554,0.751237,-1.157573,1.558745,2.250829,-0.537235,0.088548,0.701220,-1.159793,1.558759,2.248622,5
3478062320025,0.268532,-0.315600,1.851703,-3.198379,-37.729016,-6.237472,0.266833,-0.315169,1.849298,-3.195013,-37.731572,-6.240390,-0.000000,-0.000000,0.000000,-0.000000,-0.000000,0.000000,-5.393131,-7.216529,-25.825857,-6.379596,3.135010,0.000354,-0.537234,0.038555,0.751237,-1.157769,1.558743,2.250632,-0.537235,0.088548,0.701220,-1.159793,1.558759,2.248622,5
3478063314151,0.268532,-0.315599,1.851701,-3.198383,-37.729016,-6.237471,0.266791,-0.315159,1.849239,-3.194931,-37.731635,-6.240462,-0.000000,-0.000000,0.000000,-0.003797,-0.000000,0.000000,-5.483487,-7.193054,-25.846835,-6.376028,3.136522,0.000513,-0.537235,0.038555,0.751238,-1.157803,1.558741,2.250598,-0.537235,0.088548,0.701220,-1.159793,1.558759,2.248622,5
3478064313060,0.268532,-0.315598,1.851703,-3.198381,-37.729016,-6.237471,0.266749,-0.315148,1.849178,-3.194847,-37.731698,-6.240534,-0.000000,-0.000000,0.000000,-0.000000,-0.000000,0.000000,-5.574517,-7.195439,-25.906299,-6.391510,3.144109,0.000426,-0.537235,0.038555,0.751236,-1.157921,1.558743,2.250481,-0.537235,0.088548,0.701220,-1.159793,1.558759,2.248622,5
3478065314853,0.268530,-0.315598,1.851698,-3.198380,-37.729015,-6.237471,0.266705,-0.315137,1.849117,-3.194762,-37.731763,-6.240608,-0.000000,-0.000000,0.000000,-0.000000,-0.000000,0.000000,-5.664473,-7.181707,-25.944770,-6.397063,3.148362,0.000461,-0.537235,0.038556,0.751239,-1.157456,1.558742,2.250943,-0.537235,0.088548,0.701220,-1.159793,1.558759,2.248622,5
3478066283448,0.268531,-0.315598,1.851698,-3.198381,-37.729015,-6.237471,0.266661,-0.315126,1.849054,-3.194675,-37.731828,-6.240683,-0.000000,-0.000000,0.000000,-0.000000,-0.000000,0.000000,-5.758466,-7.169422,-25.985538,-6.403084,3.152947,0.000498,-0.537235,0.038556,0.751240,-1.157487,1.558741,2.250913,-0.537235,0.088548,0.701220,-1.159793,1.558759,2.248622,5
3478067312844,0.268529,-0.315600,1.851696,-3.198379,-37.729014,-6.237470,0.266616,-0.315115,1.848991,-3.194587,-37.731895,-6.240760,-0.002377,-0.000000,0.000000,-0.000000,-0.000000,0.000000,-5.658620,-7.142670,-26.023040,-6.409124,3.158718,0.000537,-0.537234,0.038557,0.751241,-1.157079,1.558742,2.251319,-0.537235,0.088548,0.701220,-1.159793,1.558759,2.248622,5
3478068312172,0.268529,-0.315600,1.851697,-3.198381,-37.729014,-6.237472,0.266571,-0.315103,1.848926,-3.194498,-37.731963,-6.240837,-0.000000,-0.000000,0.000000,-0.000000,-0.000000,0.000000,-5.944397,-7.140996,-26.067115,-6.415115,3.162109,0.000571,-0.537234,0.038557,0.751241,-1.157266,1.558739,2.251132,-0.537235,0.088548,0.701220,-1.159793,1.558759,2.248622,5
3478069312339,0.268528,-0.315600,1.851696,-3.198382,-37.729015,-6.237470,0.266525,-0.315092,1.848861,-3.194408,-37.732031,-6.240915,-0.000000,-0.000000,0.000000,-0.003797,-0.000000,0.000000,-6.039024,-7.115648,-26.090350,-6.411970,3.163906,0.000731,-0.537234,0.038558,0.751242,-1.157246,1.558740,2.251151,-0.537235,0.088548,0.701220,-1.159793,1.558759,2.248622,5
3478070311986,0.268530,-0.315599,1.851693,-3.198383,-37.729013,-6.237472,0.266478,-0.315080,1.848795,-3.194316,-37.732101,-6.240995,-0.000000,-0.000000,-0.003962,-0.003797,-0.000000,0.000000,-6.134402,-6.985177,-25.967881,-6.379850,3.141819,0.000784,-0.537234,0.038557,0.751244,-1.157048,1.558735,2.251351,-0.537235,0.088548,0.701220,-1.159793,1.558759,2.248622,5
3478071283460,0.268527,-0.315599,1.851691,-3.198379,-37.729013,-6.237472,0.266431,-0.315068,1.848728,-3.194223,-37.732171,-6.241076,-0.003169,-0.000000,-0.002377,0.003797,-0.000000,0.000000,-5.974083,-7.029500,-26.108530,-6.420117,3.164741,0.000574,-0.537234,0.038558,0.751245,-1.156710,1.558738,2.251686,-0.537235,0.088548,0.701220,-1.159793,1.558759,2.248622,5
3478072283486,0.268525,-0.315598,1.851693,-3.198380,-37.729015,-6.237471,0.266383,-0.315056,1.848660,-3.194129,-37.732243,-6.241158,-0.000000,-0.000000,0.002377,-0.000000,-0.000000,0.000000,-6.328144,-7.162587,-26.334014,-6.463027,3.197182,0.000713,-0.537234,0.038559,0.751243,-1.157094,1.558740,2.251300,-0.537235,0.088548,0.701220,-1.159793,1.558759,2.248622,5
3478073283431,0.268526,-0.315599,1.851690,-3.198380,-37.729013,-6.237470,0.266334,-0.315044,1.848590,-3.194033,-37.732315,-6.241241,-0.000000,-0.000000,-0.003169,-0.000000,-0.000000,0.000000,-6.424533,-6.981334,-26.146485,-6.415700,3.164445,0.000771,-0.537234,0.038559,0.751246,-1.156618,1.558738,2.251777,-0.537235,0.088548,0.701220,-1.159793,1.558759,2.248622,5
3478074283181,0.268525,-0.315598,1.851692,-3.198383,-37.729012,-6.237472,0.266285,-0.315031,1.848520,-3.193936,-37.732389,-6.241325,-0.000000,-0.000000,0.000000,-0.002848,-0.000000,0.000000,-6.524892,-7.055626,-26.308533,-6.445986,3.188753,0.000892,-0.537234,0.038559,0.751244,-1.156944,1.558735,2.251450,-0.537235,0.088548,0.701220,-1.159793,1.558759,2.248622,5
3478075294176,0.268525,-0.315599,1.851692,-3.198377,-37.729015,-6.237471,0.266235,-0.315018,1.848449,-3.193838,-37.732464,-6.241411,-0.000000,-0.000000,0.000000,0.003797,-0.002848,0.000000,-6.624579,-7.068003,-26.391377,-6.470414,3.201562,0.000713,-0.537234,0.038559,0.751243,-1.156819,1.558742,2.251575,-0.537235,0.088548,0.701220,-1.159793,1.558759,2.248622,5
3478076325147,0.268525,-0.315598,1.851691,-3.198379,-37.729013,-6.237472,0.266184,-0.315006,1.848377,-3.193738,-37.732539,-6.241497,-0.000000,-0.000000,0.000000,-0.000000,-0.000000,0.000000,-6.726032,-7.039481,-26.410534,-6.466161,3.200928,0.000877,-0.537235,0.038559,0.751244,-1.156862,1.558738,2.251532,-0.537235,0.088548,0.701220,-1.159793,1.558759,2.248622,5
3478077315787,0.268524,-0.315598,1.851689,-3.198381,-37.729013,-6.237470,0.266132,-0.314993,1.848304,-3.193637,-37.732616,-6.241585,-0.000000,-0.000000,0.000000,-0.000000,-0.000000,0.002848,-6.827206,-7.023871,-26.454163,-6.472614,3.205822,0.000872,-0.537234,0.038559,0.751246,-1.156649,1.558738,2.251744,-0.537235,0.088548,0.701220,-1.159793,1.558759,2.248622,5
3478078314542,0.268521,-0.315597,1.851688,-3.198381,-37.729013,-6.237472,0.266080,-0.314979,1.848230,-3.193534,-37.732694,-6.241674,-0.003169,-0.000000,0.000000,-0.000000,-0.000000,0.000000,-6.672178,-6.998494,-26.496177,-6.479578,3.212746,0.000962,-0.537235,0.038561,0.751246,-1.156712,1.558736,2.251678,-0.537235,0.088548,0.701220,-1.159793,1.558759,2.248622,5
3478079313896,0.268521,-0.315599,1.851686,-3.198377,-37.729014,-6.237472,0.266027,-0.314966,1.848155,-3.193430,-37.732773,-6.241765,-0.000000,-0.000000,0.000000,0.003797,-0.000000,-0.002848,-7.030720,-7.006475,-26.561495,-6.495061,3.218764,0.000919,-0.537234,0.038561,0.751247,-1.156357,1.558738,2.252033,-0.537235,0.088548,0.701220,-1.159793,1.558759,2.248622,5
3478080314168,0.268520,-0.315598,1.851686,-3.198380,-37.729013,-6.237469,0.265973,-0.314953,1.848079,-3.193325,-37.732852,-6.241856,-0.000000,-0.000000,0.000000,-0.002848,-0.000000,0.002848,-7.134616,-6.972325,-26.575532,-6.485784,3.218949,0.001085,-0.537234,0.038562,0.751248,-1.156345,1.558738,2.252044,-0.537235,0.088548,0.701220,-1.159793,1.558759,2.248622,5
3478081314441,0.268520,-0.315599,1.851685,-3.198379,-37.729013,-6.237470,0.265919,-0.314939,1.848002,-3.193218,-37.732933,-6.241949,-0.000000,-0.000000,0.000000,-0.000000,-0.000000,0.000000,-7.239722,-6.965957,-26.634781,-6.499481,3.226251,0.001079,-0.537234,0.038562,0.751248,-1.156225,1.558737,2.252165,-0.537235,0.088548,0.701220,-1.159793,1.558759,2.248622,5
3478082313087,0.268520,-0.315598,1.851684,-3.198381,-37.729014,-6.237472,0.265864,-0.314925,1.847924,-3.193110,-37.733015,-6.242043,-0.000000,-0.000000,0.000000,-0.000000,-0.000000,0.000000,-7.345180,-6.954703,-26.681635,-6.506493,3.231604,0.001121,-0.537234,0.038562,0.751248,-1.156483,1.558735,2.251905,-0.537235,0.088548,0.701220,-1.159793,1.558759,2.248622,5
3478083283567,0.268518,-0.315598,1.851684,-3.198382,-37.729014,-6.237471,0.265808,-0.314911,1.847845,-3.193000,-37.733098,-6.242138,-0.000000,-0.000000,0.000000,-0.000000,-0.000000,0.000000,-7.450784,-6.940221,-26.728156,-6.513428,3.236882,0.001163,-0.537234,0.038563,0.751249,-1.156423,1.558734,2.251964,-0.537235,0.088548,0.701220,-1.159793,1.558759,2.248622,5
3478084313372,0.268518,-0.315598,1.851683,-3.198383,-37.729011,-6.237472,0.265752,-0.314897,1.847764,-3.192889,-37.733183,-6.242234,-0.000000,-0.000000,0.000000,-0.000000,0.002848,0.000000,-7.558782,-6.918630,-26.767442,-6.518702,3.239295,0.001207,-0.537234,0.038563,0.751251,-1.156150,1.558731,2.252237,-0.537235,0.088548,0.701220,-1.159793,1.558759,2.248622,5
3478085326355,0.268518,-0.315598,1.851680,-3.198382,-37.729009,-6.237471,0.265694,-0.314882,1.847683,-3.192777,-37.733268,-6.242332,-0.000000,-0.000000,-0.002377,-0.000000,-0.000000,0.000000,-7.665877,-6.838020,-26.723090,-6.504382,3.231350,0.001256,-0.537234,0.038563,0.751253,-1.155763,1.558731,2.252624,-0.537235,0.088548,0.701220,-1.159793,1.558759,2.248622,5
3478086313048,0.268515,-0.315598,1.851681,-3.198382,-37.729010,-6.237471,0.265636,-0.314868,1.847601,-3.192663,-37.733354,-6.242431,-0.000000,-0.000000,0.000000,-0.000000,-0.000000,0.000000,-7.773935,-6.896216,-26.869963,-6.534634,3.252955,0.001290,-0.537234,0.038564,0.751252,-1.155955,1.558732,2.252429,-0.537235,0.088548,0.701220,-1.159793,1.558759,2.248622,5
3478087283248,0.268516,-0.315598,1.851678,-3.198383,-37.729011,-6.237471,0.265577,-0.314853,1.847518,-3.192547,-37.733442,-6.242531,-0.000000,-0.000000,-0.002377,-0.000000,-0.000000,0.000000,-7.883654,-6.809712,-26.818812,-6.518702,3.242240,0.001342,-0.537234,0.038564,0.751254,-1.155818,1.558730,2.252567,-0.537235,0.088548,0.701220,-1.159793,1.558759,2.248622,5
3478088283050,0.268513,-0.315599,1.851678,-3.198384,-37.729012,-6.237472,0.265518,-0.314838,1.847433,-3.192431,-37.733530,-6.242633,-0.002377,-0.000000,0.000000,-0.000000,-0.000000,0.000000,-7.802546,-6.852131,-26.962658,-6.548937,3.265017,0.001381,-0.537233,0.038566,0.751254,-1.155864,1.558727,2.252518,-0.537235,0.088548,0.701220,-1.159793,1.558759,2.248622,5
3478089283238,0.268513,-0.315598,1.851678,-3.198380,-37.729009,-6.237470,0.265458,-0.314823,1.847348,-3.192312,-37.733620,-6.242735,-0.000000,-0.000000,-0.003169,0.002848,-0.000000,0.002848,-8.104352,-6.765820,-26.897689,-6.532856,3.250229,0.001294,-0.537234,0.038565,0.751254,-1.155548,1.558733,2.252835,-0.537235,0.088548,0.701220,-1.159793,1.558759,2.248622,5
3478090283041,0.268512,-0.315598,1.851676,-3.198385,-37.729009,-6.237471,0.265397,-0.314807,1.847262,-3.192193,-37.733711,-6.242839,-0.002377,-0.000000,-0.003169,-0.004746,-0.000000,0.000000,-8.024606,-6.713157,-26.907026,-6.521560,3.251226,0.001634,-0.537233,0.038566,0.751256,-1.155557,1.558727,2.252824,-0.537235,0.088548,0.701220,-1.159793,1.558759,2.248622,5
3478091318010,0.268512,-0.315598,1.851676,-3.198383,-37.729009,-6.237472,0.265335,-0.314792,1.847174,-3.192071,-37.733803,-6.242944,-0.000000,-0.000000,0.000000,-0.000000,-0.000000,0.000000,-8.331141,-6.820397,-27.113072,-6.571013,3.280539,0.001509,-0.537234,0.038566,0.751256,-1.155557,1.558727,2.252823,-0.537235,0.088548,0.701220,-1.159793,1.558759,2.248622,5
3478092313498,0.268510,-0.315598,1.851676,-3.198380,-37.729009,-6.237471,0.265273,-0.314776,1.847086,-3.191949,-37.733896,-6.243051,-0.000000,-0.000000,0.000000,-0.000000,-0.000000,0.000000,-8.444364,-6.805291,-27.163394,-6.578655,3.286296,0.001553,-0.537234,0.038567,0.751255,-1.155399,1.558731,2.252980,-0.537235,0.088548,0.701220,-1.159793,1.558759,2.248622,5
3478093314955,0.268507,-0.315597,1.851673,-3.198381,-37.729008,-6.237472,0.265209,-0.314760,1.846996,-3.191825,-37.733990,-6.243159,-0.003169,-0.000000,-0.002377,-0.002848,-0.000000,0.000000,-8.300878,-6.696136,-27.098229,-6.556531,3.275574,0.001704,-0.537234,0.038569,0.751257,-1.155270,1.558728,2.253106,-0.537235,0.088548,0.701220,-1.159793,1.558759,2.248622,5
3478094283208,0.268507,-0.315596,1.851672,-3.198381,-37.729006,-6.237472,0.265145,-0.314744,1.846905,-3.191699,-37.734085,-6.243268,-0.000000,0.002377,0.000000,-0.000000,-0.000000,-0.002848,-8.681443,-7.229441,-27.370335,-6.616977,3.315980,0.001680,-0.537234,0.038569,0.751258,-1.155098,1.558726,2.253278,-0.537235,0.088548,0.701220,-1.159793,1.558759,2.248622,5
3478095312033,0.268506,-0.315594,1.851671,-3.198380,-37.729009,-6.237472,0.265081,-0.314728,1.846813,-3.191572,-37.734181,-6.243378,-0.000000,-0.000000,0.000000,-0.000000,-0.000000,0.000000,-8.789898,-6.763863,-27.315616,-6.601563,3.303671,0.001689,-0.537235,0.038569,0.751257,-1.155310,1.558729,2.253065,-0.537235,0.088548,0.701220,-1.159793,1.558759,2.248622,5
3478096314329,0.268503,-0.315596,1.851669,-3.198382,-37.729006,-6.237470,0.265015,-0.314711,1.846720,-3.191443,-37.734279,-6.243490,-0.003169,-0.000000,0.000000,-0.000000,0.002848,0.000000,-8.650294,-6.724757,-27.355437,-6.607634,3.308280,0.001742,-0.537234,0.038571,0.751260,-1.154854,1.558727,2.253518,-0.537235,0.088548,0.701220,-1.159793,1.558759,2.248622,5
3478097312609,0.268503,-0.315598,1.851666,-3.198382,-37.729009,-6.237471,0.264949,-0.314694,1.846626,-3.191313,-37.734377,-6.243603,-0.000000,-0.000000,-0.003962,-0.000000,-0.003797,0.000000,-9.021553,-6.613782,-27.261754,-6.580451,3.292025,0.001795,-0.537233,0.038571,0.751262,-1.154741,1.558725,2.253631,-0.537235,0.088548,0.701220,-1.159793,1.558759,2.248622,5
3478098313640,0.268501,-0.315596,1.851667,-3.198383,-37.729006,-6.237472,0.264882,-0.314677,1.846531,-3.191181,-37.734477,-6.243717,-0.003169,-0.000000,0.000000,-0.000000,-0.000000,0.000000,-8.887106,-6.697970,-27.466037,-6.624790,3.322859,0.001834,-0.537234,0.038572,0.751261,-1.154801,1.558723,2.253570,-0.537235,0.088548,0.701220,-1.159793,1.558759,2.248622,5
3478099312764,0.268499,-0.315596,1.851665,-3.198381,-37.729008,-6.237472,0.264814,-0.314660,1.846435,-3.191048,-37.734578,-6.243833,-0.000000,-0.000000,0.000000,-0.000000,-0.000000,0.000000,-9.260863,-6.695614,-27.521055,-6.632345,3.327000,0.001876,-0.537234,0.038573,0.751262,-1.154701,1.558724,2.253667,-0.537235,0.088548,0.701220,-1.159793,1.558759,2.248622,5
3478100314353,0.268498,-0.315596,1.851665,-3.198384,-37.729007,-6.237471,0.264745,-0.314643,1.846338,-3.190913,-37.734680,-6.243950,-0.000000,-0.000000,0.000000,-0.002848,-0.000000,0.000000,-9.381631,-6.670154,-27.560336,-6.633353,3.330879,0.002016,-0.537234,0.038573,0.751263,-1.154661,1.558723,2.253707,-0.537235,0.088548,0.701220,-1.159793,1.558759,2.248622,5
3478101283270,0.268495,-0.315595,1.851664,-3.198384,-37.729006,-6.237472,0.264676,-0.314625,1.846240,-3.190777,-37.734784,-6.244068,-0.003169,-0.000000,0.000000,-0.000000,-0.000000,0.000000,-9.246040,-6.650258,-27.624430,-6.648668,3.340954,0.001977,-0.537234,0.038575,0.751263,-1.154621,1.558722,2.253744,-0.537235,0.088548,0.701220,-1.159793,1.558759,2.248622,5
3478102283265,0.268493,-0.315595,1.851661,-3.198382,-37.729007,-6.237472,0.264606,-0.314608,1.846140,-3.190639,-37.734888,-6.244188,-0.002377,-0.000000,-0.002377,-0.000000,-0.000000,0.000000,-9.429804,-6.565853,-27.580012,-6.633715,3.330548,0.002031,-0.537234,0.038576,0.751264,-1.154449,1.558723,2.253913,-0.537235,0.088548,0.701220,-1.159793,1.558759,2.248622,5
3478103282971,0.268492,-0.315596,1.851659,-3.198381,-37.729005,-6.237471,0.264535,-0.314590,1.846039,-3.190500,-37.734994,-6.244309,-0.000000,-0.000000,-0.002377,-0.000000,-0.000000,0.000000,-9.744447,-6.557917,-27.635258,-6.641446,3.335195,0.002076,-0.537233,0.038577,0.751266,-1.154002,1.558723,2.254359,-0.537235,0.088548,0.701220,-1.159793,1.558759,2.248622,5
3478104283011,0.268490,-0.315598,1.851658,-3.198382,-37.729007,-6.237471,0.264463,-0.314572,1.845938,-3.190359,-37.735101,-6.244431,-0.003962,-0.000000,0.000000,-0.000000,-0.000000,0.000000,-9.550036,-6.591275,-27.783155,-6.672694,3.359514,0.002122,-0.537233,0.038578,0.751267,-1.153997,1.558721,2.254363,-0.537235,0.088548,0.701220,-1.159793,1.558759,2.248622,5
3478105283284,0.268489,-0.315597,1.851659,-3.198381,-37.729005,-6.237472,0.264391,-0.314553,1.845835,-3.190217,-37.735209,-6.244555,-0.000000,-0.000000,0.000000,-0.000000,0.003797,0.000000,-9.993844,-6.586927,-27.833101,-6.678701,3.359942,0.002167,-0.537233,0.038578,0.751267,-1.153902,1.558721,2.254456,-0.537235,0.088548,0.701220,-1.159793,1.558759,2.248622,5
3478106311589,0.268487,-0.315597,1.851654,-3.198383,-37.729005,-6.237471,0.264317,-0.314535,1.845731,-3.190073,-37.735318,-6.244680,-0.000000,-0.000000,-0.004754,-0.000000,-0.000000,0.000000,-10.116321,-6.434010,-27.699605,-6.643004,3.337694,0.002232,-0.537233,0.038579,0.751271,-1.153573,1.558718,2.254783,-0.537235,0.088548,0.701220,-1.159793,1.558759,2.248622,5
3478107312402,0.268483,-0.315596,1.851655,-3.198383,-37.729005,-6.237474,0.264243,-0.314516,1.845626,-3.189927,-37.735428,-6.244806,-0.003962,-0.000000,0.000000,0.002848,-0.000000,-0.003797,-9.923783,-6.552347,-27.962207,-6.704599,3.380604,0.002240,-0.537233,0.038581,0.751270,-1.153820,1.558715,2.254532,-0.537235,0.088548,0.701220,-1.159793,1.558759,2.248622,5
3478108311828,0.268483,-0.315594,1.851653,-3.198380,-37.729005,-6.237471,0.264168,-0.314497,1.845520,-3.189780,-37.735540,-6.244934,-0.000000,-0.000000,-0.002377,-0.000000,-0.000000,0.003797,-10.369957,-6.475432,-27.910183,-6.683082,3.366632,0.002262,-0.537234,0.038581,0.751270,-1.153538,1.558721,2.254815,-0.537235,0.088548,0.701220,-1.159793,1.558759,2.248622,5
3478109312172,0.268480,-0.315594,1.851653,-3.198384,-37.729005,-6.237470,0.264092,-0.314478,1.845412,-3.189631,-37.735653,-6.245063,-0.003169,-0.000000,0.000000,-0.003797,-0.000000,0.000000,-10.242531,-6.502527,-28.043305,-6.705381,3.387989,0.002493,-0.537233,0.038583,0.751270,-1.153705,1.558719,2.254644,-0.537235,0.088548,0.701220,-1.159793,1.558759,2.248622,5
3478110311966,0.268477,-0.315595,1.851648,-3.198383,-37.729005,-6.237470,0.264016,-0.314459,1.845304,-3.189481,-37.735767,-6.245194,-0.003169,-0.000000,-0.004754,-0.000000,-0.000000,0.000000,-10.367470,-6.352762,-27.919751,-6.677031,3.365030,0.002438,-0.537233,0.038585,0.751274,-1.153253,1.558717,2.255093,-0.537235,0.088548,0.701220,-1.159793,1.558759,2.248622,5
3478111312050,0.268476,-0.315596,1.851648,-3.198385,-37.729006,-6.237472,0.263938,-0.314439,1.845194,-3.189329,-37.735882,-6.245326,-0.000000,-0.000000,0.000000,-0.000000,-0.000000,0.000000,-10.755154,-6.490185,-28.176062,-6.731107,3.401755,0.002468,-0.537232,0.038585,0.751274,-1.153392,1.558714,2.254953,-0.537235,0.088548,0.701220,-1.159793,1.558759,2.248622,5
3478112313447,0.268471,-0.315594,1.851646,-3.198382,-37.729003,-6.237471,0.263860,-0.314420,1.845083,-3.189175,-37.735998,-6.245459,-0.004754,-0.000000,-0.002377,0.002848,0.003797,0.000000,-10.499424,-6.384677,-28.134663,-6.722152,3.393415,0.002444,-0.537233,0.038588,0.751275,-1.152918,1.558716,2.255423,-0.537235,0.088548,0.701220,-1.159793,1.558759,2.248622,5
3478113326808,0.268470,-0.315594,1.851642,-3.198382,-37.729002,-6.237472,0.263781,-0.314400,1.844971,-3.189020,-37.736116,-6.245594,-0.000000,-0.000000,-0.003169,-0.000000,-0.000000,0.000000,-11.013401,-6.361934,-28.159121,-6.717853,3.393430,0.002582,-0.537233,0.038588,0.751278,-1.152638,1.558713,2.255702,-0.537235,0.088548,0.701220,-1.159793,1.558759,2.248622,5
3478114314689,0.268467,-0.315594,1.851642,-3.198383,-37.729002,-6.237471,0.263701,-0.314380,1.844858,-3.188863,-37.736235,-6.245730,-0.003169,-0.000000,0.000000,-0.000000,-0.000000,0.000000,-10.890636,-6.425949,-28.345255,-6.757481,3.423254,0.002627,-0.537233,0.038590,0.751278,-1.152638,1.558713,2.255699,-0.537235,0.088548,0.701220,-1.159793,1.558759,2.248622,5
3478115315662,0.268464,-0.315594,1.851639,-3.198386,-37.729002,-6.237470,0.263621,-0.314359,1.844743,-3.188705,-37.736355,-6.245868,-0.003169,-0.000000,-0.002377,-0.002848,-0.000000,0.000000,-11.021254,-6.327027,-28.290947,-6.736290,3.411657,0.002781,-0.537233,0.038591,0.751280,-1.152521,1.558710,2.255812,-0.537235,0.088548,0.701220,-1.159793,1.558759,2.248622,5
3478116284283,0.268461,-0.315595,1.851639,-3.198386,-37.729001,-6.237471,0.263539,-0.314339,1.844628,-3.188545,-37.736476,-6.246007,-0.003169,-0.000000,0.000000,-0.000000,-0.000000,0.000000,-11.154896,-6.386323,-28.461198,-6.774966,3.436494,0.002734,-0.537232,0.038593,0.751281,-1.152362,1.558709,2.255968,-0.537235,0.088548,0.701220,-1.159793,1.558759,2.248622,5
3478117283267,0.268458,-0.315593,1.851637,-3.198387,-37.729001,-6.237471,0.263457,-0.314318,1.844511,-3.188383,-37.736599,-6.246147,-0.003169,0.002377,-0.002377,-0.003797,-0.000000,0.000000,-11.295377,-6.741802,-28.510745,-6.775186,3.442737,0.002909,-0.537233,0.038595,0.751282,-1.152393,1.558708,2.255933,-0.537235,0.088548,0.701220,-1.159793,1.558759,2.248622,5
3478118283237,0.268455,-0.315593,1.851634,-3.198385,-37.729001,-6.237471,0.263374,-0.314297,1.844393,-3.188220,-37.736722,-6.246289,-0.002377,-0.000000,-0.002377,-0.000000,-0.000000,0.000000,-11.486035,-6.286002,-28.482221,-6.770012,3.433647,0.002847,-0.537233,0.038596,0.751283,-1.152150,1.558708,2.256174,-0.537235,0.088548,0.701220,-1.159793,1.558759,2.248622,5
3478119283236,0.268452,-0.315593,1.851631,-3.198385,-37.728999,-6.237471,0.263290,-0.314276,1.844274,-3.188055,-37.736847,-6.246432,-0.003169,-0.000000,-0.003169,-0.000000,0.002848,0.000000,-11.557335,-6.234075,-28.500373,-6.769698,3.432648,0.002906,-0.537232,0.038598,0.751285,-1.151767,1.558706,2.256554,-0.537235,0.088548,0.701220,-1.159793,1.558759,2.248622,5
3478120328208,0.268448,-0.315593,1.851629,-3.198384,-37.729000,-6.237470,0.263205,-0.314255,1.844154,-3.187889,-37.736974,-6.246576,-0.003962,-0.000000,-0.002377,-0.000000,-0.000000,0.000000,-11.629037,-6.240595,-28.599178,-6.788064,3.448079,0.002957,-0.537232,0.038600,0.751287,-1.151595,1.558708,2.256722,-0.537235,0.088548,0.701220,-1.159793,1.558759,2.248622,5
3478121313846,0.268442,-0.315594,1.851628,-3.198383,-37.728998,-6.237470,0.263119,-0.314233,1.844033,-3.187720,-37.737101,-6.246723,-0.006339,-0.000000,0.000000,0.002848,-0.000000,0.000000,-11.573092,-6.289832,-28.768992,-6.827262,3.474497,0.002915,-0.537232,0.038603,0.751288,-1.151300,1.558707,2.257011,-0.537235,0.088548,0.701220,-1.159793,1.558759,2.248622,5
3478122314867,0.268438,-0.315594,1.851627,-3.198385,-37.728999,-6.237472,0.263033,-0.314211,1.843910,-3.187551,-37.737230,-6.246870,-0.003962,-0.000000,0.000000,-0.000000,-0.000000,0.000000,-11.901694,-6.270523,-28.817870,-6.829207,3.477897,0.003059,-0.537231,0.038606,0.751289,-1.151320,1.558703,2.256987,-0.537235,0.088548,0.701220,-1.159793,1.558759,2.248622,5
3478123313180,0.268434,-0.315592,1.851623,-3.198385,-37.728999,-6.237472,0.262946,-0.314189,1.843786,-3.187379,-37.737360,-6.247019,-0.004754,-0.000000,0.000000,-0.000000,-0.000000,0.000000,-11.976014,-6.251929,-28.878548,-6.838628,3.485426,0.003115,-0.537232,0.038607,0.751290,-1.151260,1.558703,2.257043,-0.537235,0.088548,0.701220,-1.159793,1.558759,2.248622,5
3478124312522,0.268431,-0.315592,1.851620,-3.198383,-37.728999,-6.237471,0.262857,-0.314167,1.843661,-3.187206,-37.737491,-6.247169,-0.003169,-0.000000,-0.003169,-0.000000,-0.000000,0.000000,-12.241598,-6.144681,-28.810043,-6.817228,3.470163,0.003179,-0.537232,0.038609,0.751292,-1.150925,1.558704,2.257375,-0.537235,0.088548,0.701220,-1.159793,1.558759,2.248622,5
3478125283992,0.268424,-0.315592,1.851620,-3.198385,-37.728996,-6.237471,0.262768,-0.314144,1.843535,-3.187031,-37.737624,-6.247321,-0.006339,-0.000000,0.000000,-0.000000,0.002848,0.000000,-12.126126,-6.200465,-28.992946,-6.855853,3.497640,0.003230,-0.537231,0.038613,0.751293,-1.150774,1.558701,2.257520,-0.537235,0.088548,0.701220,-1.159793,1.558759,2.248622,5
3478126313374,0.268421,-0.315591,1.851614,-3.198386,-37.728998,-6.237469,0.262678,-0.314122,1.843407,-3.186855,-37.737758,-6.247474,-0.003169,-0.000000,-0.006339,-0.000000,-0.000000,0.000000,-12.519227,-6.011486,-28.801965,-6.805272,3.462890,0.003303,-0.537232,0.038614,0.751296,-1.150466,1.558700,2.257825,-0.537235,0.088548,0.701220,-1.159793,1.558759,2.248622,5
3478127283205,0.268416,-0.315593,1.851614,-3.198386,-37.728995,-6.237472,0.262588,-0.314099,1.843279,-3.186676,-37.737893,-6.247629,-0.005546,-0.000000,0.000000,-0.000000,0.002848,-0.002848,-12.471420,-6.162269,-29.116710,-6.874307,3.511242,0.003387,-0.537231,0.038617,0.751298,-1.150228,1.558696,2.258057,-0.537235,0.088548,0.701220,-1.159793,1.558759,2.248622,5
3478128311785,0.268412,-0.315590,1.851609,-3.198388,-37.728994,-6.237472,0.262496,-0.314076,1.843149,-3.186496,-37.738029,-6.247785,-0.003962,-0.000000,-0.002377,-0.000000,-0.000000,0.000000,-12.740041,-6.087719,-29.089829,-6.862415,3.504338,0.003404,-0.537231,0.038619,0.751301,-1.150041,1.558693,2.258240,-0.537235,0.088548,0.701220,-1.159793,1.558759,2.248622,5
3478129313269,0.268405,-0.315590,1.851606,-3.198385,-37.728993,-6.237471,0.262404,-0.314052,1.843018,-3.186315,-37.738167,-6.247943,-0.005546,-0.000000,-0.003962,0.002848,-0.000000,0.000000,-12.752302,-6.022151,-29.099250,-6.863809,3.503930,0.003377,-0.537231,0.038623,0.751302,-1.149602,1.558695,2.258672,-0.537235,0.088548,0.701220,-1.159793,1.558759,2.248622,5
3478130314342,0.268400,-0.315592,1.851603,-3.198385,-37.728997,-6.237472,0.262310,-0.314029,1.842885,-3.186132,-37.738306,-6.248102,-0.004754,-0.000000,-0.003962,-0.000000,-0.003797,0.000000,-12.959192,-6.000185,-29.158318,-6.868379,3.512207,0.003524,-0.537230,0.038626,0.751304,-1.149561,1.558693,2.258708,-0.537235,0.088548,0.701220,-1.159793,1.558759,2.248622,5
3478131283297,0.268394,-0.315590,1.851601,-3.198385,-37.728993,-6.237472,0.262216,-0.314005,1.842752,-3.185947,-37.738446,-6.248263,-0.006339,0.002377,0.000000,-0.000000,0.003797,0.000000,-12.985562,-6.534238,-29.472784,-6.935608,3.558072,0.003564,-0.537231,0.038629,0.751305,-1.149335,1.558692,2.258928,-0.537235,0.088548,0.701220,-1.159793,1.558759,2.248622,5
3478132283045,0.268386,-0.315590,1.851597,-3.198386,-37.728995,-6.237470,0.262121,-0.313981,1.842617,-3.185760,-37.738587,-6.248425,-0.007131,-0.000000,-0.003962,-0.000000,-0.000000,0.000000,-13.054715,-5.945515,-29.274838,-6.885965,3.524600,0.003645,-0.537231,0.038633,0.751307,-1.149147,1.558692,2.259109,-0.537235,0.088548,0.701220,-1.159793,1.558759,2.248622,5
3478133291595,0.268380,-0.315590,1.851593,-3.198387,-37.728993,-6.237472,0.262025,-0.313957,1.842481,-3.185572,-37.738730,-6.248588,-0.006339,-0.000000,-0.003962,-0.000000,-0.000000,0.000000,-13.263362,-5.927880,-29.339333,-6.895518,3.531440,0.003703,-0.537230,0.038636,0.751310,-1.148802,1.558687,2.259448,-0.537235,0.088548,0.701220,-1.159793,1.558759,2.248622,5
3478134337797,0.268375,-0.315588,1.851592,-3.198387,-37.728992,-6.237471,0.261928,-0.313933,1.842344,-3.185382,-37.738874,-6.248753,-0.006339,-0.000000,0.000000,-0.000000,-0.000000,0.000000,-13.411733,-6.028803,-29.568856,-6.943741,3.565735,0.003748,-0.537231,0.038639,0.751311,-1.148698,1.558688,2.259546,-0.537235,0.088548,0.701220,-1.159793,1.558759,2.248622,5
3478135314313,0.268367,-0.315588,1.851588,-3.198388,-37.728993,-6.237472,0.261831,-0.313908,1.842205,-3.185190,-37.739020,-6.248920,-0.007131,-0.000000,-0.003962,-0.000000,-0.000000,0.000000,-13.491939,-5.885483,-29.468960,-6.915438,3.546914,0.003823,-0.537230,0.038643,0.751313,-1.148535,1.558685,2.259702,-0.537235,0.088548,0.701220,-1.159793,1.558759,2.248622,5
3478136312822,0.268361,-0.315586,1.851585,-3.198387,-37.728994,-6.237471,0.261732,-0.313883,1.842066,-3.184996,-37.739167,-6.249088,-0.006339,-0.000000,-0.003169,-0.000000,-0.000000,0.000000,-13.703655,-5.894617,-29.568518,-6.933101,3.559443,0.003878,-0.537231,0.038646,0.751314,-1.148423,1.558686,2.259808,-0.537235,0.088548,0.701220,-1.159793,1.558759,2.248622,5
3478137313967,0.268352,-0.315590,1.851582,-3.198386,-37.728992,-6.237472,0.261633,-0.313858,1.841925,-3.184801,-37.739315,-6.249258,-0.009508,-0.000000,-0.002377,0.002848,-0.000000,-0.002848,-13.595080,-5.885940,-29.676382,-6.957657,3.576078,0.003894,-0.537229,0.038651,0.751318,-1.147894,1.558682,2.260327,-0.537235,0.088548,0.701220,-1.159793,1.558759,2.248622,5
3478138283470,0.268347,-0.315590,1.851579,-3.198388,-37.728994,-6.237471,0.261532,-0.313833,1.841782,-3.184604,-37.739464,-6.249429,-0.006339,-0.000000,-0.003169,-0.000000,-0.000000,0.000000,-13.999818,-5.845758,-29.699052,-6.952862,3.574389,0.003999,-0.537229,0.038654,0.751320,-1.147798,1.558682,2.260418,-0.537235,0.088548,0.701220,-1.159793,1.558759,2.248622,5
3478139312716,0.268338,-0.315589,1.851574,-3.198389,-37.728990,-6.237472,0.261431,-0.313807,1.841639,-3.184405,-37.739615,-6.249601,-0.008716,-0.000000,-0.004754,-0.000000,0.003797,0.000000,-13.956251,-5.759745,-29.687615,-6.945614,3.568861,0.004071,-0.537228,0.038659,0.751324,-1.147279,1.558677,2.260929,-0.537235,0.088548,0.701220,-1.159793,1.558759,2.248622,5
3478140325098,0.268329,-0.315587,1.851569,-3.198387,-37.728990,-6.237472,0.261329,-0.313781,1.841494,-3.184205,-37.739767,-6.249775,-0.008716,-0.000000,-0.004754,-0.000000,-0.000000,0.000000,-14.104956,-5.747928,-29.764104,-6.957993,3.580335,0.004130,-0.537229,0.038663,0.751326,-1.146976,1.558677,2.261223,-0.537235,0.088548,0.701220,-1.159793,1.558759,2.248622,5
3478141283598,0.268321,-0.315587,1.851568,-3.198389,-37.728989,-6.237473,0.261226,-0.313755,1.841348,-3.184002,-37.739920,-6.249951,-0.009508,-0.000000,-0.003169,-0.000000,-0.000000,-0.002848,-14.192515,-5.770226,-29.896480,-6.983580,3.599259,0.004233,-0.537228,0.038668,0.751327,-1.146914,1.558673,2.261277,-0.537235,0.088548,0.701220,-1.159793,1.558759,2.248622,5
3478142283248,0.268313,-0.315586,1.851562,-3.198390,-37.728991,-6.237472,0.261122,-0.313729,1.841201,-3.183799,-37.740075,-6.250128,-0.008716,-0.000000,-0.003169,-0.000000,-0.000000,0.000000,-14.407143,-5.752627,-29.964151,-6.993683,3.606508,0.004248,-0.537228,0.038672,0.751330,-1.146666,1.558673,2.261516,-0.537235,0.088548,0.701220,-1.159793,1.558759,2.248622,5
3478143312006,0.268303,-0.315589,1.851558,-3.198389,-37.728988,-6.237471,0.261017,-0.313703,1.841052,-3.183593,-37.740231,-6.250307,-0.009508,-0.002377,-0.004754,-0.000000,0.002848,0.000000,-14.485783,-5.215918,-29.850323,-6.963508,3.582723,0.004328,-0.537227,0.038678,0.751335,-1.145852,1.558670,2.262321,-0.537235,0.088548,0.701220,-1.159793,1.558759,2.248622,5
3478144283554,0.268296,-0.315588,1.851552,-3.198387,-37.728989,-6.237470,0.260912,-0.313676,1.840903,-3.183385,-37.740388,-6.250487,-0.008716,-0.000000,-0.005546,-0.000000,-0.000000,0.000000,-14.710772,-5.633078,-29.999879,-6.991085,3.605824,0.004380,-0.537227,0.038681,0.751337,-1.145469,1.558671,2.262696,-0.537235,0.088548,0.701220,-1.159793,1.558759,2.248622,5
3478145283514,0.268286,-0.315586,1.851549,-3.198388,-37.728987,-6.237472,0.260805,-0.313649,1.840751,-3.183176,-37.740546,-6.250668,-0.010300,-0.000000,-0.003169,-0.000000,-0.000000,0.000000,-14.736565,-5.677566,-30.165774,-7.024675,3.630735,0.004438,-0.537227,0.038687,0.751339,-1.145304,1.558667,2.262851,-0.537235,0.088548,0.701220,-1.159793,1.558759,2.248622,5
3478146283156,0.268275,-0.315586,1.851544,-3.198387,-37.728986,-6.237470,0.260698,-0.313622,1.840599,-3.182965,-37.740706,-6.250852,-0.010300,-0.000000,-0.005546,-0.000000,-0.000000,0.000000,-14.887791,-5.583531,-30.135957,-7.012193,3.622601,0.004509,-0.537226,0.038693,0.751343,-1.144779,1.558667,2.263365,-0.537235,0.088548,0.701220,-1.159793,1.558759,2.248622,5
3478147283413,0.268264,-0.315586,1.851539,-3.198391,-37.728986,-6.237472,0.260589,-0.313595,1.840445,-3.182752,-37.740868,-6.251036,-0.011885,0.002377,-0.005546,-0.003797,0.002848,0.000000,-14.921909,-5.989833,-30.284361,-7.035165,3.643997,0.004691,-0.537226,0.038699,0.751346,-1.144604,1.558660,2.263529,-0.537235,0.088548,0.701220,-1.159793,1.558759,2.248622,5
3478148283017,0.268254,-0.315586,1.851535,-3.198391,-37.728988,-6.237471,0.260480,-0.313567,1.840291,-3.182538,-37.741030,-6.251223,-0.009508,-0.000000,-0.003962,-0.000000,-0.000000,0.000000,-15.261103,-5.589788,-30.340610,-7.048382,3.648786,0.004631,-0.537226,0.038704,0.751348,-1.144487,1.558661,2.263636,-0.537235,0.088548,0.701220,-1.159793,1.558759,2.248622,5
3478149283601,0.268243,-0.315587,1.851528,-3.198391,-37.728986,-6.237472,0.260370,-0.313540,1.840134,-3.182321,-37.741194,-6.251411,-0.011093,-0.000000,-0.006339,-0.000000,0.003797,0.000000,-15.287687,-5.477149,-30.299003,-7.033629,3.637620,0.004707,-0.537224,0.038710,0.751354,-1.143652,1.558655,2.264460,-0.537235,0.088548,0.701220,-1.159793,1.558759,2.248622,5
3478150315069,0.268231,-0.315585,1.851524,-3.198389,-37.728985,-6.237471,0.260259,-0.313512,1.839977,-3.182103,-37.741360,-6.251600,-0.011885,0.002377,-0.003962,-0.000000,-0.000000,0.000000,-15.388042,-5.986331,-30.583862,-7.093040,3.684388,0.004753,-0.537225,0.038716,0.751356,-1.143366,1.558657,2.264735,-0.537235,0.088548,0.701220,-1.159793,1.558759,2.248622,5
3478151311804,0.268221,-0.315586,1.851520,-3.198390,-37.728982,-6.237474,0.260147,-0.313483,1.839818,-3.181883,-37.741527,-6.251791,-0.010300,-0.000000,-0.003962,-0.000000,0.002848,-0.003797,-15.665274,-5.508414,-30.541449,-7.078450,3.670398,0.004887,-0.537224,0.038722,0.751360,-1.142899,1.558649,2.265192,-0.537235,0.088548,0.701220,-1.159793,1.558759,2.248622,5
3478152315042,0.268209,-0.315586,1.851513,-3.198391,-37.728983,-6.237472,0.260034,-0.313455,1.839658,-3.181662,-37.741695,-6.251983,-0.011885,-0.000000,-0.007131,-0.000000,-0.000000,0.002848,-15.692856,-5.389183,-30.486132,-7.060382,3.660806,0.004859,-0.537223,0.038728,0.751364,-1.142429,1.558648,2.265649,-0.537235,0.088548,0.701220,-1.159793,1.558759,2.248622,5
3478153313828,0.268196,-0.315584,1.851507,-3.198389,-37.728985,-6.237470,0.259920,-0.313426,1.839497,-3.181438,-37.741864,-6.252178,-0.013470,-0.000000,-0.005546,-0.000000,-0.000000,0.000000,-15.723328,-5.408215,-30.621216,-7.086593,3.680607,0.004966,-0.537223,0.038735,0.751366,-1.142085,1.558651,2.265980,-0.537235,0.088548,0.701220,-1.159793,1.558759,2.248622,5
3478154314218,0.268185,-0.315584,1.851502,-3.198390,-37.728982,-6.237472,0.259805,-0.313397,1.839334,-3.181213,-37.742035,-6.252373,-0.013470,-0.000000,-0.004754,-0.000000,0.002848,0.000000,-15.883434,-5.402396,-30.718029,-7.103414,3.691323,0.005031,-0.537223,0.038741,0.751371,-1.141614,1.558645,2.266441,-0.537235,0.088548,0.701220,-1.159793,1.558759,2.248622,5
3478155313156,0.268172,-0.315584,1.851498,-3.198389,-37.728981,-6.237472,0.259690,-0.313368,1.839170,-3.180986,-37.742207,-6.252570,-0.013470,-0.000000,-0.003962,0.002848,-0.000000,0.000000,-16.042474,-5.416971,-30.843753,-7.130639,3.709969,0.005001,-0.537222,0.038747,0.751373,-1.141214,1.558644,2.266828,-0.537235,0.088548,0.701220,-1.159793,1.558759,2.248622,5
3478156314119,0.268161,-0.315584,1.851491,-3.198390,-37.728980,-6.237471,0.259573,-0.313339,1.839005,-3.180757,-37.742381,-6.252769,-0.011885,-0.000000,-0.007131,-0.000000,0.003797,0.000000,-16.329504,-5.287873,-30.762177,-7.101615,3.689977,0.005170,-0.537222,0.038754,0.751378,-1.140609,1.558640,2.267421,-0.537235,0.088548,0.701220,-1.159793,1.558759,2.248622,5
3478157314868,0.268147,-0.315582,1.851484,-3.198393,-37.728979,-6.237470,0.259456,-0.313309,1.838838,-3.180526,-37.742556,-6.252969,-0.013470,-0.000000,-0.007131,-0.002848,-0.000000,0.000000,-16.361749,-5.256643,-30.828566,-7.107846,3.700751,0.005330,-0.537222,0.038761,0.751383,-1.140188,1.558636,2.267828,-0.537235,0.088548,0.701220,-1.159793,1.558759,2.248622,5
3478158314529,0.268135,-0.315582,1.851475,-3.198390,-37.728979,-6.237472,0.259337,-0.313279,1.838670,-3.180294,-37.742732,-6.253171,-0.011885,-0.000000,-0.008716,0.002848,-0.000000,0.000000,-16.650700,-5.209547,-30.863456,-7.117181,3.701698,0.005216,-0.537221,0.038767,0.751388,-1.139504,1.558633,2.268500,-0.537235,0.088548,0.701220,-1.159793,1.558759,2.248622,5
3478159313163,0.268123,-0.315583,1.851471,-3.198391,-37.728978,-6.237475,0.259218,-0.313249,1.838501,-3.180059,-37.742909,-6.253375,-0.012678,-0.000000,-0.003962,-0.000000,-0.000000,-0.003797,-16.751784,-5.312756,-31.118530,-7.167125,3.740420,0.005421,-0.537220,0.038774,0.751391,-1.139241,1.558626,2.268751,-0.537235,0.088548,0.701220,-1.159793,1.558759,2.248622,5
3478160283269,0.268109,-0.315582,1.851465,-3.198391,-37.728979,-6.237471,0.259098,-0.313219,1.838331,-3.179823,-37.743089,-6.253580,-0.013470,-0.000000,-0.006339,-0.000000,-0.000000,0.004746,-16.849630,-5.216118,-31.093277,-7.155693,3.733400,0.005363,-0.537220,0.038781,0.751395,-1.138794,1.558629,2.269185,-0.537235,0.088548,0.701220,-1.159793,1.558759,2.248622,5
3478161283279,0.268094,-0.315583,1.851456,-3.198392,-37.728974,-6.237471,0.258976,-0.313188,1.838159,-3.179585,-37.743269,-6.253787,-0.015055,-0.000000,-0.008716,-0.000000,0.004746,0.000000,-16.883647,-5.099609,-31.053029,-7.140864,3.721723,0.005520,-0.537219,0.038790,0.751403,-1.137704,1.558622,2.270260,-0.537235,0.088548,0.701220,-1.159793,1.558759,2.248622,5
3478162283080,0.268081,-0.315581,1.851448,-3.198392,-37.728976,-6.237469,0.258854,-0.313157,1.837986,-3.179345,-37.743451,-6.253995,-0.013470,0.002377,-0.007923,-0.002848,-0.000000,0.000000,-17.183817,-5.562060,-31.266333,-7.178743,3.755556,0.005663,-0.537219,0.038797,0.751406,-1.137366,1.558622,2.270584,-0.537235,0.088548,0.701220,-1.159793,1.558759,2.248622,5
3478163283027,0.268066,-0.315582,1.851442,-3.198391,-37.728975,-6.237469,0.258731,-0.313126,1.837811,-3.179104,-37.743634,-6.254205,-0.013470,-0.000000,-0.007131,-0.000000,-0.000000,0.000000,-17.340783,-5.113337,-31.279642,-7.181121,3.753203,0.005647,-0.537217,0.038805,0.751411,-1.136671,1.558619,2.271264,-0.537235,0.088548,0.701220,-1.159793,1.558759,2.248622,5
3478164303474,0.268053,-0.315580,1.851433,-3.198392,-37.728974,-6.237472,0.258607,-0.313095,1.837635,-3.178860,-37.743819,-6.254416,-0.013470,-0.000000,-0.008716,-0.000000,-0.000000,-0.003797,-17.506353,-5.044265,-31.288678,-7.177101,3.751122,0.005783,-0.537218,0.038812,0.751416,-1.136292,1.558612,2.271630,-0.537235,0.088548,0.701220,-1.159793,1.558759,2.248622,5
3478165318869,0.268036,-0.315582,1.851425,-3.198390,-37.728975,-6.237470,0.258482,-0.313064,1.837458,-3.178615,-37.744005,-6.254629,-0.016639,-0.000000,-0.007923,-0.000000,-0.000000,0.002848,-17.416028,-5.024322,-31.391893,-7.196240,3.766685,0.005748,-0.537216,0.038821,0.751421,-1.135491,1.558613,2.272415,-0.537235,0.088548,0.701220,-1.159793,1.558759,2.248622,5
3478166314181,0.268020,-0.315581,1.851417,-3.198392,-37.728971,-6.237471,0.258356,-0.313032,1.837280,-3.178368,-37.744192,-6.254844,-0.016639,-0.000000,-0.008716,-0.000000,-0.000000,0.000000,-17.581129,-4.975378,-31.433564,-7.199785,3.769888,0.005867,-0.537216,0.038830,0.751428,-1.134717,1.558605,2.273172,-0.537235,0.088548,0.701220,-1.159793,1.558759,2.248622,5
3478167311987,0.268007,-0.315580,1.851405,-3.198392,-37.728973,-6.237470,0.258230,-0.313000,1.837100,-3.178119,-37.744381,-6.255060,-0.012678,-0.000000,-0.011093,-0.000000,-0.000000,0.000000,-18.068495,-4.896212,-31.413005,-7.187654,3.760088,0.005940,-0.537215,0.038836,0.751435,-1.134000,1.558602,2.273876,-0.537235,0.088548,0.701220,-1.159793,1.558759,2.248622,5
3478168313299,0.267988,-0.315580,1.851399,-3.198392,-37.728971,-6.237471,0.258102,-0.312968,1.836919,-3.177868,-37.744571,-6.255278,-0.016639,-0.000000,-0.006339,-0.000000,-0.000000,0.000000,-17.917113,-4.994273,-31.681734,-7.245368,3.803145,0.006000,-0.537214,0.038847,0.751439,-1.133480,1.558598,2.274377,-0.537235,0.088548,0.701220,-1.159793,1.558759,2.248622,5
3478169312240,0.267970,-0.315579,1.851386,-3.198394,-37.728968,-6.237471,0.257973,-0.312935,1.836736,-3.177615,-37.744763,-6.255497,-0.018224,-0.000000,-0.009508,-0.000000,0.003797,0.000000,-17.955209,-4.859912,-31.613925,-7.223936,3.787433,0.006087,-0.537214,0.038856,0.751447,-1.132510,1.558591,2.275329,-0.537235,0.088548,0.701220,-1.159793,1.558759,2.248622,5
3478170313330,0.267954,-0.315578,1.851376,-3.198392,-37.728971,-6.237472,0.257843,-0.312902,1.836552,-3.177360,-37.744956,-6.255718,-0.015847,-0.000000,-0.010300,-0.000000,-0.002848,0.000000,-18.315117,-4.833768,-31.675920,-7.231370,3.796037,0.006154,-0.537214,0.038865,0.751452,-1.131983,1.558589,2.275840,-0.537235,0.088548,0.701220,-1.159793,1.558759,2.248622,5
3478171283572,0.267935,-0.315579,1.851368,-3.198394,-37.728969,-6.237469,0.257713,-0.312870,1.836367,-3.177104,-37.745150,-6.255941,-0.019016,-0.000000,-0.007923,-0.000000,-0.000000,0.002848,-18.229228,-4.854748,-31.839400,-7.264316,3.819672,0.006179,-0.537212,0.038875,0.751459,-1.131103,1.558585,2.276701,-0.537235,0.088548,0.701220,-1.159793,1.558759,2.248622,5
3478172313121,0.267917,-0.315578,1.851356,-3.198394,-37.728969,-6.237471,0.257581,-0.312836,1.836181,-3.176846,-37.745346,-6.256165,-0.018224,-0.000000,-0.011885,-0.000000,-0.000000,0.000000,-18.460557,-4.714703,-31.752402,-7.237514,3.801275,0.006309,-0.537212,0.038885,0.751466,-1.130406,1.558579,2.277380,-0.537235,0.088548,0.701220,-1.159793,1.558759,2.248622,5
3478173284196,0.267898,-0.315577,1.851348,-3.198392,-37.728966,-6.237471,0.257449,-0.312803,1.835993,-3.176585,-37.745543,-6.256391,-0.019016,-0.000000,-0.008716,-0.000000,0.003797,0.000000,-18.568398,-4.772460,-31.950170,-7.277669,3.828213,0.006372,-0.537211,0.038895,0.751472,-1.129473,1.558575,2.278294,-0.537235,0.088548,0.701220,-1.159793,1.558759,2.248622,5
3478174314285,0.267879,-0.315578,1.851337,-3.198392,-37.728965,-6.237472,0.257315,-0.312769,1.835804,-3.176323,-37.745742,-6.256619,-0.018224,0.002377,-0.009508,-0.000000,-0.000000,0.000000,-18.810573,-5.182813,-32.110255,-7.306883,3.853135,0.006436,-0.537210,0.038905,0.751480,-1.128556,1.558569,2.279193,-0.537235,0.088548,0.701220,-1.159793,1.558759,2.248622,5
3478175313909,0.267860,-0.315577,1.851324,-3.198393,-37.728964,-6.237470,0.257181,-0.312735,1.835613,-3.176059,-37.745942,-6.256848,-0.017432,-0.000000,-0.014262,-0.000000,-0.000000,0.000000,-19.034791,-4.563798,-31.884330,-7.249161,3.811137,0.006534,-0.537209,0.038916,0.751488,-1.127574,1.558564,2.280155,-0.537235,0.088548,0.701220,-1.159793,1.558759,2.248622,5
3478176283272,0.267839,-0.315578,1.851314,-3.198391,-37.728964,-6.237470,0.257046,-0.312701,1.835421,-3.175794,-37.746143,-6.257079,-0.021393,-0.000000,-0.011885,-0.000000,-0.000000,0.002848,-18.887898,-4.587271,-32.056012,-7.284144,3.838271,0.006560,-0.537208,0.038927,0.751494,-1.126746,1.558562,2.280962,-0.537235,0.088548,0.701220,-1.159793,1.558759,2.248622,5
3478177283389,0.267818,-0.315576,1.851302,-3.198395,-37.728964,-6.237470,0.256909,-0.312667,1.835228,-3.175526,-37.746346,-6.257311,-0.019016,-0.000000,-0.010300,-0.000000,-0.000000,0.000000,-19.251379,-4.619197,-32.201373,-7.310800,3.856531,0.006670,-0.537207,0.038938,0.751502,-1.126119,1.558554,2.281568,-0.537235,0.088548,0.701220,-1.159793,1.558759,2.248622,5
3478178283122,0.267795,-0.315573,1.851288,-3.198392,-37.728959,-6.237471,0.256772,-0.312632,1.835033,-3.175256,-37.746551,-6.257545,-0.022978,0.003169,-0.014262,0.002848,0.002848,0.000000,-19.112336,-5.067258,-32.260266,-7.321213,3.864763,0.006661,-0.537207,0.038950,0.751511,-1.124885,1.558549,2.282779,-0.537235,0.088548,0.701220,-1.159793,1.558759,2.248622,5
3478179319640,0.267773,-0.315573,1.851276,-3.198393,-37.728964,-6.237471,0.256634,-0.312597,1.834837,-3.174985,-37.746757,-6.257781,-0.024563,0.002377,-0.015055,-0.000000,-0.000000,0.000000,-19.154376,-4.852152,-32.261470,-7.312259,3.863784,0.006835,-0.537206,0.038962,0.751518,-1.124333,1.558544,2.283310,-0.537235,0.088548,0.701220,-1.159793,1.558759,2.248622,5
3478180283345,0.267753,-0.315574,1.851264,-3.198392,-37.728959,-6.237472,0.256495,-0.312562,1.834640,-3.174712,-37.746964,-6.258018,-0.019809,-0.000000,-0.011093,-0.000000,-0.000000,0.000000,-19.706170,-4.508044,-32.401313,-7.338428,3.878438,0.006897,-0.537205,0.038973,0.751526,-1.123109,1.558537,2.284514,-0.537235,0.088548,0.701220,-1.159793,1.558759,2.248622,5
3478181313318,0.267730,-0.315574,1.851249,-3.198393,-37.728957,-6.237472,0.256354,-0.312527,1.834441,-3.174436,-37.747172,-6.258257,-0.022978,-0.000000,-0.015055,-0.000000,-0.000000,0.000000,-19.622449,-4.344911,-32.311654,-7.312047,3.862329,0.006992,-0.537204,0.038985,0.751537,-1.121896,1.558529,2.285704,-0.537235,0.088548,0.701220,-1.159793,1.558759,2.248622,5
3478182283620,0.267706,-0.315573,1.851236,-3.198396,-37.728957,-6.237472,0.256213,-0.312491,1.834241,-3.174159,-37.747383,-6.258498,-0.023770,-0.000000,-0.015847,-0.002848,-0.000000,0.000000,-19.731389,-4.279626,-32.342887,-7.309277,3.864281,0.007165,-0.537203,0.038998,0.751546,-1.121065,1.558521,2.286510,-0.537235,0.088548,0.701220,-1.159793,1.558759,2.248622,5
3478183283171,0.267682,-0.315572,1.851223,-3.198394,-37.728957,-6.237470,0.256071,-0.312456,1.834040,-3.173880,-37.747594,-6.258740,-0.023770,-0.000000,-0.014262,-0.000000,0.002848,0.002848,-19.906960,-4.302315,-32.494252,-7.341922,3.883454,0.007098,-0.537202,0.039011,0.751553,-1.120058,1.558519,2.287493,-0.537235,0.088548,0.701220,-1.159793,1.558759,2.248622,5
3478184311916,0.267656,-0.315571,1.851208,-3.198392,-37.728954,-6.237472,0.255928,-0.312419,1.833837,-3.173599,-37.747807,-6.258984,-0.026940,-0.000000,-0.014262,-0.000000,-0.000000,0.000000,-19.824963,-4.264105,-32.576995,-7.355579,3.897059,0.007223,-0.537201,0.039025,0.751563,-1.118804,1.558512,2.288721,-0.537235,0.088548,0.701220,-1.159793,1.558759,2.248622,5
3478185312263,0.267632,-0.315573,1.851195,-3.198394,-37.728952,-6.237470,0.255784,-0.312383,1.833633,-3.173317,-37.748021,-6.259230,-0.024563,-0.000000,-0.015847,-0.000000,-0.000000,0.000000,-20.191806,-4.193750,-32.592398,-7.351847,3.894007,0.007302,-0.537199,0.039038,0.751573,-1.117562,1.558504,2.289939,-0.537235,0.088548,0.701220,-1.159793,1.558759,2.248622,5
3478186312175,0.267603,-0.315570,1.851178,-3.198395,-37.728951,-6.237472,0.255639,-0.312347,1.833427,-3.173032,-37.748237,-6.259477,-0.029317,0.003169,-0.016639,-0.000000,-0.000000,0.000000,-19.992147,-4.727198,-32.776816,-7.387689,3.924900,0.007377,-0.537199,0.039053,0.751583,-1.116609,1.558496,2.290863,-0.537235,0.088548,0.701220,-1.159793,1.558759,2.248622,5
3478187312299,0.267576,-0.315570,1.851163,-3.198394,-37.728949,-6.237471,0.255493,-0.312310,1.833220,-3.172745,-37.748455,-6.259726,-0.026940,-0.000000,-0.015055,-0.000000,0.002848,0.000000,-20.349341,-4.144236,-32.774740,-7.381918,3.916150,0.007458,-0.537197,0.039068,0.751593,-1.115303,1.558490,2.292142,-0.537235,0.088548,0.701220,-1.159793,1.558759,2.248622,5
3478188311845,0.267546,-0.315569,1.851149,-3.198395,-37.728951,-6.237469,0.255346,-0.312273,1.833012,-3.172457,-37.748673,-6.259976,-0.030109,-0.000000,-0.014262,-0.000000,-0.000000,0.000000,-20.268026,-4.129313,-32.891992,-7.403528,3.935360,0.007537,-0.537196,0.039084,0.751602,-1.114424,1.558486,2.292991,-0.537235,0.088548,0.701220,-1.159793,1.558759,2.248622,5
3478189312402,0.267516,-0.315568,1.851131,-3.198394,-37.728950,-6.237471,0.255198,-0.312235,1.832802,-3.172166,-37.748894,-6.260229,-0.030109,-0.000000,-0.018224,-0.000000,-0.000000,0.000000,-20.440738,-3.979911,-32.807542,-7.377216,3.917749,0.007629,-0.537195,0.039100,0.751613,-1.113117,1.558477,2.294267,-0.537235,0.088548,0.701220,-1.159793,1.558759,2.248622,5
3478190283336,0.267486,-0.315567,1.851116,-3.198396,-37.728948,-6.237472,0.255049,-0.312198,1.832591,-3.171874,-37.749115,-6.260483,-0.030109,-0.000000,-0.014262,-0.000000,0.002848,0.000000,-20.618572,-4.064153,-33.045407,-7.425962,3.950995,0.007695,-0.537194,0.039116,0.751623,-1.112089,1.558467,2.295265,-0.537235,0.088548,0.701220,-1.159793,1.558759,2.248622,5
3478191283446,0.267451,-0.315567,1.851100,-3.198394,-37.728948,-6.237472,0.254900,-0.312160,1.832379,-3.171580,-37.749338,-6.260738,-0.034863,-0.000000,-0.015847,-0.000000,-0.000000,0.000000,-20.407181,-3.967069,-33.062701,-7.424763,3.955032,0.007785,-0.537192,0.039135,0.751633,-1.110811,1.558462,2.296509,-0.537235,0.088548,0.701220,-1.159793,1.558759,2.248622,5
3478192299674,0.267418,-0.315566,1.851082,-3.198395,-37.728944,-6.237469,0.254749,-0.312122,1.832165,-3.171283,-37.749563,-6.260995,-0.032486,-0.000000,-0.018224,-0.000000,0.003797,0.002848,-20.773216,-3.869383,-33.037771,-7.411580,3.943173,0.007825,-0.537191,0.039153,0.751645,-1.109258,1.558454,2.298029,-0.537235,0.088548,0.701220,-1.159793,1.558759,2.248622,5
3478193284112,0.267385,-0.315567,1.851066,-3.198396,-37.728941,-6.237471,0.254597,-0.312084,1.831949,-3.170985,-37.749789,-6.261254,-0.034863,-0.000000,-0.016639,-0.000000,0.002848,0.000000,-20.758008,-3.873466,-33.183770,-7.439509,3.965312,0.007948,-0.537189,0.039171,0.751658,-1.107890,1.558443,2.299364,-0.537235,0.088548,0.701220,-1.159793,1.558759,2.248622,5
3478194316338,0.267351,-0.315563,1.851050,-3.198395,-37.728943,-6.237471,0.254444,-0.312045,1.831733,-3.170685,-37.750016,-6.261515,-0.034071,0.003169,-0.015847,-0.000000,-0.000000,0.000000,-21.008554,-4.483917,-33.449774,-7.492428,4.007067,0.008010,-0.537188,0.039189,0.751665,-1.107074,1.558439,2.300145,-0.537235,0.088548,0.701220,-1.159793,1.558759,2.248622,5
3478195311487,0.267314,-0.315563,1.851029,-3.198395,-37.728939,-6.237468,0.254290,-0.312006,1.831515,-3.170383,-37.750245,-6.261777,-0.036448,-0.000000,-0.019016,-0.000000,0.002848,0.002848,-20.979863,-3.734582,-33.247107,-7.441238,3.968977,0.008073,-0.537187,0.039208,0.751680,-1.105206,1.558430,2.301978,-0.537235,0.088548,0.701220,-1.159793,1.558759,2.248622,5
3478196314195,0.267278,-0.315563,1.851012,-3.198394,-37.728938,-6.237472,0.254136,-0.311967,1.831295,-3.170079,-37.750476,-6.262041,-0.036448,-0.000000,-0.019016,-0.000000,-0.000000,-0.003797,-21.155179,-3.708129,-33.336382,-7.455074,3.981247,0.008258,-0.537185,0.039228,0.751691,-1.104038,1.558420,2.303109,-0.537235,0.088548,0.701220,-1.159793,1.558759,2.248622,5
3478197313081,0.267239,-0.315561,1.850990,-3.198397,-37.728938,-6.237470,0.253980,-0.311928,1.831075,-3.169774,-37.750708,-6.262306,-0.037240,-0.000000,-0.021393,-0.003797,-0.000000,0.002848,-21.264904,-3.589340,-33.300093,-7.435051,3.972075,0.008367,-0.537184,0.039249,0.751705,-1.102677,1.558409,2.304430,-0.537235,0.088548,0.701220,-1.159793,1.558759,2.248622,5
3478198313940,0.267200,-0.315559,1.850969,-3.198396,-37.728933,-6.237472,0.253823,-0.311889,1.830852,-3.169466,-37.750941,-6.262574,-0.038825,0.002377,-0.021393,-0.000000,0.003797,0.000000,-21.321174,-4.010101,-33.495617,-7.477776,3.999765,0.008365,-0.537183,0.039269,0.751719,-1.101001,1.558398,2.306068,-0.537235,0.088548,0.701220,-1.159793,1.558759,2.248622,5
3478199312975,0.267157,-0.315559,1.850950,-3.198396,-37.728935,-6.237472,0.253665,-0.311849,1.830629,-3.169156,-37.751176,-6.262842,-0.043579,-0.000000,-0.019016,-0.000000,-0.000000,0.000000,-21.103446,-3.577832,-33.573924,-7.492069,4.013323,0.008453,-0.537180,0.039293,0.751731,-1.099678,1.558391,2.307348,-0.537235,0.088548,0.701220,-1.159793,1.558759,2.248622,5
3478200313710,0.267114,-0.315558,1.850928,-3.198397,-37.728930,-6.237472,0.253507,-0.311809,1.830404,-3.168844,-37.751412,-6.263113,-0.042787,-0.000000,-0.022186,-0.000000,0.004746,0.000000,-21.340202,-3.445006,-33.513474,-7.470875,3.996205,0.008547,-0.537179,0.039316,0.751746,-1.097927,1.558377,2.309055,-0.537235,0.088548,0.701220,-1.159793,1.558759,2.248622,5
3478201312838,0.267069,-0.315556,1.850905,-3.198396,-37.728930,-6.237471,0.253347,-0.311769,1.830177,-3.168531,-37.751650,-6.263385,-0.045164,0.002377,-0.022186,-0.000000,-0.000000,0.000000,-21.329327,-3.865465,-33.712363,-7.509455,4.030047,0.008622,-0.537177,0.039340,0.751759,-1.096437,1.558370,2.310500,-0.537235,0.088548,0.701220,-1.159793,1.558759,2.248622,5
3478202313738,0.267025,-0.315556,1.850884,-3.198395,-37.728930,-6.237472,0.253186,-0.311728,1.829950,-3.168215,-37.751889,-6.263659,-0.043579,-0.000000,-0.021393,-0.000000,-0.000000,0.000000,-21.624202,-3.405986,-33.722005,-7.505797,4.025608,0.008708,-0.537175,0.039364,0.751773,-1.094814,1.558361,2.312079,-0.537235,0.088548,0.701220,-1.159793,1.558759,2.248622,5
3478203312629,0.266979,-0.315554,1.850860,-3.198394,-37.728928,-6.237472,0.253025,-0.311687,1.829720,-3.167898,-37.752130,-6.263935,-0.045956,0.002377,-0.023770,-0.000000,0.002848,0.000000,-21.614055,-3.740134,-33.803543,-7.517117,4.035910,0.008794,-0.537173,0.039388,0.751788,-1.093047,1.558351,2.313801,-0.537235,0.088548,0.701220,-1.159793,1.558759,2.248622,5
3478204283152,0.266930,-0.315552,1.850837,-3.198395,-37.728925,-6.237472,0.252862,-0.311646,1.829490,-3.167579,-37.752372,-6.264212,-0.049125,0.002377,-0.023770,-0.000000,-0.000000,0.000000,-21.530914,-3.699177,-33.890483,-7.531276,4.050034,0.008882,-0.537172,0.039414,0.751803,-1.091353,1.558339,2.315446,-0.537235,0.088548,0.701220,-1.159793,1.558759,2.248622,5
3478205283030,0.266884,-0.315550,1.850814,-3.198397,-37.728922,-6.237471,0.252698,-0.311605,1.829258,-3.167257,-37.752615,-6.264491,-0.045956,-0.000000,-0.022186,-0.000000,0.002848,0.000000,-21.954877,-3.268781,-33.928756,-7.533673,4.047428,0.008966,-0.537170,0.039439,0.751818,-1.089754,1.558326,2.316999,-0.537235,0.088548,0.701220,-1.159793,1.558759,2.248622,5
3478206283244,0.266836,-0.315548,1.850788,-3.198396,-37.728922,-6.237471,0.252534,-0.311563,1.829024,-3.166934,-37.752860,-6.264772,-0.048333,0.002377,-0.026147,-0.000000,-0.000000,0.000000,-21.943956,-3.563948,-33.959082,-7.532918,4.052647,0.009057,-0.537168,0.039465,0.751834,-1.087937,1.558316,2.318767,-0.537235,0.088548,0.701220,-1.159793,1.558759,2.248622,5
3478207283836,0.266786,-0.315547,1.850763,-3.198399,-37.728922,-6.237470,0.252368,-0.311522,1.828789,-3.166609,-37.753107,-6.265054,-0.051502,-0.000000,-0.026940,-0.003797,-0.000000,0.000000,-21.854639,-3.025904,-33.881204,-7.505094,4.037416,0.009282,-0.537167,0.039492,0.751850,-1.086356,1.558303,2.320299,-0.537235,0.088548,0.701220,-1.159793,1.558759,2.248622,5
3478208295669,0.266738,-0.315545,1.850738,-3.198395,-37.728918,-6.237472,0.252202,-0.311480,1.828553,-3.166281,-37.753355,-6.265339,-0.048333,-0.000000,-0.025355,0.004746,0.003797,0.000000,-22.287190,-3.073571,-34.064944,-7.551254,4.058660,0.009080,-0.537165,0.039518,0.751866,-1.084298,1.558293,2.322308,-0.537235,0.088548,0.701220,-1.159793,1.558759,2.248622,5
3478209321225,0.266686,-0.315543,1.850711,-3.198397,-37.728917,-6.237470,0.252034,-0.311437,1.828316,-3.165952,-37.753605,-6.265624,-0.051502,0.002377,-0.026940,-0.002848,-0.000000,0.000000,-22.213792,-3.413913,-34.159395,-7.555476,4.075587,0.009411,-0.537163,0.039545,0.751883,-1.082530,1.558280,2.324025,-0.537235,0.088548,0.701220,-1.159793,1.558759,2.248622,5
3478210312000,0.266631,-0.315540,1.850683,-3.198396,-37.728914,-6.237472,0.251865,-0.311395,1.828076,-3.165621,-37.753856,-6.265912,-0.054672,0.003169,-0.027732,-0.000000,0.002848,0.000000,-22.134186,-3.498276,-34.249441,-7.573615,4.087123,0.009410,-0.537162,0.039574,0.751900,-1.080632,1.558266,2.325867,-0.537235,0.088548,0.701220,-1.159793,1.558759,2.248622,5
3478211311791,0.266577,-0.315538,1.850652,-3.198397,-37.728914,-6.237472,0.251696,-0.311352,1.827836,-3.165288,-37.754108,-6.266201,-0.054672,-0.000000,-0.030109,-0.000000,-0.000000,0.000000,-22.295756,-2.791708,-34.098395,-7.533192,4.058912,0.009515,-0.537159,0.039604,0.751919,-1.078604,1.558252,2.327841,-0.537235,0.088548,0.701220,-1.159793,1.558759,2.248622,5
3478212315338,0.266521,-0.315537,1.850623,-3.198396,-37.728912,-6.237471,0.251525,-0.311309,1.827594,-3.164953,-37.754362,-6.266492,-0.054672,0.003962,-0.028524,-0.000000,-0.000000,0.000000,-22.484020,-3.556602,-34.424853,-7.599611,4.109585,0.009580,-0.537157,0.039633,0.751938,-1.076451,1.558239,2.329938,-0.537235,0.088548,0.701220,-1.159793,1.558759,2.248622,5
3478213314081,0.266467,-0.315537,1.850588,-3.198396,-37.728911,-6.237470,0.251353,-0.311266,1.827351,-3.164616,-37.754618,-6.266785,-0.053879,-0.000000,-0.035656,-0.000000,-0.000000,0.000000,-22.706956,-2.552022,-34.033911,-7.503586,4.039721,0.009705,-0.537154,0.039663,0.751961,-1.073804,1.558224,2.332531,-0.537235,0.088548,0.701220,-1.159793,1.558759,2.248622,5
3478214312134,0.266412,-0.315534,1.850555,-3.198396,-37.728911,-6.237471,0.251181,-0.311222,1.827106,-3.164277,-37.754875,-6.267079,-0.055464,0.002377,-0.032486,-0.000000,-0.000000,0.000000,-22.764754,-3.056658,-34.352915,-7.569662,4.089695,0.009774,-0.537152,0.039692,0.751981,-1.071771,1.558208,2.334508,-0.537235,0.088548,0.701220,-1.159793,1.558759,2.248622,5
3478215283438,0.266354,-0.315529,1.850520,-3.198397,-37.728906,-6.237471,0.251007,-0.311179,1.826860,-3.163936,-37.755133,-6.267375,-0.057841,0.004754,-0.034863,-0.000000,0.002848,0.000000,-22.755398,-3.390350,-34.435119,-7.580812,4.099989,0.009865,-0.537151,0.039723,0.752002,-1.069378,1.558190,2.336844,-0.537235,0.088548,0.701220,-1.159793,1.558759,2.248622,5
3478216283431,0.266294,-0.315529,1.850484,-3.198399,-37.728902,-6.237472,0.250833,-0.311134,1.826612,-3.163593,-37.755393,-6.267673,-0.060218,-0.000000,-0.036448,-0.000000,0.005695,0.000000,-22.720882,-2.378120,-34.227550,-7.528927,4.060327,0.009982,-0.537148,0.039755,0.752027,-1.066690,1.558168,2.339472,-0.537235,0.088548,0.701220,-1.159793,1.558759,2.248622,5
3478217283539,0.266236,-0.315526,1.850450,-3.198398,-37.728904,-6.237472,0.250657,-0.311090,1.826363,-3.163248,-37.755655,-6.267972,-0.057841,0.003169,-0.034071,-0.002848,-0.000000,0.000000,-23.100114,-3.030342,-34.554922,-7.591337,4.112450,0.010135,-0.537146,0.039786,0.752047,-1.064642,1.558155,2.341461,-0.537235,0.088548,0.701220,-1.159793,1.558759,2.248622,5
3478218314736,0.266177,-0.315521,1.850415,-3.198399,-37.728901,-6.237472,0.250480,-0.311046,1.826113,-3.162902,-37.755917,-6.268273,-0.062595,0.003962,-0.036448,-0.000000,0.003797,0.000000,-22.895274,-3.058355,-34.576086,-7.593696,4.113261,0.010146,-0.537145,0.039818,0.752068,-1.062400,1.558138,2.343644,-0.537235,0.088548,0.701220,-1.159793,1.558759,2.248622,5
3478219312548,0.266116,-0.315520,1.850381,-3.198398,-37.728899,-6.237471,0.250303,-0.311001,1.825861,-3.162553,-37.756182,-6.268576,-0.060218,-0.000000,-0.034071,-0.000000,-0.000000,0.000000,-23.250093,-2.353064,-34.592182,-7.591806,4.110733,0.010235,-0.537143,0.039850,0.752090,-1.059955,1.558123,2.346029,-0.537235,0.088548,0.701220,-1.159793,1.558759,2.248622,5
3478220283475,0.266054,-0.315519,1.850341,-3.198399,-37.728899,-6.237471,0.250124,-0.310956,1.825608,-3.162202,-37.756448,-6.268881,-0.062595,-0.000000,-0.039617,-0.000000,-0.000000,0.000000,-23.230996,-2.134604,-34.442124,-7.550214,4.083876,0.010347,-0.537139,0.039884,0.752115,-1.057320,1.558103,2.348601,-0.537235,0.088548,0.701220,-1.159793,1.558759,2.248622,5
3478221283349,0.265987,-0.315515,1.850301,-3.198401,-37.728898,-6.237472,0.249944,-0.310911,1.825353,-3.161849,-37.756715,-6.269187,-0.064180,0.002377,-0.038033,-0.000000,-0.000000,0.000000,-23.285089,-2.591469,-34.695498,-7.600827,4.123119,0.010425,-0.537138,0.039920,0.752140,-1.054866,1.558083,2.350989,-0.537235,0.088548,0.701220,-1.159793,1.558759,2.248622,5
3478222283232,0.265925,-0.315511,1.850266,-3.198399,-37.728895,-6.237472,0.249764,-0.310865,1.825097,-3.161494,-37.756984,-6.269495,-0.062595,0.003962,-0.038033,-0.000000,0.002848,0.000000,-23.595273,-2.860491,-34.846649,-7.627218,4.141434,0.010506,-0.537136,0.039953,0.752161,-1.052484,1.558068,2.353307,-0.537235,0.088548,0.701220,-1.159793,1.558759,2.248622,5
3478223283535,0.265859,-0.315509,1.850230,-3.198400,-37.728894,-6.237471,0.249582,-0.310819,1.824839,-3.161138,-37.757255,-6.269805,-0.069726,0.002377,-0.038033,-0.000000,-0.000000,0.000000,-23.190477,-2.493354,-34.860405,-7.626095,4.145705,0.010612,-0.537133,0.039988,0.752184,-1.050149,1.558051,2.355577,-0.537235,0.088548,0.701220,-1.159793,1.558759,2.248622,5
3478224296087,0.265790,-0.315507,1.850191,-3.198400,-37.728893,-6.237471,0.249399,-0.310773,1.824580,-3.160779,-37.757527,-6.270116,-0.068934,-0.000000,-0.039617,-0.000000,-0.000000,0.000000,-23.418731,-1.954946,-34.772196,-7.599356,4.125725,0.010716,-0.537130,0.040025,0.752209,-1.047497,1.558031,2.358159,-0.537235,0.088548,0.701220,-1.159793,1.558759,2.248622,5
3478225283213,0.265721,-0.315503,1.850153,-3.198402,-37.728890,-6.237469,0.249216,-0.310727,1.824320,-3.160418,-37.757800,-6.270430,-0.068934,0.003962,-0.038033,-0.000000,0.002848,0.000000,-23.607643,-2.715834,-35.093489,-7.664259,4.173794,0.010787,-0.537128,0.040062,0.752233,-1.044930,1.558012,2.360658,-0.537235,0.088548,0.701220,-1.159793,1.558759,2.248622,5
3478226283537,0.265651,-0.315500,1.850112,-3.198401,-37.728890,-6.237471,0.249031,-0.310680,1.824058,-3.160056,-37.758075,-6.270744,-0.069726,0.003169,-0.040410,-0.000000,-0.000000,0.000000,-23.714115,-2.456956,-35.050484,-7.647448,4.164551,0.010889,-0.537126,0.040099,0.752257,-1.042449,1.557993,2.363069,-0.537235,0.088548,0.701220,-1.159793,1.558759,2.248622,5
3478227312147,0.265580,-0.315495,1.850069,-3.198401,-37.728889,-6.237472,0.248845,-0.310633,1.823795,-3.159691,-37.758351,-6.271061,-0.071311,0.004754,-0.040410,-0.000000,0.002848,0.000000,-23.766304,-2.709856,-35.196910,-7.673582,4.184370,0.010978,-0.537124,0.040137,0.752283,-1.039805,1.557972,2.365641,-0.537235,0.088548,0.701220,-1.159793,1.558759,2.248622,5
3478228314710,0.265504,-0.315492,1.850026,-3.198400,-37.728888,-6.237472,0.248659,-0.310586,1.823530,-3.159325,-37.758629,-6.271379,-0.076065,0.003169,-0.042787,-0.000000,-0.000000,0.000000,-23.547642,-2.280893,-35.114007,-7.649147,4.171183,0.011090,-0.537122,0.040178,0.752309,-1.037041,1.557952,2.368329,-0.537235,0.088548,0.701220,-1.159793,1.558759,2.248622,5
3478229325041,0.265428,-0.315490,1.849982,-3.198403,-37.728887,-6.237472,0.248471,-0.310539,1.823264,-3.158956,-37.758909,-6.271699,-0.076065,0.002377,-0.043579,-0.002848,-0.000000,0.000000,-23.716456,-2.054946,-35.115502,-7.638638,4.167031,0.011280,-0.537118,0.040219,0.752337,-1.034331,1.557928,2.370963,-0.537235,0.088548,0.701220,-1.159793,1.558759,2.248622,5
3478230283263,0.265349,-0.315483,1.849934,-3.198402,-37.728884,-6.237471,0.248282,-0.310491,1.822997,-3.158585,-37.759190,-6.272021,-0.076858,0.005546,-0.045956,-0.000000,0.002848,0.000000,-23.833448,-2.552986,-35.249156,-7.664270,4.184734,0.011278,-0.537117,0.040261,0.752366,-1.031263,1.557907,2.373952,-0.537235,0.088548,0.701220,-1.159793,1.558759,2.248622,5
3478231315389,0.265274,-0.315477,1.849887,-3.198400,-37.728885,-6.237471,0.248093,-0.310444,1.822728,-3.158213,-37.759472,-6.272345,-0.075273,0.006339,-0.046748,-0.000000,-0.000000,0.000000,-24.137344,-2.657919,-35.345761,-7.678163,4.197118,0.011366,-0.537115,0.040301,0.752392,-1.028562,1.557888,2.376578,-0.537235,0.088548,0.701220,-1.159793,1.558759,2.248622,5
3478232284292,0.265197,-0.315476,1.849838,-3.198403,-37.728881,-6.237472,0.247902,-0.310395,1.822457,-3.157838,-37.759756,-6.272670,-0.076858,-0.000000,-0.049125,-0.002848,0.003797,0.000000,-24.161035,-1.307377,-35.019464,-7.595246,4.136332,0.011588,-0.537111,0.040342,0.752425,-1.025297,1.557857,2.379766,-0.537235,0.088548,0.701220,-1.159793,1.558759,2.248622,5
3478233312595,0.265122,-0.315472,1.849791,-3.198403,-37.728880,-6.237471,0.247710,-0.310347,1.822185,-3.157462,-37.760042,-6.272997,-0.078442,0.003962,-0.049918,-0.000000,-0.000000,0.000000,-24.221992,-2.010005,-35.270929,-7.647865,4.177862,0.011578,-0.537109,0.040382,0.752454,-1.022333,1.557836,2.382654,-0.537235,0.088548,0.701220,-1.159793,1.558759,2.248622,5
3478234313783,0.265038,-0.315467,1.849737,-3.198403,-37.728875,-6.237470,0.247517,-0.310298,1.821912,-3.157083,-37.760329,-6.273326,-0.082404,0.004754,-0.050710,-0.000000,0.004746,0.000000,-24.075515,-2.069477,-35.339899,-7.657066,4.185336,0.011679,-0.537107,0.040427,0.752488,-1.018752,1.557809,2.386151,-0.537235,0.088548,0.701220,-1.159793,1.558759,2.248622,5
3478235314095,0.264962,-0.315461,1.849683,-3.198400,-37.728874,-6.237472,0.247324,-0.310250,1.821637,-3.156703,-37.760617,-6.273656,-0.079235,0.004754,-0.056257,-0.002848,0.002848,0.000000,-24.504779,-1.873277,-35.188134,-7.609292,4.155258,0.011877,-0.537105,0.040468,0.752520,-1.015486,1.557784,2.389341,-0.537235,0.088548,0.701220,-1.159793,1.558759,2.248622,5
3478236282934,0.264876,-0.315456,1.849626,-3.198403,-37.728874,-6.237472,0.247129,-0.310200,1.821361,-3.156320,-37.760907,-6.273988,-0.082404,0.002377,-0.054672,-0.002848,-0.000000,0.000000,-24.411360,-1.416052,-35.232190,-7.614215,4.161271,0.011980,-0.537102,0.040514,0.752555,-1.012128,1.557754,2.392612,-0.537235,0.088548,0.701220,-1.159793,1.558759,2.248622,5
3478237283127,0.264794,-0.315451,1.849569,-3.198400,-37.728874,-6.237471,0.246933,-0.310151,1.821083,-3.155936,-37.761199,-6.274322,-0.081612,0.005546,-0.057049,-0.000000,-0.000000,0.000000,-24.658841,-1.921881,-35.373385,-7.640971,4.180642,0.011976,-0.537100,0.040557,0.752588,-1.008690,1.557730,2.395968,-0.537235,0.088548,0.701220,-1.159793,1.558759,2.248622,5
3478238283047,0.264710,-0.315447,1.849512,-3.198400,-37.728873,-6.237471,0.246736,-0.310101,1.820804,-3.155549,-37.761492,-6.274658,-0.083989,0.003962,-0.057049,-0.000000,-0.000000,0.000000,-24.634986,-1.564983,-35.381679,-7.636872,4.178870,0.012080,-0.537097,0.040602,0.752624,-1.005134,1.557701,2.399441,-0.537235,0.088548,0.701220,-1.159793,1.558759,2.248622,5
3478239324525,0.264628,-0.315441,1.849455,-3.198402,-37.728870,-6.237472,0.246538,-0.310052,1.820524,-3.155161,-37.761786,-6.274995,-0.086366,0.003962,-0.059426,-0.000000,0.003797,0.000000,-24.617985,-1.435104,-35.354367,-7.623475,4.169676,0.012189,-0.537094,0.040646,0.752659,-1.001751,1.557669,2.402741,-0.537235,0.088548,0.701220,-1.159793,1.558759,2.248622,5
3478240314541,0.264542,-0.315435,1.849394,-3.198404,-37.728870,-6.237471,0.246339,-0.310001,1.820242,-3.154770,-37.762082,-6.275334,-0.085573,0.006339,-0.060218,-0.000000,-0.000000,0.000000,-24.862558,-1.835125,-35.521147,-7.652705,4.195134,0.012276,-0.537092,0.040692,0.752695,-0.998336,1.557639,2.406070,-0.537235,0.088548,0.701220,-1.159793,1.558759,2.248622,5
3478241313519,0.264456,-0.315430,1.849333,-3.198398,-37.728867,-6.237472,0.246140,-0.309951,1.819959,-3.154378,-37.762380,-6.275675,-0.086366,0.005546,-0.061803,0.005695,0.002848,0.000000,-24.968973,-1.603670,-35.521412,-7.653359,4.189431,0.012197,-0.537089,0.040738,0.752732,-0.994370,1.557611,2.409950,-0.537235,0.088548,0.701220,-1.159793,1.558759,2.248622,5
3478242313872,0.264362,-0.315423,1.849265,-3.198400,-37.728868,-6.237472,0.245939,-0.309900,1.819674,-3.153983,-37.762679,-6.276017,-0.087950,0.006339,-0.066557,-0.000000,-0.000000,0.000000,-25.010276,-1.549492,-35.418808,-7.614018,4.171719,0.012493,-0.537087,0.040788,0.752773,-0.990634,1.557577,2.413591,-0.537235,0.088548,0.701220,-1.159793,1.558759,2.248622,5
3478243312277,0.264270,-0.315417,1.849204,-3.198403,-37.728864,-6.237472,0.245737,-0.309849,1.819387,-3.153587,-37.762979,-6.276362,-0.091912,0.006339,-0.061803,-0.000000,-0.000000,0.000000,-24.864445,-1.631954,-35.693697,-7.671344,4.215106,0.012580,-0.537084,0.040837,0.752811,-0.987008,1.557542,2.417125,-0.537235,0.088548,0.701220,-1.159793,1.558759,2.248622,5
3478244283751,0.264178,-0.315411,1.849136,-3.198400,-37.728867,-6.237471,0.245534,-0.309798,1.819100,-3.153188,-37.763281,-6.276708,-0.091912,0.005546,-0.067349,-0.000000,-0.000000,0.000000,-25.030537,-1.270495,-35.509582,-7.621143,4.180576,0.012698,-0.537081,0.040886,0.752851,-0.983143,1.557513,2.420898,-0.537235,0.088548,0.701220,-1.159793,1.558759,2.248622,5
3478245312855,0.264084,-0.315403,1.849069,-3.198401,-37.728864,-6.237471,0.245330,-0.309747,1.818811,-3.152788,-37.763585,-6.277055,-0.094289,0.007923,-0.067349,-0.000000,-0.000000,0.000000,-25.017873,-1.672823,-35.695750,-7.655821,4.209267,0.012790,-0.537079,0.040936,0.752891,-0.979287,1.557477,2.424659,-0.537235,0.088548,0.701220,-1.159793,1.558759,2.248622,5
3478246314298,0.263990,-0.315398,1.849001,-3.198400,-37.728864,-6.237472,0.245125,-0.309695,1.818520,-3.152385,-37.763890,-6.277405,-0.093497,0.005546,-0.067349,0.002848,-0.000000,0.000000,-25.245369,-1.187084,-35.684536,-7.650332,4.201639,0.012802,-0.537076,0.040986,0.752932,-0.975441,1.557443,2.428412,-0.537235,0.088548,0.701220,-1.159793,1.558759,2.248622,5
3478247313120,0.263898,-0.315392,1.848932,-3.198401,-37.728862,-6.237472,0.244919,-0.309643,1.818228,-3.151981,-37.764197,-6.277756,-0.097458,0.004754,-0.069726,-0.000000,-0.000000,0.000000,-25.095954,-0.891956,-35.613378,-7.623723,4.188358,0.013010,-0.537073,0.041036,0.752975,-0.971390,1.557405,2.432369,-0.537235,0.088548,0.701220,-1.159793,1.558759,2.248622,5
3478248283312,0.263794,-0.315384,1.848856,-3.198402,-37.728864,-6.237472,0.244712,-0.309591,1.817935,-3.151575,-37.764505,-6.278109,-0.099836,0.006339,-0.072896,-0.000000,-0.000000,0.000000,-25.073764,-1.045317,-35.630460,-7.619482,4.189243,0.013118,-0.537070,0.041091,0.753020,-0.967392,1.557366,2.436263,-0.537235,0.088548,0.701220,-1.159793,1.558759,2.248622,5
3478249283397,0.263698,-0.315380,1.848781,-3.198402,-37.728861,-6.237471,0.244504,-0.309539,1.817640,-3.151166,-37.764815,-6.278464,-0.095874,0.004754,-0.074480,-0.000000,0.002848,0.000000,-25.559262,-0.658786,-35.569306,-7.597133,4.169879,0.013220,-0.537067,0.041142,0.753066,-0.962871,1.557327,2.440689,-0.537235,0.088548,0.701220,-1.159793,1.558759,2.248622,5
3478250283925,0.263597,-0.315370,1.848708,-3.198400,-37.728863,-6.237470,0.244295,-0.309486,1.817343,-3.150756,-37.765126,-6.278820,-0.101420,0.009508,-0.072896,-0.000000,-0.000000,0.000000,-25.298408,-1.554061,-35.932205,-7.672351,4.232204,0.013304,-0.537065,0.041196,0.753108,-0.959008,1.557294,2.444450,-0.537235,0.088548,0.701220,-1.159793,1.558759,2.248622,5
3478251282987,0.263499,-0.315362,1.848639,-3.198401,-37.728862,-6.237470,0.244085,-0.309433,1.817045,-3.150343,-37.765439,-6.279178,-0.099836,0.008716,-0.071311,-0.000000,-0.000000,0.002848,-25.597010,-1.415461,-36.046490,-7.690996,4.245077,0.013352,-0.537063,0.041248,0.753149,-0.955249,1.557257,2.448111,-0.537235,0.088548,0.701220,-1.159793,1.558759,2.248622,5
3478252306008,0.263395,-0.315355,1.848560,-3.198402,-37.728863,-6.237472,0.243874,-0.309380,1.816746,-3.149929,-37.765753,-6.279538,-0.104590,0.007131,-0.078442,-0.000000,-0.000000,0.000000,-25.373187,-0.832385,-35.754955,-7.617402,4.196114,0.013536,-0.537059,0.041304,0.753196,-0.951135,1.557214,2.452120,-0.537235,0.088548,0.701220,-1.159793,1.558759,2.248622,5
3478253319320,0.263288,-0.315346,1.848483,-3.198402,-37.728863,-6.237472,0.243662,-0.309326,1.816446,-3.149512,-37.766069,-6.279900,-0.106174,0.009508,-0.077650,-0.002848,0.003797,0.000000,-25.422200,-1.244335,-35.950663,-7.650239,4.223660,0.013720,-0.537057,0.041360,0.753242,-0.947098,1.557174,2.456050,-0.537235,0.088548,0.701220,-1.159793,1.558759,2.248622,5
3478254314175,0.263185,-0.315337,1.848400,-3.198401,-37.728865,-6.237470,0.243449,-0.309272,1.816143,-3.149094,-37.766386,-6.280263,-0.103797,0.008716,-0.082404,-0.000000,-0.000000,0.002848,-25.778268,-0.933841,-35.823408,-7.616066,4.198747,0.013695,-0.537055,0.041416,0.753290,-0.942665,1.557135,2.460379,-0.537235,0.088548,0.701220,-1.159793,1.558759,2.248622,5
3478255312016,0.263077,-0.315329,1.848322,-3.198398,-37.728863,-6.237472,0.243235,-0.309218,1.815840,-3.148673,-37.766705,-6.280628,-0.107759,0.007923,-0.078442,0.002848,-0.000000,0.000000,-25.626257,-0.847196,-36.041721,-7.664278,4.232519,0.013744,-0.537052,0.041473,0.753337,-0.938343,1.557093,2.464593,-0.537235,0.088548,0.701220,-1.159793,1.558759,2.248622,5
3478256314151,0.262964,-0.315318,1.848229,-3.198402,-37.728864,-6.237470,0.243019,-0.309164,1.815535,-3.148251,-37.767025,-6.280995,-0.107759,0.011885,-0.084781,-0.000000,-0.000000,0.000000,-25.801096,-1.361008,-36.020665,-7.644974,4.226387,0.013944,-0.537050,0.041533,0.753392,-0.933687,1.557044,2.469135,-0.537235,0.088548,0.701220,-1.159793,1.558759,2.248622,5
3478257283981,0.262854,-0.315310,1.848150,-3.198402,-37.728863,-6.237472,0.242803,-0.309110,1.815228,-3.147826,-37.767347,-6.281364,-0.109344,0.007923,-0.083989,-0.000000,-0.000000,-0.002848,-25.828461,-0.575684,-35.954358,-7.624294,4.210917,0.014105,-0.537046,0.041592,0.753439,-0.929595,1.556998,2.473117,-0.537235,0.088548,0.701220,-1.159793,1.558759,2.248622,5
3478258313510,0.262742,-0.315300,1.848063,-3.198401,-37.728863,-6.237472,0.242586,-0.309055,1.814920,-3.147400,-37.767670,-6.281734,-0.112513,0.009508,-0.086366,-0.000000,-0.000000,0.000000,-25.744010,-0.747927,-36.003279,-7.627556,4.217474,0.014169,-0.537044,0.041652,0.753490,-0.925099,1.556953,2.477500,-0.537235,0.088548,0.701220,-1.159793,1.558759,2.248622,5
3478259283581,0.262628,-0.315291,1.847972,-3.198401,-37.728862,-6.237471,0.242368,-0.309000,1.814611,-3.146972,-37.767995,-6.282106,-0.114098,0.009508,-0.091120,-0.000000,-0.000000,0.000000,-25.780047,-0.552244,-35.882571,-7.591740,4.194640,0.014289,-0.537041,0.041712,0.753545,-0.920264,1.556905,2.482221,-0.537235,0.088548,0.701220,-1.159793,1.558759,2.248622,5
3478260283608,0.262516,-0.315282,1.847884,-3.198403,-37.728861,-6.237471,0.242149,-0.308945,1.814300,-3.146541,-37.768321,-6.282480,-0.115682,0.009508,-0.092704,-0.000000,-0.000000,0.000000,-25.820359,-0.450543,-35.894032,-7.586654,4.193304,0.014399,-0.537038,0.041772,0.753598,-0.915763,1.556855,2.486609,-0.537235,0.088548,0.701220,-1.159793,1.558759,2.248622,5
3478261312010,0.262393,-0.315269,1.847788,-3.198402,-37.728861,-6.237472,0.241928,-0.308889,1.813988,-3.146109,-37.768649,-6.282855,-0.118059,0.011093,-0.095081,-0.000000,-0.000000,0.000000,-25.793921,-0.628776,-35.941837,-7.589322,4.199153,0.014508,-0.537036,0.041837,0.753654,-0.911038,1.556803,2.491211,-0.537235,0.088548,0.701220,-1.159793,1.558759,2.248622,5
3478262312611,0.262280,-0.315260,1.847697,-3.198402,-37.728861,-6.237472,0.241707,-0.308833,1.813674,-3.145674,-37.768978,-6.283233,-0.118852,0.009508,-0.095874,-0.000000,-0.000000,0.000000,-25.893305,-0.252456,-35.915622,-7.576205,4.190512,0.014620,-0.537033,0.041897,0.753707,-0.906443,1.556754,2.495693,-0.537235,0.088548,0.701220,-1.159793,1.558759,2.248622,5
3478263283518,0.262160,-0.315250,1.847598,-3.198402,-37.728860,-6.237472,0.241485,-0.308777,1.813359,-3.145238,-37.769309,-6.283612,-0.119644,0.009508,-0.099043,-0.000000,-0.000000,0.000000,-25.992619,-0.104671,-35.859202,-7.555066,4.177571,0.014734,-0.537030,0.041961,0.753767,-0.901383,1.556698,2.500632,-0.537235,0.088548,0.701220,-1.159793,1.558759,2.248622,5
3478264283443,0.262033,-0.315238,1.847490,-3.198404,-37.728856,-6.237471,0.241262,-0.308721,1.813043,-3.144799,-37.769642,-6.283992,-0.120437,0.011885,-0.103797,-0.002848,0.002848,0.000000,-26.094910,-0.351517,-35.821061,-7.532934,4.166948,0.014939,-0.537027,0.042028,0.753832,-0.895846,1.556635,2.506043,-0.537235,0.088548,0.701220,-1.159793,1.558759,2.248622,5
3478265283166,0.261915,-0.315227,1.847388,-3.198398,-37.728857,-6.237472,0.241037,-0.308664,1.812725,-3.144359,-37.769976,-6.284375,-0.118852,0.011885,-0.101420,0.005695,-0.000000,0.000000,-26.390028,-0.415698,-36.045278,-7.587773,4.199484,0.014752,-0.537024,0.042092,0.753891,-0.890773,1.556583,2.510996,-0.537235,0.088548,0.701220,-1.159793,1.558759,2.248622,5
3478266283420,0.261796,-0.315216,1.847282,-3.198403,-37.728856,-6.237471,0.240812,-0.308608,1.812405,-3.143916,-37.770311,-6.284759,-0.122021,0.010300,-0.106174,-0.004746,-0.000000,0.000000,-26.295087,0.127496,-35.797486,-7.509783,4.156655,0.015222,-0.537021,0.042155,0.753956,-0.885659,1.556519,2.515991,-0.537235,0.088548,0.701220,-1.159793,1.558759,2.248622,5
3478267316271,0.261670,-0.315205,1.847180,-3.198400,-37.728856,-6.237471,0.240586,-0.308550,1.812084,-3.143472,-37.770648,-6.285145,-0.125983,0.011885,-0.108551,0.002848,-0.000000,0.000000,-26.142987,-0.064444,-35.879677,-7.530865,4.169003,0.015089,-0.537018,0.042222,0.754015,-0.880646,1.556464,2.520877,-0.537235,0.088548,0.701220,-1.159793,1.558759,2.248622,5
3478268315900,0.261543,-0.315193,1.847073,-3.198404,-37.728856,-6.237472,0.240358,-0.308493,1.811762,-3.143025,-37.770987,-6.285533,-0.126775,0.011885,-0.106967,-0.003797,-0.002848,0.000000,-26.242873,-0.043906,-35.994103,-7.540533,4.185686,0.015405,-0.537015,0.042289,0.754079,-0.875797,1.556399,2.525599,-0.537235,0.088548,0.701220,-1.159793,1.558759,2.248622,5
3478269314024,0.261414,-0.315182,1.846968,-3.198401,-37.728852,-6.237472,0.240130,-0.308436,1.811438,-3.142577,-37.771327,-6.285922,-0.129152,0.011093,-0.105382,0.002848,0.003797,0.000000,-26.211886,0.111195,-36.111965,-7.569774,4.197987,0.015297,-0.537012,0.042358,0.754143,-0.870361,1.556339,2.530905,-0.537235,0.088548,0.701220,-1.159793,1.558759,2.248622,5
3478270283484,0.261275,-0.315170,1.846853,-3.198403,-37.728855,-6.237472,0.239901,-0.308378,1.811113,-3.142126,-37.771668,-6.286313,-0.131529,0.012678,-0.110136,-0.000000,-0.002848,0.000000,-26.177922,0.008996,-36.059600,-7.545037,4.191391,0.015507,-0.537008,0.042432,0.754210,-0.865164,1.556273,2.535963,-0.537235,0.088548,0.701220,-1.159793,1.558759,2.248622,5
3478271283337,0.261144,-0.315155,1.846745,-3.198402,-37.728854,-6.237472,0.239670,-0.308320,1.810786,-3.141674,-37.772011,-6.286706,-0.131529,0.014262,-0.107759,-0.000000,-0.000000,0.000000,-26.346528,-0.315113,-36.298538,-7.591386,4.224961,0.015598,-0.537006,0.042502,0.754273,-0.860185,1.556212,2.540810,-0.537235,0.088548,0.701220,-1.159793,1.558759,2.248622,5
3478272314116,0.261011,-0.315143,1.846635,-3.198402,-37.728855,-6.237472,0.239439,-0.308261,1.810458,-3.141219,-37.772356,-6.287101,-0.132322,0.012678,-0.110136,-0.000000,-0.000000,0.000000,-26.437773,0.110175,-36.203163,-7.561978,4.205066,0.015719,-0.537003,0.042572,0.754338,-0.855183,1.556149,2.545679,-0.537235,0.088548,0.701220,-1.159793,1.558759,2.248622,5
3478273312631,0.260881,-0.315130,1.846525,-3.198400,-37.728852,-6.237470,0.239206,-0.308203,1.810128,-3.140763,-37.772702,-6.287497,-0.136283,0.013470,-0.112513,-0.000000,-0.000000,0.000000,-26.284114,0.095801,-36.212022,-7.556278,4.205277,0.015836,-0.537000,0.042641,0.754403,-0.849861,1.556086,2.550871,-0.537235,0.088548,0.701220,-1.159793,1.558759,2.248622,5
3478274314792,0.260744,-0.315116,1.846407,-3.198403,-37.728856,-6.237472,0.238973,-0.308144,1.809797,-3.140304,-37.773049,-6.287895,-0.136283,0.014262,-0.118059,-0.002848,-0.000000,0.000000,-26.444301,0.167106,-36.078052,-7.512332,4.179492,0.016051,-0.536998,0.042714,0.754471,-0.845029,1.556017,2.555565,-0.537235,0.088548,0.701220,-1.159793,1.558759,2.248622,5
3478275317786,0.260601,-0.315101,1.846282,-3.198403,-37.728855,-6.237471,0.238738,-0.308085,1.809465,-3.139844,-37.773399,-6.288295,-0.139453,0.014262,-0.118852,-0.002848,-0.000000,0.000000,-26.343877,0.253505,-36.113053,-7.512950,4.183178,0.016166,-0.536995,0.042790,0.754545,-0.839376,1.555944,2.561074,-0.537235,0.088548,0.701220,-1.159793,1.558759,2.248622,5
3478276313526,0.260462,-0.315086,1.846163,-3.198402,-37.728855,-6.237470,0.238503,-0.308025,1.809131,-3.139381,-37.773749,-6.288697,-0.138660,0.015055,-0.119644,-0.000000,-0.000000,0.000000,-26.569726,0.159872,-36.204121,-7.528743,4.193346,0.016178,-0.536993,0.042864,0.754614,-0.834066,1.555875,2.566245,-0.537235,0.088548,0.701220,-1.159793,1.558759,2.248622,5
3478277312993,0.260324,-0.315069,1.846041,-3.198400,-37.728854,-6.237471,0.238266,-0.307966,1.808795,-3.138917,-37.774101,-6.289100,-0.138660,0.016639,-0.121229,0.002848,-0.000000,0.000000,-26.734974,-0.060448,-36.297803,-7.544858,4.204792,0.016191,-0.536991,0.042937,0.754684,-0.828801,1.555805,2.571371,-0.537235,0.088548,0.701220,-1.159793,1.558759,2.248622,5
3478278283429,0.260179,-0.315056,1.845914,-3.198402,-37.728851,-6.237469,0.238029,-0.307906,1.808459,-3.138450,-37.774455,-6.289505,-0.144999,0.013470,-0.127568,-0.000000,0.004746,0.000000,-26.367225,0.834249,-35.930440,-7.450840,4.141284,0.016437,-0.536987,0.043014,0.754761,-0.823072,1.555726,2.576955,-0.537235,0.088548,0.701220,-1.159793,1.558759,2.248622,5
3478279283064,0.260037,-0.315039,1.845786,-3.198401,-37.728854,-6.237469,0.237790,-0.307845,1.808120,-3.137982,-37.774810,-6.289912,-0.141830,0.016639,-0.127568,-0.000000,-0.000000,0.000000,-26.792465,0.251902,-36.160797,-7.493034,4.176133,0.016525,-0.536985,0.043089,0.754834,-0.817787,1.555653,2.582097,-0.537235,0.088548,0.701220,-1.159793,1.558759,2.248622,5
3478280283180,0.259893,-0.315022,1.845650,-3.198401,-37.728855,-6.237471,0.237550,-0.307785,1.807781,-3.137511,-37.775167,-6.290320,-0.143415,0.016639,-0.136283,-0.000000,-0.000000,0.000000,-26.819588,0.568790,-35.867643,-7.416635,4.125147,0.016665,-0.536982,0.043165,0.754914,-0.812174,1.555570,2.587565,-0.537235,0.088548,0.701220,-1.159793,1.558759,2.248622,5
3478281283291,0.259751,-0.315006,1.845522,-3.198403,-37.728855,-6.237472,0.237310,-0.307724,1.807440,-3.137039,-37.775525,-6.290731,-0.148961,0.018224,-0.133906,-0.000000,-0.000000,0.000000,-26.540819,0.268574,-36.103279,-7.463505,4.163735,0.016771,-0.536980,0.043240,0.754989,-0.806957,1.555491,2.592639,-0.537235,0.088548,0.701220,-1.159793,1.558759,2.248622,5
3478282316517,0.259602,-0.314989,1.845388,-3.198401,-37.728855,-6.237469,0.237068,-0.307663,1.807097,-3.136565,-37.775885,-6.291143,-0.148961,0.017432,-0.133906,-0.000000,-0.000000,0.002848,-26.694249,0.467405,-36.138073,-7.463597,4.164789,0.016836,-0.536978,0.043319,0.755067,-0.801267,1.555414,2.598181,-0.537235,0.088548,0.701220,-1.159793,1.558759,2.248622,5
3478283313652,0.259454,-0.314971,1.845251,-3.198402,-37.728855,-6.237472,0.236826,-0.307602,1.806753,-3.136088,-37.776246,-6.291556,-0.148169,0.018224,-0.136283,-0.000000,-0.000000,-0.002848,-26.917243,0.430192,-36.146653,-7.456158,4.161556,0.017038,-0.536975,0.043398,0.755146,-0.795946,1.555329,2.603353,-0.537235,0.088548,0.701220,-1.159793,1.558759,2.248622,5
3478284283382,0.259306,-0.314954,1.845110,-3.198400,-37.728856,-6.237472,0.236582,-0.307541,1.806408,-3.135610,-37.776609,-6.291972,-0.148169,0.016639,-0.141037,-0.000000,-0.000000,0.000000,-27.067643,0.926391,-35.946609,-7.402002,4.124015,0.017123,-0.536973,0.043476,0.755228,-0.790179,1.555244,2.608971,-0.537235,0.088548,0.701220,-1.159793,1.558759,2.248622,5
3478285313328,0.259150,-0.314934,1.844961,-3.198402,-37.728855,-6.237470,0.236337,-0.307479,1.806061,-3.135129,-37.776973,-6.292389,-0.147376,0.017432,-0.143415,-0.002848,-0.000000,0.000000,-27.285928,0.898096,-35.937795,-7.386804,4.118051,0.017327,-0.536971,0.043559,0.755315,-0.784296,1.555153,2.614697,-0.537235,0.088548,0.701220,-1.159793,1.558759,2.248622,5
3478286313051,0.258997,-0.314915,1.844812,-3.198399,-37.728856,-6.237472,0.236092,-0.307417,1.805712,-3.134647,-37.777339,-6.292808,-0.152923,0.019016,-0.148961,0.002848,-0.000000,-0.002848,-26.997928,0.816894,-35.868172,-7.370028,4.106802,0.017321,-0.536969,0.043640,0.755400,-0.778537,1.555062,2.620302,-0.537235,0.088548,0.701220,-1.159793,1.558759,2.248622,5
3478287315577,0.258843,-0.314895,1.844669,-3.198400,-37.728855,-6.237470,0.235845,-0.307355,1.805363,-3.134162,-37.777706,-6.293229,-0.159261,0.020601,-0.152130,-0.000000,-0.000000,0.000000,-26.647857,0.693007,-35.857512,-7.355894,4.105888,0.017496,-0.536967,0.043721,0.755484,-0.772872,1.554974,2.625813,-0.537235,0.088548,0.701220,-1.159793,1.558759,2.248622,5
3478288312359,0.258684,-0.314874,1.844518,-3.198399,-37.728856,-6.237472,0.235597,-0.307292,1.805011,-3.133676,-37.778075,-6.293651,-0.154507,0.020601,-0.145792,-0.000000,-0.000000,0.000000,-27.186350,0.529159,-36.191364,-7.423694,4.152581,0.017574,-0.536965,0.043805,0.755570,-0.767288,1.554880,2.631237,-0.537235,0.088548,0.701220,-1.159793,1.558759,2.248622,5
3478289313716,0.258523,-0.314853,1.844365,-3.198400,-37.728856,-6.237472,0.235348,-0.307230,1.804659,-3.133187,-37.778445,-6.294075,-0.160846,0.021393,-0.152923,-0.000000,-0.000000,0.000000,-26.827233,0.666153,-35.992321,-7.369854,4.120651,0.017719,-0.536963,0.043890,0.755658,-0.761616,1.554786,2.636748,-0.537235,0.088548,0.701220,-1.159793,1.558759,2.248622,5
3478290284203,0.258365,-0.314832,1.844211,-3.198399,-37.728858,-6.237471,0.235099,-0.307167,1.804305,-3.132697,-37.778817,-6.294501,-0.158469,0.020601,-0.154507,-0.000000,-0.000000,0.000000,-27.169745,0.902786,-35.959519,-7.353341,4.108968,0.017832,-0.536961,0.043974,0.755747,-0.755863,1.554692,2.642341,-0.537235,0.088548,0.701220,-1.159793,1.558759,2.248622,5
3478291314142,0.258203,-0.314809,1.844056,-3.198396,-37.728858,-6.237472,0.234848,-0.307104,1.803949,-3.132205,-37.779190,-6.294928,-0.161638,0.022978,-0.155300,0.002848,-0.000000,0.000000,-27.075341,0.521354,-36.111636,-7.383233,4.132507,0.017850,-0.536960,0.044059,0.755835,-0.750207,1.554596,2.647834,-0.537235,0.088548,0.701220,-1.159793,1.558759,2.248622,5
3478292283344,0.258042,-0.314788,1.843898,-3.198400,-37.728856,-6.237470,0.234596,-0.307040,1.803592,-3.131710,-37.779565,-6.295358,-0.161638,0.021393,-0.157677,-0.003797,0.002848,0.002848,-27.222866,0.970883,-35.967845,-7.333191,4.102622,0.018145,-0.536957,0.044145,0.755928,-0.744420,1.554493,2.653459,-0.537235,0.088548,0.701220,-1.159793,1.558759,2.248622,5
3478293283293,0.257887,-0.314764,1.843751,-3.198397,-37.728856,-6.237471,0.234343,-0.306976,1.803234,-3.131214,-37.779941,-6.295789,-0.161638,0.025355,-0.153715,-0.000000,-0.000000,0.000000,-27.398599,0.117118,-36.407680,-7.429343,4.172902,0.018149,-0.536957,0.044226,0.756011,-0.739256,1.554404,2.658469,-0.537235,0.088548,0.701220,-1.159793,1.558759,2.248622,5
3478294283029,0.257712,-0.314742,1.843587,-3.198399,-37.728857,-6.237471,0.234090,-0.306912,1.802874,-3.130716,-37.780319,-6.296221,-0.167977,0.021393,-0.157677,-0.000000,-0.000000,0.000000,-27.016752,1.071508,-36.121508,-7.358051,4.125074,0.018304,-0.536955,0.044319,0.756106,-0.733576,1.554299,2.663973,-0.537235,0.088548,0.701220,-1.159793,1.558759,2.248622,5
3478295283287,0.257554,-0.314717,1.843425,-3.198400,-37.728856,-6.237471,0.233835,-0.306848,1.802513,-3.130215,-37.780698,-6.296656,-0.164808,0.022978,-0.161638,-0.000000,-0.000000,0.000000,-27.434749,0.915978,-36.099253,-7.342137,4.115325,0.018415,-0.536954,0.044402,0.756198,-0.728040,1.554196,2.669349,-0.537235,0.088548,0.701220,-1.159793,1.558759,2.248622,5
3478296313983,0.257385,-0.314690,1.843266,-3.198401,-37.728856,-6.237470,0.233579,-0.306784,1.802150,-3.129713,-37.781079,-6.297092,-0.169562,0.026940,-0.164808,-0.000000,-0.000000,0.000000,-27.214804,0.313131,-36.211073,-7.358133,4.134056,0.018534,-0.536954,0.044491,0.756288,-0.722757,1.554097,2.674462,-0.537235,0.088548,0.701220,-1.159793,1.558759,2.248622,5
3478297311628,0.257215,-0.314663,1.843099,-3.198400,-37.728857,-6.237472,0.233322,-0.306719,1.801786,-3.129209,-37.781462,-6.297530,-0.169562,0.026940,-0.167185,-0.000000,-0.000000,0.000000,-27.364871,0.425217,-36.178542,-7.341690,4.124414,0.018654,-0.536954,0.044580,0.756382,-0.717305,1.553991,2.679744,-0.537235,0.088548,0.701220,-1.159793,1.558759,2.248622,5
3478298311778,0.257046,-0.314640,1.842932,-3.198399,-37.728856,-6.237471,0.233064,-0.306654,1.801420,-3.128702,-37.781845,-6.297970,-0.169562,0.023770,-0.166393,-0.000000,-0.000000,0.000000,-27.506071,1.054937,-36.132500,-7.324057,4.111381,0.018775,-0.536952,0.044669,0.756478,-0.711592,1.553884,2.685286,-0.537235,0.088548,0.701220,-1.159793,1.558759,2.248622,5
3478299313050,0.256863,-0.314609,1.842752,-3.198400,-37.728856,-6.237471,0.232806,-0.306588,1.801053,-3.128194,-37.782231,-6.298411,-0.175108,0.026940,-0.173524,-0.000000,-0.000000,0.000000,-27.209645,0.724966,-36.037996,-7.292646,4.096830,0.018913,-0.536952,0.044765,0.756579,-0.705909,1.553770,2.690787,-0.537235,0.088548,0.701220,-1.159793,1.558759,2.248622,5
3478300311481,0.256688,-0.314583,1.842578,-3.198401,-37.728851,-6.237471,0.232546,-0.306523,1.800685,-3.127684,-37.782618,-6.298854,-0.175108,0.025355,-0.174316,-0.003797,-0.000000,0.000000,-27.352770,1.111120,-35.977798,-7.265643,4.082154,0.019157,-0.536951,0.044857,0.756680,-0.700123,1.553652,2.696397,-0.537235,0.088548,0.701220,-1.159793,1.558759,2.248622,5
3478301312652,0.256510,-0.314555,1.842393,-3.198398,-37.728852,-6.237473,0.232285,-0.306457,1.800315,-3.127172,-37.783006,-6.299299,-0.178278,0.028524,-0.185409,0.002848,-0.000000,-0.002848,-27.250002,0.873572,-35.751757,-7.211717,4.044256,0.019133,-0.536950,0.044951,0.756785,-0.694291,1.553533,2.702050,-0.537235,0.088548,0.701220,-1.159793,1.558759,2.248622,5
3478302311788,0.256333,-0.314526,1.842210,-3.198401,-37.728852,-6.237471,0.232023,-0.306391,1.799944,-3.126657,-37.783396,-6.299745,-0.176693,0.028524,-0.183032,-0.002848,-0.000000,0.002848,-27.528238,0.857138,-35.885377,-7.225989,4.060676,0.019329,-0.536949,0.045044,0.756889,-0.688591,1.553414,2.707572,-0.537235,0.088548,0.701220,-1.159793,1.558759,2.248622,5
3478303283509,0.256154,-0.314499,1.842026,-3.198399,-37.728849,-6.237472,0.231760,-0.306325,1.799571,-3.126141,-37.783787,-6.300193,-0.179070,0.026940,-0.183824,-0.000000,0.002848,0.000000,-27.479078,1.238097,-35.845144,-7.213064,4.049181,0.019409,-0.536948,0.045138,0.756995,-0.682739,1.553291,2.713245,-0.537235,0.088548,0.701220,-1.159793,1.558759,2.248622,5
3478304312885,0.255973,-0.314472,1.841839,-3.198399,-37.728848,-6.237471,0.231496,-0.306258,1.799197,-3.125623,-37.784180,-6.300643,-0.181447,0.026940,-0.186994,-0.000000,-0.000000,0.000000,-27.432530,1.386535,-35.778162,-7.189062,4.037253,0.019539,-0.536946,0.045234,0.757103,-0.676922,1.553167,2.718879,-0.537235,0.088548,0.701220,-1.159793,1.558759,2.248622,5
3478305315944,0.255792,-0.314441,1.841649,-3.198399,-37.728852,-6.237471,0.231231,-0.306192,1.798822,-3.125103,-37.784574,-6.301095,-0.180655,0.030901,-0.190163,-0.000000,-0.003797,0.000000,-27.656496,0.753473,-35.897753,-7.205195,4.055458,0.019646,-0.536946,0.045329,0.757209,-0.671423,1.553046,2.724197,-0.537235,0.088548,0.701220,-1.159793,1.558759,2.248622,5
3478306315009,0.255615,-0.314416,1.841462,-3.198398,-37.728852,-6.237471,0.230965,-0.306124,1.798445,-3.124581,-37.784970,-6.301548,-0.186201,0.027732,-0.195709,-0.000000,-0.000000,0.000000,-27.348372,1.609743,-35.568836,-7.123049,3.998081,0.019804,-0.536944,0.045422,0.757316,-0.665771,1.552920,2.729671,-0.537235,0.088548,0.701220,-1.159793,1.558759,2.248622,5
3478307283289,0.255427,-0.314387,1.841259,-3.198402,-37.728849,-6.237469,0.230699,-0.306057,1.798066,-3.124057,-37.785367,-6.302003,-0.181447,0.026147,-0.194125,-0.003797,0.002848,0.002848,-27.870110,1.910765,-35.596651,-7.115267,3.992745,0.019987,-0.536943,0.045522,0.757434,-0.659794,1.552780,2.735459,-0.537235,0.088548,0.701220,-1.159793,1.558759,2.248622,5
3478308283140,0.255237,-0.314358,1.841064,-3.198399,-37.728848,-6.237472,0.230431,-0.305990,1.797686,-3.123531,-37.785766,-6.302460,-0.189371,0.027732,-0.195709,-0.000000,-0.000000,-0.003797,-27.379799,1.719874,-35.677880,-7.131154,4.009450,0.020103,-0.536941,0.045621,0.757546,-0.654170,1.552647,2.740892,-0.537235,0.088548,0.701220,-1.159793,1.558759,2.248622,5
3478309283293,0.255051,-0.314328,1.840857,-3.198400,-37.728847,-6.237469,0.230162,-0.305922,1.797305,-3.123003,-37.786167,-6.302919,-0.186201,0.028524,-0.197294,-0.000000,-0.000000,0.003797,-27.783551,1.651277,-35.705604,-7.127358,4.007618,0.020091,-0.536940,0.045720,0.757665,-0.648096,1.552507,2.746779,-0.537235,0.088548,0.701220,-1.159793,1.558759,2.248622,5
3478310341957,0.254869,-0.314302,1.840670,-3.198398,-37.728849,-6.237471,0.229892,-0.305854,1.796922,-3.122473,-37.786568,-6.303379,-0.189371,0.026940,-0.202840,-0.000000,-0.000000,0.000000,-27.670407,2.185678,-35.461969,-7.063284,3.965200,0.020299,-0.536938,0.045816,0.757772,-0.642873,1.552381,2.751819,-0.537235,0.088548,0.701220,-1.159793,1.558759,2.248622,5
3478311314147,0.254684,-0.314271,1.840470,-3.198396,-37.728851,-6.237471,0.229621,-0.305785,1.796538,-3.121941,-37.786972,-6.303841,-0.185409,0.030901,-0.200463,-0.000000,-0.000000,0.000000,-28.153323,1.382559,-35.802542,-7.130127,4.014922,0.020381,-0.536937,0.045913,0.757885,-0.637318,1.552248,2.757188,-0.537235,0.088548,0.701220,-1.159793,1.558759,2.248622,5
3478312313101,0.254489,-0.314241,1.840269,-3.198396,-37.728853,-6.237472,0.229349,-0.305717,1.796153,-3.121407,-37.787376,-6.304304,-0.194125,0.030109,-0.200463,-0.000000,-0.000000,0.000000,-27.591224,1.621246,-35.814320,-7.126488,4.018462,0.020522,-0.536936,0.046016,0.757999,-0.632022,1.552111,2.762289,-0.537235,0.088548,0.701220,-1.159793,1.558759,2.248622,5
3478313283903,0.254281,-0.314209,1.840050,-3.198395,-37.728853,-6.237471,0.229076,-0.305648,1.795766,-3.120871,-37.787783,-6.304770,-0.193332,0.030901,-0.202840,0.002848,-0.002848,0.000000,-27.787799,1.572908,-35.824521,-7.122851,4.017180,0.020549,-0.536934,0.046126,0.758125,-0.625995,1.551961,2.768106,-0.537235,0.088548,0.701220,-1.159793,1.558759,2.248622,5
3478314283662,0.254091,-0.314180,1.839855,-3.198395,-37.728853,-6.237472,0.228802,-0.305579,1.795378,-3.120333,-37.788190,-6.305237,-0.197294,0.029317,-0.204425,-0.000000,-0.000000,-0.002848,-27.609918,2.003725,-35.722129,-7.088065,3.996783,0.020824,-0.536932,0.046226,0.758235,-0.620932,1.551827,2.772978,-0.537235,0.088548,0.701220,-1.159793,1.558759,2.248622,5
3478315314520,0.253894,-0.314150,1.839654,-3.198396,-37.728856,-6.237471,0.228527,-0.305510,1.794988,-3.119793,-37.788600,-6.305705,-0.197294,0.030109,-0.201256,-0.000000,-0.000000,0.000000,-27.756434,1.804586,-35.947235,-7.130911,4.029411,0.020883,-0.536930,0.046330,0.758350,-0.615794,1.551690,2.777918,-0.537235,0.088548,0.701220,-1.159793,1.558759,2.248622,5
3478316283281,0.253704,-0.314120,1.839460,-3.198396,-37.728856,-6.237471,0.228252,-0.305440,1.794597,-3.119252,-37.789010,-6.306176,-0.197294,0.029317,-0.203633,-0.000000,-0.000000,0.000000,-27.901627,2.073250,-35.874480,-7.105239,4.012842,0.021010,-0.536929,0.046430,0.758460,-0.610886,1.551557,2.782636,-0.537235,0.088548,0.701220,-1.159793,1.558759,2.248622,5
3478317291259,0.253502,-0.314087,1.839257,-3.198396,-37.728856,-6.237471,0.227975,-0.305370,1.794204,-3.118708,-37.789423,-6.306648,-0.202048,0.032486,-0.202840,-0.000000,-0.000000,0.000000,-27.670272,1.507629,-36.105108,-7.149007,4.050607,0.021126,-0.536928,0.046536,0.758575,-0.605870,1.551417,2.787448,-0.537235,0.088548,0.701220,-1.159793,1.558759,2.248622,5
3478318313112,0.253293,-0.314056,1.839037,-3.198398,-37.728855,-6.237471,0.227697,-0.305300,1.793810,-3.118162,-37.789836,-6.307122,-0.199671,0.030901,-0.209972,-0.002848,-0.000000,0.000000,-27.987028,2.075292,-35.778922,-7.060412,3.990927,0.021359,-0.536926,0.046646,0.758702,-0.600384,1.551259,2.792724,-0.537235,0.088548,0.701220,-1.159793,1.558759,2.248622,5
3478319314595,0.253097,-0.314026,1.838836,-3.198395,-37.728856,-6.237470,0.227418,-0.305230,1.793415,-3.117615,-37.790251,-6.307597,-0.202048,0.030901,-0.208387,-0.000000,-0.000000,0.000000,-27.942515,2.078629,-35.914912,-7.087296,4.010327,0.021385,-0.536924,0.046750,0.758816,-0.595312,1.551122,2.797600,-0.537235,0.088548,0.701220,-1.159793,1.558759,2.248622,5
3478320314086,0.252893,-0.313997,1.838624,-3.198395,-37.728859,-6.237470,0.227138,-0.305159,1.793018,-3.117065,-37.790668,-6.308074,-0.204425,0.029317,-0.212349,-0.000000,-0.002848,0.000000,-27.882877,2.560441,-35.738135,-7.038413,3.979941,0.021528,-0.536921,0.046858,0.758937,-0.590201,1.550973,2.802505,-0.537235,0.088548,0.701220,-1.159793,1.558759,2.248622,5
3478321283364,0.252681,-0.313962,1.838405,-3.198397,-37.728858,-6.237470,0.226857,-0.305088,1.792620,-3.116514,-37.791086,-6.308553,-0.205217,0.031694,-0.210764,-0.000000,-0.000000,0.003797,-27.963013,2.111271,-35.957954,-7.079183,4.011215,0.021575,-0.536919,0.046969,0.759062,-0.585136,1.550817,2.807357,-0.537235,0.088548,0.701220,-1.159793,1.558759,2.248622,5
3478322283050,0.252473,-0.313933,1.838187,-3.198398,-37.728856,-6.237472,0.226575,-0.305017,1.792220,-3.115960,-37.791506,-6.309034,-0.207595,0.029317,-0.217895,-0.002848,0.002848,0.000000,-27.898449,2.862636,-35.584060,-6.981075,3.945170,0.021885,-0.536916,0.047079,0.759190,-0.579990,1.550656,2.812294,-0.537235,0.088548,0.701220,-1.159793,1.558759,2.248622,5
3478323283392,0.252265,-0.313900,1.837972,-3.198396,-37.728857,-6.237471,0.226293,-0.304946,1.791819,-3.115405,-37.791927,-6.309516,-0.207595,0.032486,-0.214726,0.002848,-0.000000,0.000000,-28.050337,2.183781,-35.950107,-7.062665,4.003102,0.021797,-0.536914,0.047189,0.759311,-0.574949,1.550507,2.817126,-0.537235,0.088548,0.701220,-1.159793,1.558759,2.248622,5
3478324341014,0.252061,-0.313871,1.837763,-3.198396,-37.728857,-6.237472,0.226009,-0.304875,1.791417,-3.114847,-37.792349,-6.310000,-0.212349,0.030109,-0.217895,-0.000000,-0.000000,-0.002848,-27.800134,2.819084,-35.748624,-7.005231,3.968471,0.022085,-0.536911,0.047297,0.759431,-0.570190,1.550355,2.821680,-0.537235,0.088548,0.701220,-1.159793,1.558759,2.248622,5
3478325283251,0.251853,-0.313837,1.837543,-3.198397,-37.728858,-6.237471,0.225724,-0.304803,1.791013,-3.114288,-37.792773,-6.310486,-0.208387,0.034071,-0.219480,-0.000000,-0.000000,0.000000,-28.272691,2.135350,-35.923587,-7.033292,3.991152,0.022139,-0.536910,0.047407,0.759556,-0.565380,1.550199,2.826280,-0.537235,0.088548,0.701220,-1.159793,1.558759,2.248622,5
3478326313732,0.251642,-0.313805,1.837323,-3.198396,-37.728854,-6.237472,0.225438,-0.304731,1.790608,-3.113727,-37.793199,-6.310973,-0.210764,0.031694,-0.220272,-0.000000,-0.000000,0.000000,-28.211387,2.678324,-35.833592,-7.005034,3.972941,0.022277,-0.536907,0.047518,0.759684,-0.560377,1.550036,2.831071,-0.537235,0.088548,0.701220,-1.159793,1.558759,2.248622,5
3478327312914,0.251414,-0.313771,1.837087,-3.198398,-37.728855,-6.237472,0.225151,-0.304658,1.790201,-3.113164,-37.793626,-6.311462,-0.209972,0.032486,-0.219480,-0.000000,-0.000000,0.000000,-28.404046,2.551794,-35.951927,-7.022613,3.987680,0.022389,-0.536904,0.047638,0.759819,-0.555333,1.549865,2.835887,-0.537235,0.088548,0.701220,-1.159793,1.558759,2.248622,5
3478328313991,0.251216,-0.313740,1.836886,-3.198396,-37.728853,-6.237471,0.224864,-0.304586,1.789793,-3.112599,-37.794054,-6.311953,-0.214726,0.031694,-0.217895,-0.000000,-0.000000,0.000000,-28.169941,2.725429,-36.038089,-7.034943,4.000330,0.022519,-0.536902,0.047743,0.759934,-0.550858,1.549720,2.840162,-0.537235,0.088548,0.701220,-1.159793,1.558759,2.248622,5
3478329312617,0.250993,-0.313706,1.836650,-3.198396,-37.728855,-6.237469,0.224575,-0.304513,1.789384,-3.112032,-37.794484,-6.312445,-0.213141,0.033279,-0.225818,-0.000000,-0.000000,0.000000,-28.430418,2.705048,-35.834611,-6.976847,3.962263,0.022655,-0.536899,0.047860,0.760068,-0.545856,1.549551,2.844941,-0.537235,0.088548,0.701220,-1.159793,1.558759,2.248622,5
3478330283626,0.250774,-0.313674,1.836429,-3.198396,-37.728853,-6.237472,0.224285,-0.304440,1.788973,-3.111463,-37.794916,-6.312939,-0.218687,0.032486,-0.221064,-0.000000,-0.000000,-0.002848,-28.118949,2.791002,-36.043333,-7.017832,3.995582,0.022825,-0.536896,0.047976,0.760196,-0.541375,1.549387,2.849202,-0.537235,0.088548,0.701220,-1.159793,1.558759,2.248622,5
3478331284506,0.250559,-0.313643,1.836205,-3.198397,-37.728851,-6.237472,0.223994,-0.304367,1.788561,-3.110892,-37.795348,-6.313435,-0.215518,0.030901,-0.224234,-0.000000,-0.000000,0.000000,-28.505329,3.231712,-35.897008,-6.974579,3.964488,0.022907,-0.536892,0.048090,0.760326,-0.536736,1.549219,2.853625,-0.537235,0.088548,0.701220,-1.159793,1.558759,2.248622,5
3478332284068,0.250339,-0.313608,1.835979,-3.198396,-37.728853,-6.237471,0.223703,-0.304293,1.788147,-3.110319,-37.795783,-6.313932,-0.219480,0.034863,-0.226611,-0.000000,-0.000000,0.000000,-28.335396,2.609144,-36.029863,-6.994664,3.985971,0.023032,-0.536890,0.048205,0.760454,-0.532144,1.549057,2.857996,-0.537235,0.088548,0.701220,-1.159793,1.558759,2.248622,5
3478333314171,0.250131,-0.313576,1.835759,-3.198398,-37.728851,-6.237473,0.223410,-0.304219,1.787732,-3.109744,-37.796218,-6.314431,-0.217103,0.031694,-0.230573,-0.002848,-0.000000,-0.002848,-28.659165,3.388013,-35.766613,-6.921369,3.935819,0.023309,-0.536887,0.048315,0.760581,-0.527961,1.548891,2.861970,-0.537235,0.088548,0.701220,-1.159793,1.558759,2.248622,5
3478334283514,0.249910,-0.313541,1.835532,-3.198398,-37.728852,-6.237472,0.223116,-0.304145,1.787316,-3.109168,-37.796656,-6.314932,-0.221064,0.034863,-0.227403,-0.000000,-0.000000,0.000000,-28.489430,2.741669,-36.106249,-6.993851,3.990643,0.023283,-0.536885,0.048432,0.760710,-0.523499,1.548726,2.866209,-0.537235,0.088548,0.701220,-1.159793,1.558759,2.248622,5
3478335283150,0.249689,-0.313510,1.835300,-3.198396,-37.728848,-6.237469,0.222822,-0.304071,1.786898,-3.108589,-37.797094,-6.315434,-0.221064,0.031694,-0.231365,-0.000000,0.003797,0.002848,-28.613130,3.533906,-35.839862,-6.924400,3.939513,0.023383,-0.536881,0.048549,0.760844,-0.518728,1.548552,2.870759,-0.537235,0.088548,0.701220,-1.159793,1.558759,2.248622,5
3478336283305,0.249453,-0.313472,1.835048,-3.198398,-37.728849,-6.237471,0.222526,-0.303996,1.786479,-3.108009,-37.797534,-6.315939,-0.225818,0.035656,-0.232950,-0.000000,-0.000000,0.000000,-28.368708,2.887766,-36.005491,-6.952092,3.969153,0.023556,-0.536878,0.048674,0.760988,-0.514135,1.548365,2.875114,-0.537235,0.088548,0.701220,-1.159793,1.558759,2.248622,5
3478337283296,0.249238,-0.313437,1.834833,-3.198396,-37.728850,-6.237469,0.222229,-0.303921,1.786059,-3.107426,-37.797976,-6.316444,-0.224234,0.038033,-0.235327,-0.000000,-0.000000,0.000000,-28.647113,2.539095,-36.079100,-6.957903,3.976356,0.023671,-0.536876,0.048787,0.761109,-0.510080,1.548211,2.878954,-0.537235,0.088548,0.701220,-1.159793,1.558759,2.248622,5
3478338292504,0.249014,-0.313402,1.834594,-3.198396,-37.728850,-6.237472,0.221932,-0.303846,1.785637,-3.106842,-37.798419,-6.316952,-0.224234,0.034863,-0.238496,-0.000000,-0.000000,-0.002848,-28.770364,3.296728,-35.854266,-6.897905,3.934206,0.023860,-0.536873,0.048905,0.761245,-0.505771,1.548032,2.883037,-0.537235,0.088548,0.701220,-1.159793,1.558759,2.248622,5
3478339311709,0.248784,-0.313366,1.834358,-3.198397,-37.728850,-6.237472,0.221633,-0.303771,1.785213,-3.106256,-37.798863,-6.317461,-0.229780,0.035656,-0.236119,-0.000000,-0.000000,0.000000,-28.460561,3.149305,-36.034769,-6.931229,3.963463,0.023945,-0.536870,0.049026,0.761380,-0.501632,1.547855,2.886945,-0.537235,0.088548,0.701220,-1.159793,1.558759,2.248622,5
3478340313043,0.248556,-0.313330,1.834116,-3.198396,-37.728852,-6.237472,0.221334,-0.303696,1.784789,-3.105667,-37.799309,-6.317971,-0.228195,0.036448,-0.242458,-0.000000,-0.000000,0.000000,-28.722086,3.232191,-35.861980,-6.880603,3.930039,0.024080,-0.536867,0.049147,0.761518,-0.497300,1.547677,2.891048,-0.537235,0.088548,0.701220,-1.159793,1.558759,2.248622,5
3478341311835,0.248322,-0.313290,1.833878,-3.198397,-37.728852,-6.237470,0.221033,-0.303620,1.784363,-3.105077,-37.799757,-6.318484,-0.233742,0.039617,-0.237704,-0.000000,-0.000000,0.000000,-28.420510,2.548780,-36.251346,-6.961051,3.994166,0.024194,-0.536866,0.049270,0.761652,-0.493193,1.547503,2.894920,-0.537235,0.088548,0.701220,-1.159793,1.558759,2.248622,5
3478342316229,0.248083,-0.313251,1.833630,-3.198396,-37.728851,-6.237473,0.220732,-0.303544,1.783935,-3.104485,-37.800205,-6.318998,-0.229780,0.037240,-0.240081,-0.000000,-0.000000,0.000000,-28.856720,3.106764,-36.099303,-6.916614,3.961405,0.024321,-0.536863,0.049396,0.761792,-0.489064,1.547318,2.898808,-0.537235,0.088548,0.701220,-1.159793,1.558759,2.248622,5
3478343314061,0.247846,-0.313211,1.833387,-3.198396,-37.728854,-6.237470,0.220429,-0.303468,1.783506,-3.103892,-37.800656,-6.319513,-0.236911,0.039617,-0.243250,-0.000000,-0.002848,0.003797,-28.418739,2.818655,-36.128667,-6.914016,3.969369,0.024409,-0.536861,0.049520,0.761929,-0.484921,1.547142,2.902714,-0.537235,0.088548,0.701220,-1.159793,1.558759,2.248622,5
3478344315430,0.247611,-0.313171,1.833147,-3.198394,-37.728854,-6.237472,0.220126,-0.303391,1.783076,-3.103296,-37.801107,-6.320031,-0.234534,0.039617,-0.239288,0.002848,-0.000000,0.000000,-28.744892,2.728616,-36.356456,-6.960732,3.998703,0.024479,-0.536860,0.049644,0.762063,-0.480966,1.546966,2.906432,-0.537235,0.088548,0.701220,-1.159793,1.558759,2.248622,5
3478345313201,0.247378,-0.313134,1.832902,-3.198398,-37.728854,-6.237470,0.219822,-0.303314,1.782645,-3.102698,-37.801560,-6.320550,-0.232950,0.037240,-0.245627,-0.000000,-0.000000,0.000000,-28.994587,3.430944,-36.024670,-6.871036,3.938302,0.024720,-0.536857,0.049767,0.762204,-0.477042,1.546780,2.910122,-0.537235,0.088548,0.701220,-1.159793,1.558759,2.248622,5
3478346315435,0.247135,-0.313092,1.832662,-3.198396,-37.728856,-6.237472,0.219516,-0.303237,1.782212,-3.102098,-37.802015,-6.321070,-0.243250,0.041994,-0.240081,-0.000000,-0.000000,0.000000,-28.312221,2.436717,-36.515427,-6.975138,4.022909,0.024844,-0.536855,0.049895,0.762337,-0.473305,1.546606,2.913615,-0.537235,0.088548,0.701220,-1.159793,1.558759,2.248622,5
3478347283054,0.246899,-0.313053,1.832418,-3.198395,-37.728855,-6.237472,0.219210,-0.303160,1.781778,-3.101497,-37.802471,-6.321593,-0.236119,0.039617,-0.243250,-0.000000,-0.000000,0.000000,-29.009031,3.003135,-36.337889,-6.923996,3.983657,0.024962,-0.536853,0.050019,0.762474,-0.469396,1.546424,2.917287,-0.537235,0.088548,0.701220,-1.159793,1.558759,2.248622,5
3478348314814,0.246660,-0.313011,1.832174,-3.198397,-37.728854,-6.237472,0.218903,-0.303083,1.781342,-3.100894,-37.802928,-6.322117,-0.239288,0.041994,-0.244042,-0.002848,-0.000000,0.000000,-28.893327,2.635509,-36.451377,-6.936163,4.000853,0.025184,-0.536852,0.050145,0.762611,-0.465746,1.546242,2.920697,-0.537235,0.088548,0.701220,-1.159793,1.558759,2.248622,5
3478349314344,0.246419,-0.312969,1.831931,-3.198398,-37.728855,-6.237471,0.218595,-0.303005,1.780905,-3.100288,-37.803387,-6.322642,-0.240873,0.041994,-0.243250,-0.000000,-0.000000,0.000000,-28.896747,2.651305,-36.551207,-6.953786,4.013781,0.025220,-0.536850,0.050271,0.762747,-0.462095,1.546063,2.924105,-0.537235,0.088548,0.701220,-1.159793,1.558759,2.248622,5
3478350283257,0.246186,-0.312927,1.831693,-3.198397,-37.728853,-6.237472,0.218285,-0.302927,1.780467,-3.099681,-37.803848,-6.323169,-0.244042,0.041994,-0.248004,-0.000000,-0.000000,0.000000,-28.776534,2.851316,-36.408601,-6.911481,3.988302,0.025371,-0.536849,0.050394,0.762880,-0.458566,1.545885,2.927401,-0.537235,0.088548,0.701220,-1.159793,1.558759,2.248622,5
3478351283050,0.245934,-0.312881,1.831438,-3.198396,-37.728855,-6.237472,0.217975,-0.302849,1.780027,-3.099072,-37.804309,-6.323698,-0.242458,0.044371,-0.245627,-0.000000,-0.000000,-0.002848,-29.037192,2.352291,-36.670755,-6.961018,4.026376,0.025519,-0.536848,0.050526,0.763021,-0.454862,1.545700,2.930852,-0.537235,0.088548,0.701220,-1.159793,1.558759,2.248622,5
3478352283274,0.245690,-0.312838,1.831192,-3.198396,-37.728855,-6.237472,0.217664,-0.302770,1.779586,-3.098461,-37.804772,-6.324229,-0.243250,0.043579,-0.246419,-0.000000,-0.000000,0.000000,-29.100782,2.572422,-36.656227,-6.948560,4.019890,0.025608,-0.536847,0.050654,0.763158,-0.451256,1.545518,2.934213,-0.537235,0.088548,0.701220,-1.159793,1.558759,2.248622,5
3478353329498,0.245452,-0.312797,1.830956,-3.198399,-37.728851,-6.237471,0.217352,-0.302691,1.779143,-3.097849,-37.805237,-6.324761,-0.249589,0.043579,-0.246419,-0.004746,-0.000000,0.000000,-28.725664,2.660492,-36.684006,-6.940216,4.024526,0.025910,-0.536845,0.050779,0.763292,-0.447926,1.545337,2.937304,-0.537235,0.088548,0.701220,-1.159793,1.558759,2.248622,5
3478354315213,0.245206,-0.312756,1.830707,-3.198397,-37.728852,-6.237472,0.217039,-0.302613,1.778700,-3.097234,-37.805703,-6.325294,-0.246419,0.041202,-0.248796,-0.000000,-0.000000,0.000000,-29.100056,3.205804,-36.557256,-6.907964,3.996292,0.025887,-0.536842,0.050909,0.763432,-0.444389,1.545152,2.940593,-0.537235,0.088548,0.701220,-1.159793,1.558759,2.248622,5
3478355312622,0.244956,-0.312712,1.830459,-3.198396,-37.728849,-6.237471,0.216725,-0.302533,1.778254,-3.096617,-37.806170,-6.325830,-0.249589,0.044371,-0.248004,-0.000000,0.002848,0.000000,-28.984752,2.630587,-36.780723,-6.949020,4.029966,0.026010,-0.536841,0.051040,0.763570,-0.440873,1.544966,2.943858,-0.537235,0.088548,0.701220,-1.159793,1.558759,2.248622,5
3478356314353,0.244683,-0.312665,1.830189,-3.198396,-37.728850,-6.237472,0.216410,-0.302454,1.777808,-3.095999,-37.806639,-6.326367,-0.251966,0.042787,-0.248796,-0.000000,-0.000000,0.000000,-28.895805,3.008171,-36.727013,-6.928128,4.019799,0.026154,-0.536838,0.051184,0.763721,-0.437244,1.544764,2.947212,-0.537235,0.088548,0.701220,-1.159793,1.558759,2.248622,5
3478357283530,0.244443,-0.312625,1.829951,-3.198396,-37.728848,-6.237471,0.216094,-0.302374,1.777360,-3.095379,-37.807110,-6.326905,-0.250381,0.041994,-0.248004,-0.000000,-0.000000,0.000000,-29.157349,3.174844,-36.783922,-6.931665,4.023156,0.026275,-0.536836,0.051311,0.763855,-0.433968,1.544584,2.950247,-0.537235,0.088548,0.701220,-1.159793,1.558759,2.248622,5
3478358283731,0.244191,-0.312580,1.829698,-3.198396,-37.728849,-6.237472,0.215777,-0.302294,1.776911,-3.094757,-37.807581,-6.327446,-0.251966,0.045164,-0.253551,-0.000000,-0.000000,0.000000,-29.165688,2.779290,-36.753699,-6.913172,4.015985,0.026414,-0.536834,0.051443,0.763996,-0.430716,1.544395,2.953246,-0.537235,0.088548,0.701220,-1.159793,1.558759,2.248622,5
3478359314834,0.243935,-0.312537,1.829446,-3.198396,-37.728847,-6.237471,0.215460,-0.302214,1.776460,-3.094133,-37.808054,-6.327987,-0.255135,0.043579,-0.251966,-0.000000,-0.000000,0.000000,-29.031211,3.094190,-36.797036,-6.914992,4.020362,0.026553,-0.536832,0.051577,0.764137,-0.427337,1.544204,2.956370,-0.537235,0.088548,0.701220,-1.159793,1.558759,2.248622,5
3478360315760,0.243691,-0.312495,1.829198,-3.198396,-37.728846,-6.237471,0.215141,-0.302134,1.776009,-3.093507,-37.808529,-6.328531,-0.255135,0.045956,-0.258305,-0.000000,-0.000000,0.000000,-29.170699,2.872190,-36.701446,-6.881394,4.001049,0.026691,-0.536829,0.051706,0.764276,-0.424101,1.544017,2.959360,-0.537235,0.088548,0.701220,-1.159793,1.558759,2.248622,5
3478361313374,0.243435,-0.312451,1.828938,-3.198396,-37.728844,-6.237471,0.214821,-0.302053,1.775555,-3.092879,-37.809005,-6.329076,-0.255135,0.043579,-0.260682,-0.000000,-0.000000,0.000000,-29.287400,3.448361,-36.545358,-6.836536,3.970381,0.026835,-0.536826,0.051841,0.764423,-0.420779,1.543817,2.962426,-0.537235,0.088548,0.701220,-1.159793,1.558759,2.248622,5
3478362312332,0.243171,-0.312404,1.828669,-3.198396,-37.728845,-6.237471,0.214501,-0.301972,1.775101,-3.092250,-37.809482,-6.329623,-0.255928,0.042787,-0.259097,0.003797,-0.000000,0.000000,-29.341363,3.586458,-36.641646,-6.854727,3.981943,0.026841,-0.536824,0.051980,0.764573,-0.417445,1.543615,2.965493,-0.537235,0.088548,0.701220,-1.159793,1.558759,2.248622,5
3478363314571,0.242911,-0.312358,1.828408,-3.198399,-37.728844,-6.237472,0.214179,-0.301891,1.774645,-3.091618,-37.809961,-6.330171,-0.259889,0.045956,-0.260682,-0.000000,-0.000000,0.000000,-29.157463,3.095352,-36.752425,-6.864422,3.999513,0.027101,-0.536822,0.052117,0.764719,-0.414364,1.543417,2.968313,-0.537235,0.088548,0.701220,-1.159793,1.558759,2.248622,5
3478364283376,0.242649,-0.312318,1.828147,-3.198396,-37.728845,-6.237473,0.213857,-0.301810,1.774188,-3.090985,-37.810441,-6.330721,-0.261474,0.040410,-0.261474,0.003797,-0.000000,0.000000,-29.132292,4.237104,-36.530673,-6.811559,3.958197,0.027135,-0.536817,0.052255,0.764867,-0.411106,1.543216,2.971308,-0.537235,0.088548,0.701220,-1.159793,1.558759,2.248622,5
3478365283013,0.242391,-0.312273,1.827884,-3.198396,-37.728843,-6.237472,0.213533,-0.301728,1.773729,-3.090350,-37.810922,-6.331272,-0.258305,0.045164,-0.263059,-0.000000,-0.000000,0.000000,-29.530859,3.408987,-36.723168,-6.837971,3.984495,0.027361,-0.536815,0.052391,0.765014,-0.407837,1.543015,2.974318,-0.537235,0.088548,0.701220,-1.159793,1.558759,2.248622,5
3478366284430,0.242128,-0.312228,1.827618,-3.198394,-37.728843,-6.237472,0.213209,-0.301647,1.773269,-3.089713,-37.811405,-6.331825,-0.263059,0.044371,-0.265436,-0.000000,-0.000000,0.000000,-29.267206,3.702536,-36.633766,-6.808624,3.968635,0.027518,-0.536811,0.052529,0.765163,-0.404628,1.542813,2.977263,-0.537235,0.088548,0.701220,-1.159793,1.558759,2.248622,5
3478367324835,0.241875,-0.312184,1.827364,-3.198396,-37.728844,-6.237471,0.212884,-0.301565,1.772808,-3.089074,-37.811889,-6.332380,-0.263851,0.045956,-0.264643,-0.000000,-0.000000,0.000000,-29.342226,3.418556,-36.795110,-6.835376,3.991494,0.027641,-0.536809,0.052662,0.765305,-0.401725,1.542621,2.979912,-0.537235,0.088548,0.701220,-1.159793,1.558759,2.248622,5
3478368312367,0.241614,-0.312139,1.827100,-3.198397,-37.728844,-6.237471,0.212557,-0.301482,1.772345,-3.088433,-37.812375,-6.332936,-0.261474,0.045164,-0.263851,-0.000000,-0.000000,0.000000,-29.657265,3.580429,-36.847148,-6.837477,3.993566,0.027762,-0.536806,0.052800,0.765453,-0.398760,1.542419,2.982614,-0.537235,0.088548,0.701220,-1.159793,1.558759,2.248622,5
3478369283517,0.241346,-0.312092,1.826834,-3.198395,-37.728845,-6.237472,0.212230,-0.301400,1.771882,-3.087791,-37.812862,-6.333494,-0.267813,0.046748,-0.266228,-0.000000,-0.000000,0.000000,-29.272870,3.418435,-36.867123,-6.832442,3.997445,0.027917,-0.536803,0.052941,0.765601,-0.395747,1.542218,2.985358,-0.537235,0.088548,0.701220,-1.159793,1.558759,2.248622,5
3478370326813,0.241073,-0.312041,1.826546,-3.198397,-37.728844,-6.237471,0.211902,-0.301317,1.771416,-3.087147,-37.813351,-6.334054,-0.263059,0.046748,-0.265436,-0.000000,-0.000000,0.000000,-29.774602,3.413045,-36.951810,-6.841196,4.003484,0.028026,-0.536801,0.053084,0.765762,-0.392579,1.541998,2.988252,-0.537235,0.088548,0.701220,-1.159793,1.558759,2.248622,5
3478371283259,0.240806,-0.311994,1.826292,-3.198399,-37.728848,-6.237471,0.211573,-0.301234,1.770950,-3.086500,-37.813841,-6.334615,-0.267020,0.047541,-0.267020,-0.004746,-0.000000,0.000000,-29.581280,3.379401,-36.953811,-6.825572,4.002557,0.028328,-0.536799,0.053225,0.765901,-0.389947,1.541810,2.990615,-0.537235,0.088548,0.701220,-1.159793,1.558759,2.248622,5
3478372315354,0.240547,-0.311950,1.826035,-3.198396,-37.728848,-6.237470,0.211243,-0.301151,1.770482,-3.085853,-37.814332,-6.335177,-0.272567,0.045956,-0.268605,0.002848,-0.000000,0.000000,-29.258118,3.780288,-36.900371,-6.815119,3.992597,0.028244,-0.536795,0.053361,0.766045,-0.387028,1.541613,2.993275,-0.537235,0.088548,0.701220,-1.159793,1.558759,2.248622,5
3478373311922,0.240272,-0.311900,1.825757,-3.198396,-37.728848,-6.237471,0.210912,-0.301068,1.770013,-3.085203,-37.814824,-6.335741,-0.264643,0.047541,-0.266228,-0.000000,-0.000000,0.000000,-30.021207,3.413450,-37.119257,-6.849876,4.018831,0.028421,-0.536793,0.053506,0.766199,-0.384094,1.541403,2.995931,-0.537235,0.088548,0.701220,-1.159793,1.558759,2.248622,5
3478374283562,0.240015,-0.311853,1.825497,-3.198398,-37.728846,-6.237472,0.210580,-0.300984,1.769542,-3.084551,-37.815318,-6.336307,-0.268605,0.049125,-0.271774,-0.002848,-0.000000,0.000000,-29.838486,3.342985,-37.001522,-6.808281,3.998452,0.028671,-0.536791,0.053641,0.766344,-0.381507,1.541202,2.998260,-0.537235,0.088548,0.701220,-1.159793,1.558759,2.248622,5
3478375324226,0.239727,-0.311800,1.825198,-3.198397,-37.728850,-6.237471,0.210248,-0.300900,1.769071,-3.083898,-37.815814,-6.336875,-0.274944,0.049125,-0.275736,-0.000000,-0.000000,0.000000,-29.434927,3.524847,-36.886901,-6.776471,3.979936,0.028748,-0.536788,0.053792,0.766509,-0.378384,1.540978,3.001094,-0.537235,0.088548,0.701220,-1.159793,1.558759,2.248622,5
3478376313132,0.239454,-0.311749,1.824936,-3.198393,-37.728849,-6.237472,0.209914,-0.300816,1.768598,-3.083243,-37.816310,-6.337444,-0.273359,0.050710,-0.276529,0.003797,-0.000000,0.000000,-29.689481,3.256238,-37.006290,-6.797991,3.994255,0.028745,-0.536787,0.053936,0.766653,-0.375639,1.540782,3.003565,-0.537235,0.088548,0.701220,-1.159793,1.558759,2.248622,5
3478377312258,0.239192,-0.311700,1.824673,-3.198394,-37.728851,-6.237471,0.209579,-0.300731,1.768123,-3.082586,-37.816809,-6.338014,-0.273359,0.050710,-0.274152,-0.000000,-0.000000,0.000000,-29.822066,3.232501,-37.143990,-6.814869,4.012258,0.028991,-0.536785,0.054074,0.766797,-0.373061,1.540586,3.005879,-0.537235,0.088548,0.701220,-1.159793,1.558759,2.248622,5
3478378283669,0.238905,-0.311644,1.824385,-3.198396,-37.728848,-6.237472,0.209244,-0.300647,1.767648,-3.081927,-37.817308,-6.338586,-0.275736,0.053087,-0.276529,-0.000000,0.002848,0.000000,-29.750401,2.893469,-37.195670,-6.815773,4.017120,0.029132,-0.536784,0.054224,0.766956,-0.370320,1.540366,3.008332,-0.537235,0.088548,0.701220,-1.159793,1.558759,2.248622,5
3478379283047,0.238626,-0.311589,1.824112,-3.198394,-37.728849,-6.237472,0.208907,-0.300562,1.767171,-3.081266,-37.817809,-6.339160,-0.278906,0.054672,-0.273359,-0.000000,-0.000000,0.000000,-29.621778,2.528998,-37.459252,-6.866590,4.060073,0.029260,-0.536783,0.054370,0.767104,-0.367677,1.540164,3.010695,-0.537235,0.088548,0.701220,-1.159793,1.558759,2.248622,5
3478380283319,0.238351,-0.311538,1.823835,-3.198396,-37.728846,-6.237471,0.208570,-0.300477,1.766692,-3.080604,-37.818311,-6.339735,-0.274944,0.055464,-0.276529,-0.000000,0.002848,0.000000,-30.064779,2.496032,-37.416564,-6.845277,4.044416,0.029382,-0.536781,0.054515,0.767258,-0.365038,1.539951,3.013059,-0.537235,0.088548,0.701220,-1.159793,1.558759,2.248622,5
3478381297984,0.238080,-0.311488,1.823566,-3.198395,-37.728847,-6.237473,0.208232,-0.300392,1.766213,-3.079939,-37.818815,-6.340312,-0.281283,0.049918,-0.279698,-0.000000,-0.000000,-0.003797,-29.657855,3.727876,-37.083197,-6.761694,3.989975,0.029631,-0.536779,0.054657,0.767406,-0.362579,1.539747,3.015245,-0.537235,0.088548,0.701220,-1.159793,1.558759,2.248622,5
3478382319133,0.237800,-0.311434,1.823291,-3.198397,-37.728847,-6.237470,0.207893,-0.300306,1.765732,-3.079273,-37.819320,-6.340890,-0.279698,0.053879,-0.275736,-0.002848,-0.000000,0.003797,-29.922847,2.874100,-37.474561,-6.836319,4.049499,0.029701,-0.536777,0.054804,0.767557,-0.360020,1.539540,3.017523,-0.537235,0.088548,0.701220,-1.159793,1.558759,2.248622,5
3478383316487,0.237520,-0.311377,1.823013,-3.198396,-37.728849,-6.237472,0.207553,-0.300220,1.765250,-3.078606,-37.819826,-6.341470,-0.280490,0.057049,-0.277321,-0.000000,-0.002848,0.000000,-29.989785,2.324119,-37.632740,-6.864826,4.073980,0.029798,-0.536777,0.054951,0.767707,-0.357590,1.539335,3.019671,-0.537235,0.088548,0.701220,-1.159793,1.558759,2.248622,5
3478384313143,0.237236,-0.311326,1.822716,-3.198395,-37.728848,-6.237471,0.207212,-0.300134,1.764766,-3.077936,-37.820334,-6.342051,-0.283660,0.050710,-0.285244,-0.000000,-0.002848,0.000000,-29.823676,3.853922,-37.051867,-6.723612,3.975140,0.029992,-0.536773,0.055100,0.767873,-0.354760,1.539104,3.022216,-0.537235,0.088548,0.701220,-1.159793,1.558759,2.248622,5
3478385314611,0.236937,-0.311269,1.822418,-3.198399,-37.728846,-6.237472,0.206870,-0.300048,1.764281,-3.077265,-37.820843,-6.342634,-0.286037,0.053879,-0.286829,-0.000000,-0.000000,0.000000,-29.749943,3.339627,-37.170838,-6.739583,3.991220,0.030130,-0.536771,0.055257,0.768039,-0.352264,1.538874,3.024413,-0.537235,0.088548,0.701220,-1.159793,1.558759,2.248622,5
3478386313465,0.236651,-0.311214,1.822140,-3.198397,-37.728841,-6.237472,0.206527,-0.299962,1.763795,-3.076592,-37.821353,-6.343219,-0.286829,0.054672,-0.288414,-0.000000,0.004746,0.000000,-29.805336,3.279230,-37.185093,-6.732379,3.987166,0.030268,-0.536769,0.055408,0.768191,-0.349755,1.538661,3.026634,-0.537235,0.088548,0.701220,-1.159793,1.558759,2.248622,5
3478387314752,0.236363,-0.311164,1.821846,-3.198396,-37.728842,-6.237471,0.206183,-0.299875,1.763308,-3.075917,-37.821865,-6.343805,-0.287621,0.050710,-0.293960,-0.000000,-0.000000,0.000000,-29.838987,4.255734,-36.829816,-6.641752,3.926897,0.030435,-0.536765,0.055559,0.768355,-0.347120,1.538434,3.028979,-0.537235,0.088548,0.701220,-1.159793,1.558759,2.248622,5
3478388283583,0.236076,-0.311111,1.821545,-3.198397,-37.728840,-6.237470,0.205839,-0.299788,1.762820,-3.075240,-37.822378,-6.344392,-0.286829,0.052295,-0.301091,-0.000000,-0.000000,0.000000,-30.021758,4.207295,-36.655320,-6.589734,3.893921,0.030581,-0.536761,0.055710,0.768524,-0.344490,1.538199,3.031321,-0.537235,0.088548,0.701220,-1.159793,1.558759,2.248622,5
3478389312968,0.235785,-0.311060,1.821238,-3.198396,-37.728837,-6.237470,0.205493,-0.299701,1.762330,-3.074561,-37.822892,-6.344982,-0.290791,0.051502,-0.306638,-0.000000,0.003797,0.000000,-29.811425,4.604229,-36.417083,-6.525174,3.851035,0.030752,-0.536756,0.055864,0.768697,-0.341796,1.537956,3.033723,-0.537235,0.088548,0.701220,-1.159793,1.558759,2.248622,5
3478390283817,0.235495,-0.311007,1.820937,-3.198399,-37.728838,-6.237470,0.205147,-0.299614,1.761838,-3.073881,-37.823408,-6.345572,-0.289998,0.053087,-0.301091,-0.002848,-0.000000,0.000000,-30.000326,4.168447,-36.763004,-6.590535,3.905163,0.030952,-0.536752,0.056016,0.768864,-0.339360,1.537723,3.035868,-0.537235,0.088548,0.701220,-1.159793,1.558759,2.248622,5
3478391311958,0.235216,-0.310956,1.820650,-3.198397,-37.728838,-6.237472,0.204799,-0.299526,1.761346,-3.073199,-37.823925,-6.346164,-0.289206,0.052295,-0.298714,-0.000000,-0.000000,0.000000,-30.187546,4.278721,-36.890131,-6.613959,3.920492,0.030984,-0.536748,0.056164,0.769024,-0.336979,1.537499,3.037968,-0.537235,0.088548,0.701220,-1.159793,1.558759,2.248622,5
3478392283663,0.234907,-0.310901,1.820324,-3.198397,-37.728834,-6.237471,0.204451,-0.299438,1.760852,-3.072515,-37.824443,-6.346758,-0.297130,0.053087,-0.312184,-0.000000,0.002848,0.000000,-29.646047,4.627726,-36.389621,-6.487922,3.838801,0.031194,-0.536743,0.056327,0.769208,-0.334229,1.537240,3.040408,-0.537235,0.088548,0.701220,-1.159793,1.558759,2.248622,5
3478393283377,0.234622,-0.310849,1.820030,-3.198396,-37.728836,-6.237471,0.204102,-0.299350,1.760357,-3.071830,-37.824963,-6.347353,-0.297922,0.053087,-0.307430,-0.000000,-0.000000,0.000000,-29.707075,4.523859,-36.641339,-6.536337,3.877547,0.031316,-0.536738,0.056476,0.769371,-0.331826,1.537013,3.042524,-0.537235,0.088548,0.701220,-1.159793,1.558759,2.248622,5
3478394283009,0.234314,-0.310792,1.819694,-3.198396,-37.728834,-6.237471,0.203752,-0.299262,1.759861,-3.071143,-37.825484,-6.347950,-0.296337,0.053087,-0.308222,-0.002848,-0.000000,0.000000,-29.937674,4.596800,-36.630983,-6.519592,3.870477,0.031537,-0.536733,0.056639,0.769560,-0.329151,1.536748,3.044890,-0.537235,0.088548,0.701220,-1.159793,1.558759,2.248622,5
3478395312063,0.234027,-0.310740,1.819401,-3.198394,-37.728836,-6.237470,0.203401,-0.299173,1.759364,-3.070454,-37.826006,-6.348548,-0.297922,0.054672,-0.318523,-0.000000,-0.000000,0.000000,-29.930883,4.645438,-36.341427,-6.444877,3.820318,0.031612,-0.536729,0.056790,0.769722,-0.326780,1.536523,3.046973,-0.537235,0.088548,0.701220,-1.159793,1.558759,2.248622,5
3478396314985,0.233727,-0.310685,1.819080,-3.198396,-37.728832,-6.237472,0.203049,-0.299085,1.758865,-3.069763,-37.826530,-6.349148,-0.300299,0.054672,-0.320900,-0.000000,0.003797,-0.002848,-29.849340,4.783715,-36.269957,-6.418229,3.803734,0.031811,-0.536724,0.056948,0.769903,-0.324386,1.536266,3.049066,-0.537235,0.088548,0.701220,-1.159793,1.558759,2.248622,5
3478397313760,0.233429,-0.310626,1.818762,-3.198394,-37.728835,-6.237472,0.202697,-0.298996,1.758365,-3.069070,-37.827055,-6.349750,-0.297922,0.058634,-0.318523,-0.000000,-0.002848,0.000000,-30.170120,3.955798,-36.616463,-6.485844,3.859161,0.031867,-0.536721,0.057105,0.770078,-0.321938,1.536023,3.051214,-0.537235,0.088548,0.701220,-1.159793,1.558759,2.248622,5
3478398313132,0.233118,-0.310569,1.818426,-3.198396,-37.728836,-6.237470,0.202343,-0.298907,1.757864,-3.068376,-37.827581,-6.350352,-0.298714,0.057841,-0.320900,-0.000000,-0.000000,0.002848,-30.205878,4.237247,-36.508205,-6.450927,3.835866,0.031972,-0.536716,0.057269,0.770266,-0.319421,1.535760,3.053419,-0.537235,0.088548,0.701220,-1.159793,1.558759,2.248622,5
3478399283457,0.232816,-0.310508,1.818083,-3.198394,-37.728837,-6.237472,0.201989,-0.298817,1.757361,-3.067680,-37.828109,-6.350957,-0.301884,0.058634,-0.328031,-0.000000,-0.000000,-0.002848,-30.060429,4.359883,-36.280493,-6.387448,3.796847,0.032231,-0.536712,0.057427,0.770456,-0.316931,1.535493,3.055605,-0.537235,0.088548,0.701220,-1.159793,1.558759,2.248622,5
3478400314941,0.232512,-0.310448,1.817772,-3.198393,-37.728836,-6.237472,0.201633,-0.298728,1.756858,-3.066983,-37.828638,-6.351563,-0.304261,0.060218,-0.325654,-0.000000,-0.000000,0.000000,-29.986857,4.023575,-36.496801,-6.426883,3.829862,0.032319,-0.536709,0.057587,0.770626,-0.314682,1.535254,3.057549,-0.537235,0.088548,0.701220,-1.159793,1.558759,2.248622,5
3478401314133,0.232208,-0.310390,1.817442,-3.198392,-37.728837,-6.237471,0.201277,-0.298638,1.756353,-3.066283,-37.829168,-6.352170,-0.304261,0.057841,-0.330408,-0.000000,-0.000000,0.000000,-30.085323,4.674829,-36.227596,-6.355152,3.780869,0.032477,-0.536704,0.057748,0.770810,-0.312244,1.534996,3.059681,-0.537235,0.088548,0.701220,-1.159793,1.558759,2.248622,5
3478402283483,0.231919,-0.310331,1.817122,-3.198394,-37.728837,-6.237472,0.200920,-0.298548,1.755846,-3.065582,-37.829700,-6.352779,-0.301884,0.061011,-0.332785,-0.003797,-0.000000,0.000000,-30.410650,4.170092,-36.307099,-6.355946,3.788641,0.032720,-0.536702,0.057899,0.770986,-0.310099,1.534749,3.061535,-0.537235,0.088548,0.701220,-1.159793,1.558759,2.248622,5
3478403313086,0.231598,-0.310269,1.816779,-3.198393,-37.728840,-6.237472,0.200562,-0.298458,1.755339,-3.064879,-37.830233,-6.353389,-0.307430,0.060218,-0.328823,-0.000000,-0.000000,0.000000,-30.061770,4.256637,-36.479360,-6.391979,3.816067,0.032751,-0.536697,0.058068,0.771176,-0.307720,1.534484,3.063592,-0.537235,0.088548,0.701220,-1.159793,1.558759,2.248622,5
3478404312686,0.231294,-0.310208,1.816444,-3.198388,-37.728842,-6.237470,0.200204,-0.298367,1.754830,-3.064175,-37.830767,-6.354001,-0.304261,0.061011,-0.335162,0.004746,-0.000000,0.000000,-30.428055,4.305596,-36.320824,-6.350015,3.783705,0.032733,-0.536693,0.058228,0.771360,-0.305278,1.534227,3.065728,-0.537235,0.088548,0.701220,-1.159793,1.558759,2.248622,5
3478405314417,0.231000,-0.310149,1.816124,-3.198390,-37.728842,-6.237471,0.199844,-0.298276,1.754320,-3.063468,-37.831302,-6.354614,-0.305845,0.063388,-0.335162,-0.000000,-0.000000,0.000000,-30.431304,3.904086,-36.451676,-6.362529,3.802432,0.033021,-0.536690,0.058383,0.771537,-0.303210,1.533978,3.067501,-0.537235,0.088548,0.701220,-1.159793,1.558759,2.248622,5
3478406314157,0.230676,-0.310084,1.815771,-3.198385,-37.728844,-6.237471,0.199483,-0.298185,1.753809,-3.062760,-37.831839,-6.355229,-0.309807,0.061803,-0.336747,0.003797,-0.000000,0.000000,-30.202445,4.306220,-36.357708,-6.336767,3.785117,0.033065,-0.536686,0.058553,0.771731,-0.300767,1.533706,3.069618,-0.537235,0.088548,0.701220,-1.159793,1.558759,2.248622,5
3478407283438,0.230366,-0.310021,1.815427,-3.198388,-37.728844,-6.237471,0.199122,-0.298094,1.753297,-3.062051,-37.832377,-6.355845,-0.310599,0.063388,-0.343878,-0.002848,-0.000000,0.000000,-30.248812,4.281204,-36.140898,-6.266100,3.746539,0.033437,-0.536682,0.058716,0.771921,-0.298602,1.533437,3.071472,-0.537235,0.088548,0.701220,-1.159793,1.558759,2.248622,5
3478408283213,0.230053,-0.309958,1.815087,-3.198391,-37.728847,-6.237473,0.198760,-0.298003,1.752783,-3.061339,-37.832916,-6.356463,-0.312976,0.063388,-0.340709,-0.002848,-0.002848,-0.002848,-30.166551,4.226185,-36.313679,-6.296025,3.773643,0.033622,-0.536678,0.058881,0.772109,-0.296586,1.533173,3.073173,-0.537235,0.088548,0.701220,-1.159793,1.558759,2.248622,5
3478409283250,0.229741,-0.309896,1.814740,-3.198388,-37.728846,-6.237471,0.198396,-0.297911,1.752268,-3.060626,-37.833457,-6.357082,-0.312184,0.061803,-0.346255,0.002848,-0.000000,0.002848,-30.329303,4.729546,-36.066873,-6.236534,3.726220,0.033502,-0.536673,0.059045,0.772301,-0.294227,1.532902,3.075218,-0.537235,0.088548,0.701220,-1.159793,1.558759,2.248622,5
3478410290842,0.229439,-0.309836,1.814410,-3.198390,-37.728847,-6.237470,0.198032,-0.297820,1.751752,-3.059911,-37.833999,-6.357703,-0.313769,0.063388,-0.343086,-0.000000,-0.000000,0.002848,-30.327760,4.380085,-36.297786,-6.275285,3.761003,0.033723,-0.536669,0.059204,0.772484,-0.292191,1.532644,3.076951,-0.537235,0.088548,0.701220,-1.159793,1.558759,2.248622,5
3478411283334,0.229123,-0.309771,1.814061,-3.198389,-37.728846,-6.237472,0.197668,-0.297728,1.751235,-3.059195,-37.834542,-6.358325,-0.316146,0.064180,-0.348632,-0.000000,-0.000000,0.000000,-30.242007,4.446343,-36.138291,-6.227397,3.732522,0.033932,-0.536665,0.059370,0.772677,-0.290062,1.532370,3.078763,-0.537235,0.088548,0.701220,-1.159793,1.558759,2.248622,5
3478412283254,0.228807,-0.309706,1.813713,-3.198388,-37.728850,-6.237472,0.197302,-0.297635,1.750716,-3.058477,-37.835087,-6.358948,-0.316146,0.064972,-0.348632,-0.000000,-0.003797,0.000000,-30.351472,4.321104,-36.221657,-6.235756,3.744160,0.034067,-0.536661,0.059536,0.772868,-0.287956,1.532103,3.080551,-0.537235,0.088548,0.701220,-1.159793,1.558759,2.248622,5
3478413283422,0.228492,-0.309645,1.813363,-3.198390,-37.728851,-6.237472,0.196935,-0.297543,1.750196,-3.057757,-37.835632,-6.359573,-0.315353,0.061803,-0.349424,-0.000000,-0.000000,0.000000,-30.510857,5.008912,-36.066033,-6.190716,3.710714,0.034214,-0.536655,0.059703,0.773062,-0.285899,1.531827,3.082291,-0.537235,0.088548,0.701220,-1.159793,1.558759,2.248622,5
3478414312590,0.228172,-0.309579,1.813009,-3.198384,-37.728850,-6.237471,0.196568,-0.297450,1.749676,-3.057035,-37.836179,-6.360200,-0.320108,0.065765,-0.354178,0.005695,-0.000000,0.000000,-30.244591,4.425237,-36.111666,-6.196708,3.718164,0.034191,-0.536651,0.059871,0.773257,-0.283644,1.531552,3.084225,-0.537235,0.088548,0.701220,-1.159793,1.558759,2.248622,5
3478415311999,0.227852,-0.309515,1.812652,-3.198387,-37.728849,-6.237471,0.196200,-0.297357,1.749153,-3.056312,-37.836728,-6.360828,-0.320108,0.063388,-0.357348,-0.002848,-0.000000,0.000000,-30.338398,5.057166,-35.860046,-6.117538,3.672253,0.034624,-0.536645,0.060039,0.773456,-0.281611,1.531268,3.085936,-0.537235,0.088548,0.701220,-1.159793,1.558759,2.248622,5
3478416312224,0.227530,-0.309454,1.812293,-3.198386,-37.728849,-6.237471,0.195830,-0.297264,1.748630,-3.055587,-37.837277,-6.361457,-0.321692,0.061803,-0.358932,-0.000000,-0.000000,0.000000,-30.307699,5.459498,-35.762581,-6.089152,3.652586,0.034688,-0.536638,0.060209,0.773656,-0.279500,1.530983,3.087724,-0.537235,0.088548,0.701220,-1.159793,1.558759,2.248622,5
3478417283448,0.227192,-0.309388,1.811927,-3.198388,-37.728849,-6.237472,0.195461,-0.297171,1.748105,-3.054861,-37.837828,-6.362088,-0.324069,0.064972,-0.355763,-0.000000,-0.000000,0.000000,-30.221906,4.797504,-36.069472,-6.148513,3.700928,0.034820,-0.536632,0.060387,0.773860,-0.277488,1.530693,3.089395,-0.537235,0.088548,0.701220,-1.159793,1.558759,2.248622,5
3478418316728,0.226868,-0.309323,1.811572,-3.198384,-37.728852,-6.237470,0.195090,-0.297077,1.747580,-3.054133,-37.838380,-6.362720,-0.324069,0.064972,-0.354971,-0.000000,-0.000000,0.000000,-30.325777,4.811970,-36.137274,-6.153772,3.707631,0.034954,-0.536627,0.060558,0.774055,-0.275390,1.530419,3.091167,-0.537235,0.088548,0.701220,-1.159793,1.558759,2.248622,5
3478419314627,0.226541,-0.309256,1.811217,-3.198384,-37.728851,-6.237471,0.194718,-0.296984,1.747053,-3.053403,-37.838933,-6.363354,-0.326446,0.066557,-0.354971,-0.000000,-0.000000,0.000000,-30.242531,4.550787,-36.244268,-6.167424,3.722823,0.035100,-0.536622,0.060730,0.774250,-0.273464,1.530140,3.092766,-0.537235,0.088548,0.701220,-1.159793,1.558759,2.248622,5
3478420284025,0.226229,-0.309191,1.810867,-3.198381,-37.728854,-6.237472,0.194346,-0.296890,1.746525,-3.052671,-37.839488,-6.363989,-0.326446,0.068142,-0.350217,0.004746,-0.000000,0.000000,-30.365925,4.114061,-36.576326,-6.239543,3.772835,0.035063,-0.536618,0.060894,0.774442,-0.271548,1.529869,3.094368,-0.537235,0.088548,0.701220,-1.159793,1.558759,2.248622,5
3478421283013,0.225887,-0.309123,1.810509,-3.198381,-37.728852,-6.237472,0.193972,-0.296796,1.745995,-3.051938,-37.840044,-6.364626,-0.326446,0.065765,-0.357348,-0.000000,-0.000000,0.000000,-30.442178,4.850461,-36.181886,-6.132068,3.703687,0.035387,-0.536612,0.061074,0.774639,-0.269635,1.529588,3.095937,-0.537235,0.088548,0.701220,-1.159793,1.558759,2.248622,5
3478422283186,0.225559,-0.309055,1.810143,-3.198377,-37.728853,-6.237470,0.193598,-0.296701,1.745465,-3.051204,-37.840601,-6.365264,-0.328031,0.068142,-0.352594,0.003797,-0.000000,0.000000,-30.429188,4.270973,-36.539156,-6.208555,3.759277,0.035387,-0.536607,0.061247,0.774840,-0.267582,1.529304,3.097660,-0.537235,0.088548,0.701220,-1.159793,1.558759,2.248622,5
3478423282942,0.225243,-0.308989,1.809816,-3.198378,-37.728855,-6.237471,0.193223,-0.296607,1.744933,-3.050467,-37.841159,-6.365903,-0.327239,0.069726,-0.356555,-0.000000,-0.000000,0.002848,-30.609648,4.122122,-36.481356,-6.178353,3.745319,0.035606,-0.536603,0.061413,0.775017,-0.265970,1.529053,3.098956,-0.537235,0.088548,0.701220,-1.159793,1.558759,2.248622,5
3478424283091,0.224912,-0.308919,1.809463,-3.198374,-37.728856,-6.237472,0.192847,-0.296512,1.744400,-3.049729,-37.841719,-6.366544,-0.331200,0.070519,-0.353386,0.004746,-0.000000,0.000000,-30.396768,3.900364,-36.706193,-6.226314,3.780539,0.035646,-0.536599,0.061586,0.775208,-0.264134,1.528783,3.100459,-0.537235,0.088548,0.701220,-1.159793,1.558759,2.248622,5
3478425311542,0.224586,-0.308847,1.809103,-3.198374,-37.728857,-6.237472,0.192471,-0.296417,1.743866,-3.048989,-37.842279,-6.367186,-0.325654,0.072103,-0.359725,-0.000000,-0.000000,0.000000,-30.951027,3.803267,-36.542539,-6.169652,3.746075,0.035920,-0.536596,0.061757,0.775404,-0.262329,1.528506,3.101936,-0.537235,0.088548,0.701220,-1.159793,1.558759,2.248622,5
3478426312323,0.224254,-0.308779,1.808746,-3.198378,-37.728855,-6.237472,0.192093,-0.296322,1.743331,-3.048248,-37.842841,-6.367830,-0.332785,0.068142,-0.356555,-0.004746,0.002848,0.000000,-30.464330,4.568423,-36.482054,-6.141552,3.734210,0.036260,-0.536591,0.061932,0.775601,-0.260650,1.528224,3.103282,-0.537235,0.088548,0.701220,-1.159793,1.558759,2.248622,5
3478427312884,0.223915,-0.308708,1.808388,-3.198376,-37.728856,-6.237472,0.191715,-0.296226,1.742795,-3.047505,-37.843405,-6.368475,-0.338332,0.070519,-0.358140,0.002848,-0.000000,0.000000,-30.122085,4.179606,-36.602391,-6.168092,3.755537,0.036182,-0.536586,0.062110,0.775796,-0.258870,1.527947,3.104722,-0.537235,0.088548,0.701220,-1.159793,1.558759,2.248622,5
3478428314264,0.223567,-0.308635,1.808010,-3.198375,-37.728857,-6.237471,0.191336,-0.296131,1.742257,-3.046761,-37.843969,-6.369122,-0.335954,0.068934,-0.362894,-0.000000,-0.000000,0.000000,-30.392578,4.666748,-36.351490,-6.095808,3.708340,0.036421,-0.536580,0.062294,0.776002,-0.256993,1.527655,3.106248,-0.537235,0.088548,0.701220,-1.159793,1.558759,2.248622,5
3478429313743,0.223234,-0.308563,1.807654,-3.198377,-37.728856,-6.237473,0.190956,-0.296035,1.741718,-3.046015,-37.844535,-6.369770,-0.332785,0.072103,-0.356555,-0.000000,-0.000000,-0.002848,-30.766711,3.861337,-36.807915,-6.189141,3.776957,0.036558,-0.536576,0.062468,0.776197,-0.255410,1.527377,3.107497,-0.537235,0.088548,0.701220,-1.159793,1.558759,2.248622,5
3478430314326,0.222903,-0.308490,1.807288,-3.198377,-37.728855,-6.237471,0.190575,-0.295939,1.741178,-3.045267,-37.845102,-6.370419,-0.331200,0.072896,-0.366064,-0.000000,-0.000000,0.002848,-30.994472,4.022067,-36.491382,-6.104046,3.720031,0.036624,-0.536572,0.062642,0.776397,-0.253655,1.527093,3.108919,-0.537235,0.088548,0.701220,-1.159793,1.558759,2.248622,5
3478431313012,0.222565,-0.308418,1.806926,-3.198376,-37.728856,-6.237472,0.190193,-0.295843,1.740637,-3.044518,-37.845670,-6.371070,-0.337539,0.072103,-0.361310,-0.000000,-0.000000,0.000000,-30.583336,4.087798,-36.678611,-6.137948,3.750455,0.036835,-0.536568,0.062820,0.776592,-0.251982,1.526815,3.110253,-0.537235,0.088548,0.701220,-1.159793,1.558759,2.248622,5
3478432313882,0.222229,-0.308345,1.806560,-3.198377,-37.728854,-6.237470,0.189811,-0.295746,1.740095,-3.043767,-37.846239,-6.371722,-0.335954,0.072896,-0.366064,-0.000000,0.002848,0.000000,-30.811833,4.106617,-36.551519,-6.096920,3.722772,0.036978,-0.536563,0.062996,0.776793,-0.250302,1.526529,3.111595,-0.537235,0.088548,0.701220,-1.159793,1.558759,2.248622,5
3478433312673,0.221889,-0.308270,1.806200,-3.198378,-37.728853,-6.237470,0.189428,-0.295650,1.739552,-3.043014,-37.846810,-6.372375,-0.339916,0.075273,-0.360517,-0.000000,-0.000000,0.000000,-30.604077,3.504515,-36.934742,-6.174314,3.785943,0.037117,-0.536560,0.063174,0.776988,-0.248719,1.526251,3.112837,-0.537235,0.088548,0.701220,-1.159793,1.558759,2.248622,5
3478434314558,0.221549,-0.308199,1.805828,-3.198379,-37.728852,-6.237472,0.189043,-0.295553,1.739007,-3.042260,-37.847381,-6.373030,-0.340709,0.070519,-0.371610,-0.000000,-0.000000,0.000000,-30.611451,4.818392,-36.282756,-6.014337,3.674548,0.037314,-0.536553,0.063354,0.777193,-0.247109,1.525958,3.114104,-0.537235,0.088548,0.701220,-1.159793,1.558759,2.248622,5
3478435282992,0.221209,-0.308125,1.805464,-3.198380,-37.728851,-6.237472,0.188659,-0.295456,1.738462,-3.041504,-37.847954,-6.373686,-0.339916,0.074480,-0.364479,-0.000000,-0.000000,0.000000,-30.795003,3.841924,-36.805332,-6.122898,3.755848,0.037415,-0.536549,0.063532,0.777391,-0.245539,1.525676,3.115332,-0.537235,0.088548,0.701220,-1.159793,1.558759,2.248622,5
3478436283627,0.220865,-0.308051,1.805095,-3.198380,-37.728851,-6.237471,0.188273,-0.295358,1.737915,-3.040747,-37.848528,-6.374344,-0.343878,0.073688,-0.368441,-0.000000,-0.000000,0.000000,-30.566270,4.167486,-36.634454,-6.073033,3.726209,0.037595,-0.536544,0.063713,0.777591,-0.243929,1.525390,3.116598,-0.537235,0.088548,0.701220,-1.159793,1.558759,2.248622,5
3478437283431,0.220527,-0.307976,1.804728,-3.198377,-37.728848,-6.237472,0.187887,-0.295261,1.737367,-3.039988,-37.849104,-6.375003,-0.337539,0.075273,-0.367648,0.002848,0.002848,0.000000,-31.185783,3.821181,-36.797025,-6.102425,3.742538,0.037596,-0.536540,0.063890,0.777791,-0.242336,1.525104,3.117852,-0.537235,0.088548,0.701220,-1.159793,1.558759,2.248622,5
3478438283260,0.220198,-0.307906,1.804375,-3.198379,-37.728845,-6.237471,0.187499,-0.295163,1.736818,-3.039228,-37.849680,-6.375663,-0.343086,0.074480,-0.367648,-0.000000,0.002848,0.000000,-30.844628,4.043087,-36.778780,-6.084414,3.738805,0.037866,-0.536534,0.064064,0.777984,-0.240832,1.524827,3.119024,-0.537235,0.088548,0.701220,-1.159793,1.558759,2.248622,5
3478439312035,0.219851,-0.307835,1.804003,-3.198376,-37.728846,-6.237470,0.187111,-0.295065,1.736268,-3.038466,-37.850258,-6.376325,-0.347047,0.071311,-0.371610,0.003797,-0.000000,0.000000,-30.604804,4.821977,-36.518228,-6.020005,3.695496,0.037932,-0.536527,0.064246,0.778187,-0.239177,1.524537,3.120331,-0.537235,0.088548,0.701220,-1.159793,1.558759,2.248622,5
3478440318304,0.219503,-0.307759,1.803635,-3.198380,-37.728843,-6.237471,0.186722,-0.294967,1.735716,-3.037702,-37.850837,-6.376988,-0.347047,0.076065,-0.368441,-0.004746,0.002848,0.000000,-30.721685,3.849762,-36.865504,-6.075990,3.747511,0.038324,-0.536522,0.064429,0.778388,-0.237780,1.524249,3.121379,-0.537235,0.088548,0.701220,-1.159793,1.558759,2.248622,5
3478441314554,0.219153,-0.307683,1.803259,-3.198379,-37.728843,-6.237471,0.186333,-0.294869,1.735164,-3.036937,-37.851417,-6.377652,-0.350217,0.076065,-0.375572,-0.000000,-0.000000,0.000000,-30.554444,4.092264,-36.631575,-6.017059,3.708795,0.038355,-0.536517,0.064613,0.778591,-0.236242,1.523958,3.122565,-0.537235,0.088548,0.701220,-1.159793,1.558759,2.248622,5
3478442312772,0.218791,-0.307607,1.802874,-3.198377,-37.728844,-6.237471,0.185942,-0.294771,1.734610,-3.036170,-37.851998,-6.378318,-0.347047,0.076065,-0.370818,-0.000000,-0.000000,0.000000,-30.897278,3.957236,-36.864323,-6.060183,3.740257,0.038463,-0.536510,0.064803,0.778801,-0.234656,1.523658,3.123787,-0.537235,0.088548,0.701220,-1.159793,1.558759,2.248622,5
3478443328407,0.218442,-0.307525,1.802497,-3.198377,-37.728846,-6.237472,0.185551,-0.294672,1.734056,-3.035402,-37.852581,-6.378985,-0.349424,0.080027,-0.376364,-0.000000,-0.000000,0.000000,-30.812644,3.380819,-36.858864,-6.045915,3.737727,0.038623,-0.536507,0.064986,0.779002,-0.233228,1.523373,3.124865,-0.537235,0.088548,0.701220,-1.159793,1.558759,2.248622,5
3478444284205,0.218090,-0.307451,1.802124,-3.198379,-37.728845,-6.237472,0.185159,-0.294573,1.733500,-3.034632,-37.853164,-6.379653,-0.351801,0.073688,-0.373195,-0.002848,-0.000000,0.000000,-30.691781,4.575082,-36.705497,-5.999183,3.708442,0.038886,-0.536500,0.065172,0.779206,-0.231799,1.523081,3.125940,-0.537235,0.088548,0.701220,-1.159793,1.558759,2.248622,5
3478445313666,0.217735,-0.307370,1.801731,-3.198377,-37.728846,-6.237472,0.184766,-0.294474,1.732943,-3.033861,-37.853749,-6.380323,-0.354971,0.081612,-0.378741,-0.000000,-0.000000,0.000000,-30.555243,3.221802,-36.895163,-6.031997,3.739266,0.038945,-0.536496,0.065358,0.779418,-0.230281,1.522779,3.127101,-0.537235,0.088548,0.701220,-1.159793,1.558759,2.248622,5
3478446283238,0.217380,-0.307293,1.801368,-3.198377,-37.728847,-6.237470,0.184373,-0.294375,1.732385,-3.033088,-37.854335,-6.380994,-0.354971,0.076858,-0.377949,-0.000000,-0.000000,0.002848,-30.628921,4.149393,-36.742864,-5.988232,3.708861,0.039058,-0.536491,0.065544,0.779613,-0.228865,1.522502,3.128161,-0.537235,0.088548,0.701220,-1.159793,1.558759,2.248622,5
3478447313261,0.217040,-0.307215,1.801006,-3.198377,-37.728843,-6.237471,0.183978,-0.294275,1.731826,-3.032313,-37.854922,-6.381667,-0.354178,0.080027,-0.379533,-0.000000,0.002848,0.000000,-30.808977,3.596945,-36.866181,-6.004119,3.723084,0.039233,-0.536486,0.065723,0.779808,-0.227507,1.522222,3.129177,-0.537235,0.088548,0.701220,-1.159793,1.558759,2.248622,5
3478448314790,0.216667,-0.307132,1.800611,-3.198379,-37.728847,-6.237471,0.183583,-0.294176,1.731266,-3.031538,-37.855510,-6.382340,-0.358932,0.079235,-0.377949,-0.000000,-0.000000,0.000000,-30.501933,3.739222,-36.925172,-6.007558,3.733289,0.039408,-0.536481,0.065919,0.780020,-0.226131,1.521921,3.130178,-0.537235,0.088548,0.701220,-1.159793,1.558759,2.248622,5
3478449283569,0.216323,-0.307060,1.800245,-3.198379,-37.728847,-6.237470,0.183187,-0.294076,1.730704,-3.030760,-37.856100,-6.383016,-0.358140,0.076858,-0.381118,-0.000000,-0.000000,0.000000,-30.655718,4.331642,-36.720940,-5.950253,3.694365,0.039563,-0.536474,0.066100,0.780219,-0.224760,1.521635,3.131204,-0.537235,0.088548,0.701220,-1.159793,1.558759,2.248622,5
3478450283168,0.215950,-0.306979,1.799849,-3.198379,-37.728846,-6.237470,0.182790,-0.293976,1.730142,-3.029981,-37.856690,-6.383692,-0.360517,0.076065,-0.377949,-0.000000,-0.000000,0.000000,-30.542216,4.423537,-36.840425,-5.967700,3.711089,0.039716,-0.536467,0.066296,0.780434,-0.223322,1.521327,3.132266,-0.537235,0.088548,0.701220,-1.159793,1.558759,2.248622,5
3478451283328,0.215592,-0.306900,1.799450,-3.198377,-37.728848,-6.237470,0.182393,-0.293876,1.729578,-3.029201,-37.857282,-6.384370,-0.358140,0.079235,-0.383495,0.002848,-0.000000,0.000000,-30.833223,3.981471,-36.809590,-5.951417,3.700806,0.039756,-0.536460,0.066485,0.780651,-0.221838,1.521017,3.133391,-0.537235,0.088548,0.701220,-1.159793,1.558759,2.248622,5
3478452283039,0.215245,-0.306823,1.799096,-3.198377,-37.728846,-6.237471,0.181995,-0.293775,1.729014,-3.028419,-37.857875,-6.385049,-0.362894,0.080819,-0.388249,-0.000000,0.002848,0.000000,-30.554247,3.876076,-36.707377,-5.912203,3.681828,0.040032,-0.536455,0.066667,0.780841,-0.220636,1.520745,3.134244,-0.537235,0.088548,0.701220,-1.159793,1.558759,2.248622,5
3478453312548,0.214880,-0.306746,1.798714,-3.198376,-37.728849,-6.237471,0.181596,-0.293675,1.728448,-3.027635,-37.858469,-6.385729,-0.364479,0.076858,-0.381118,-0.000000,-0.002848,0.000000,-30.502514,4.453567,-36.859395,-5.938841,3.705717,0.040180,-0.536447,0.066859,0.781047,-0.219277,1.520451,3.135237,-0.537235,0.088548,0.701220,-1.159793,1.558759,2.248622,5
3478454312739,0.214516,-0.306667,1.798325,-3.198379,-37.728850,-6.237472,0.181196,-0.293574,1.727881,-3.026850,-37.859064,-6.386411,-0.364479,0.079235,-0.389042,-0.003797,-0.000000,0.000000,-30.593565,4.279085,-36.653937,-5.873569,3.666924,0.040464,-0.536440,0.067050,0.781258,-0.218030,1.520149,3.136118,-0.537235,0.088548,0.701220,-1.159793,1.558759,2.248622,5
3478455312156,0.214147,-0.306589,1.797941,-3.198375,-37.728852,-6.237471,0.180796,-0.293473,1.727313,-3.026064,-37.859660,-6.387094,-0.368441,0.078442,-0.384288,0.004746,-0.000000,0.000000,-30.359661,4.300772,-36.882325,-5.927785,3.702281,0.040346,-0.536433,0.067244,0.781465,-0.216618,1.519853,3.137159,-0.537235,0.088548,0.701220,-1.159793,1.558759,2.248622,5
3478456312370,0.213765,-0.306508,1.797538,-3.198379,-37.728850,-6.237473,0.180394,-0.293372,1.726744,-3.025276,-37.860258,-6.387778,-0.366856,0.080819,-0.387457,-0.004746,-0.000000,-0.002848,-30.568213,3.984936,-36.850457,-5.895228,3.692539,0.040836,-0.536424,0.067446,0.781685,-0.215390,1.519535,3.138004,-0.537235,0.088548,0.701220,-1.159793,1.558759,2.248622,5
3478457283430,0.213395,-0.306424,1.797152,-3.198379,-37.728847,-6.237472,0.179992,-0.293270,1.726174,-3.024486,-37.860856,-6.388463,-0.370025,0.080819,-0.385872,-0.000000,0.002848,0.000000,-30.399011,3.954722,-36.963757,-5.917045,3.707178,0.040799,-0.536419,0.067640,0.781892,-0.214079,1.519238,3.138943,-0.537235,0.088548,0.701220,-1.159793,1.558759,2.248622,5
3478458316914,0.213025,-0.306342,1.796756,-3.198378,-37.728849,-6.237471,0.179589,-0.293169,1.725603,-3.023695,-37.861456,-6.389150,-0.370025,0.081612,-0.396173,-0.002848,-0.000000,0.000000,-30.478374,4.150146,-36.602079,-5.817450,3.645823,0.041064,-0.536411,0.067834,0.782106,-0.212750,1.518933,3.139900,-0.537235,0.088548,0.701220,-1.159793,1.558759,2.248622,5
3478459314466,0.212653,-0.306261,1.796366,-3.198377,-37.728848,-6.237472,0.179186,-0.293067,1.725031,-3.022903,-37.862057,-6.389838,-0.372402,0.080819,-0.389834,-0.000000,-0.000000,0.000000,-30.371709,4.130689,-36.870219,-5.873184,3.686658,0.041117,-0.536404,0.068030,0.782316,-0.211484,1.518630,3.140793,-0.537235,0.088548,0.701220,-1.159793,1.558759,2.248622,5
3478460284436,0.212297,-0.306187,1.795983,-3.198377,-37.728848,-6.237472,0.178782,-0.292965,1.724458,-3.022109,-37.862659,-6.390528,-0.370025,0.077650,-0.399342,-0.000000,-0.000000,0.000000,-30.639553,5.074253,-36.363724,-5.745699,3.597200,0.041285,-0.536394,0.068218,0.782526,-0.210256,1.518328,-3.141523,-0.537235,0.088548,0.701220,-1.159793,1.558759,2.248622,5
3478461313913,0.211906,-0.306100,1.795572,-3.198377,-37.728851,-6.237472,0.178377,-0.292863,1.723884,-3.021314,-37.863262,-6.391218,-0.374779,0.083196,-0.396173,-0.000000,-0.002848,0.000000,-30.349693,3.918726,-36.789627,-5.830936,3.668828,0.041437,-0.536387,0.068424,0.782746,-0.208956,1.518014,-3.140616,-0.537235,0.088548,0.701220,-1.159793,1.558759,2.248622,5
3478462314620,0.211531,-0.306018,1.795151,-3.198376,-37.728849,-6.237472,0.177971,-0.292760,1.723308,-3.020517,-37.863866,-6.391910,-0.374779,0.081612,-0.402511,-0.000000,-0.000000,0.000000,-30.420451,4.467062,-36.466733,-5.745582,3.609886,0.041606,-0.536378,0.068621,0.782976,-0.207577,1.517681,-3.139613,-0.537235,0.088548,0.701220,-1.159793,1.558759,2.248622,5
3478463313825,0.211172,-0.305939,1.794785,-3.198380,-37.728847,-6.237473,0.177564,-0.292658,1.722732,-3.019719,-37.864471,-6.392603,-0.373987,0.082404,-0.399342,-0.000000,-0.000000,-0.002848,-30.585631,4.224753,-36.681517,-5.783837,3.640061,0.041779,-0.536371,0.068810,0.783173,-0.206573,1.517397,-3.138970,-0.537235,0.088548,0.701220,-1.159793,1.558759,2.248622,5
3478464283463,0.210780,-0.305852,1.794360,-3.198377,-37.728844,-6.237472,0.177157,-0.292555,1.722155,-3.018919,-37.865077,-6.393298,-0.374779,0.081612,-0.406473,-0.000000,-0.000000,0.000000,-30.581761,4.633785,-36.370183,-5.700738,3.585516,0.041910,-0.536362,0.069016,0.783404,-0.205169,1.517064,-3.137959,-0.537235,0.088548,0.701220,-1.159793,1.558759,2.248622,5
3478465283004,0.210402,-0.305771,1.793955,-3.198375,-37.728846,-6.237471,0.176749,-0.292452,1.721576,-3.018118,-37.865685,-6.393993,-0.377949,0.081612,-0.404889,0.002848,-0.000000,0.000000,-30.408382,4.616047,-36.473644,-5.717666,3.600287,0.041981,-0.536353,0.069215,0.783623,-0.203876,1.516750,-3.137047,-0.537235,0.088548,0.701220,-1.159793,1.558759,2.248622,5
3478466283454,0.210020,-0.305687,1.793541,-3.198377,-37.728846,-6.237470,0.176340,-0.292349,1.720997,-3.017315,-37.866293,-6.394690,-0.381911,0.083989,-0.413604,-0.002848,-0.000000,0.000000,-30.169739,4.487214,-36.221149,-5.638954,3.558331,0.042359,-0.536344,0.069417,0.783848,-0.202671,1.516427,-3.136225,-0.537235,0.088548,0.701220,-1.159793,1.558759,2.248622,5
3478467312013,0.209654,-0.305610,1.793151,-3.198377,-37.728842,-6.237471,0.175931,-0.292246,1.720416,-3.016511,-37.866903,-6.395388,-0.381911,0.080819,-0.407266,-0.000000,0.002848,0.000000,-30.253099,4.937985,-36.369998,-5.668034,3.575728,0.042404,-0.536334,0.069610,0.784062,-0.201507,1.516116,-3.135429,-0.537235,0.088548,0.701220,-1.159793,1.558759,2.248622,5
3478468283526,0.209270,-0.305526,1.792734,-3.198377,-37.728847,-6.237471,0.175521,-0.292143,1.719835,-3.015706,-37.867513,-6.396088,-0.384288,0.083989,-0.416774,-0.000000,-0.004746,0.000000,-30.142782,4.636957,-36.171534,-5.608841,3.545940,0.042587,-0.536324,0.069812,0.784286,-0.200301,1.515794,-3.134609,-0.537235,0.088548,0.701220,-1.159793,1.558759,2.248622,5
3478469317455,0.208887,-0.305445,1.792312,-3.198376,-37.728845,-6.237470,0.175110,-0.292039,1.719252,-3.014899,-37.868125,-6.396788,-0.382703,0.080819,-0.421528,-0.000000,-0.000000,0.000000,-30.332126,5.447154,-35.835264,-5.521159,3.482265,0.042746,-0.536313,0.070014,0.784518,-0.199006,1.515459,-3.133699,-0.537235,0.088548,0.701220,-1.159793,1.558759,2.248622,5
3478470314798,0.208486,-0.305363,1.791868,-3.198379,-37.728843,-6.237471,0.174698,-0.291935,1.718668,-3.014090,-37.868738,-6.397490,-0.384288,0.082404,-0.428659,-0.003797,-0.000000,0.000000,-30.268543,5.420532,-35.609655,-5.451573,3.442903,0.043045,-0.536299,0.070226,0.784764,-0.197784,1.515102,-3.132880,-0.537235,0.088548,0.701220,-1.159793,1.558759,2.248622,5
3478471313016,0.208113,-0.305282,1.791459,-3.198381,-37.728844,-6.237472,0.174286,-0.291831,1.718084,-3.013281,-37.869352,-6.398193,-0.388249,0.080819,-0.427074,-0.000000,-0.000000,0.000000,-30.030829,5.719457,-35.638157,-5.453002,3.445529,0.043100,-0.536289,0.070423,0.784986,-0.196691,1.514780,-3.132162,-0.537235,0.088548,0.701220,-1.159793,1.558759,2.248622,5
3478472313130,0.207709,-0.305198,1.790991,-3.198381,-37.728842,-6.237471,0.173873,-0.291727,1.717498,-3.012469,-37.869967,-6.398898,-0.389834,0.080027,-0.431828,-0.000000,-0.000000,0.000000,-29.958002,6.078233,-35.405101,-5.388072,3.404363,0.043277,-0.536274,0.070636,0.785246,-0.195306,1.514402,-3.131182,-0.537235,0.088548,0.701220,-1.159793,1.558759,2.248622,5
3478473314562,0.207321,-0.305117,1.790558,-3.198382,-37.728843,-6.237471,0.173459,-0.291623,1.716911,-3.011657,-37.870583,-6.399603,-0.388249,0.080819,-0.432621,-0.000000,-0.000000,0.000000,-30.162863,5.977138,-35.431785,-5.382654,3.403550,0.043412,-0.536261,0.070841,0.785484,-0.194109,1.514058,-3.130376,-0.537235,0.088548,0.701220,-1.159793,1.558759,2.248622,5
3478474312400,0.206930,-0.305034,1.790138,-3.198382,-37.728842,-6.237470,0.173044,-0.291518,1.716324,-3.010843,-37.871200,-6.400310,-0.391419,0.083196,-0.438167,-0.000000,-0.000000,0.000000,-29.985613,5.729307,-35.337318,-5.348215,3.386681,0.043592,-0.536250,0.071048,0.785713,-0.192939,1.513727,-3.129599,-0.537235,0.088548,0.701220,-1.159793,1.558759,2.248622,5
3478475313766,0.206540,-0.304953,1.789699,-3.198382,-37.728843,-6.237471,0.172629,-0.291413,1.715735,-3.010028,-37.871818,-6.401018,-0.389834,0.080819,-0.438959,-0.000000,-0.000000,0.000000,-30.176814,6.256015,-35.207973,-5.308188,3.359719,0.043739,-0.536236,0.071254,0.785955,-0.191750,1.513376,-3.128801,-0.537235,0.088548,0.701220,-1.159793,1.558759,2.248622,5
3478476314144,0.206150,-0.304869,1.789255,-3.198375,-37.728840,-6.237471,0.172213,-0.291309,1.715145,-3.009211,-37.872437,-6.401727,-0.389834,0.083989,-0.443713,0.007594,0.002848,0.000000,-30.260744,5.795988,-35.210678,-5.306140,3.354851,0.043640,-0.536223,0.071460,0.786198,-0.190413,1.513022,-3.127855,-0.537235,0.088548,0.701220,-1.159793,1.558759,2.248622,5
3478477313898,0.205759,-0.304785,1.788809,-3.198378,-37.728843,-6.237472,0.171797,-0.291204,1.714555,-3.008393,-37.873057,-6.402438,-0.391419,0.083989,-0.446090,-0.003797,-0.002848,0.000000,-30.203710,5.943796,-35.083947,-5.250244,3.334617,0.044178,-0.536210,0.071666,0.786443,-0.189310,1.512668,-3.127146,-0.537235,0.088548,0.701220,-1.159793,1.558759,2.248622,5
3478478313426,0.205364,-0.304701,1.788361,-3.198378,-37.728843,-6.237472,0.171379,-0.291098,1.713963,-3.007573,-37.873679,-6.403149,-0.394588,0.083989,-0.448468,-0.000000,-0.000000,0.000000,-30.018036,6.065408,-35.005138,-5.225818,3.318063,0.044235,-0.536197,0.071875,0.786689,-0.188124,1.512310,-3.126357,-0.537235,0.088548,0.701220,-1.159793,1.558759,2.248622,5
3478479283078,0.204970,-0.304617,1.787909,-3.198373,-37.728845,-6.237471,0.170961,-0.290993,1.713370,-3.006752,-37.874301,-6.403862,-0.393796,0.083989,-0.451637,0.005695,-0.000000,0.000000,-30.151398,6.180892,-34.915961,-5.201482,3.298666,0.044200,-0.536183,0.072083,0.786936,-0.186838,1.511952,-3.125467,-0.537235,0.088548,0.701220,-1.159793,1.558759,2.248622,5
3478480283036,0.204572,-0.304534,1.787465,-3.198371,-37.728848,-6.237471,0.170543,-0.290887,1.712777,-3.005930,-37.874924,-6.404576,-0.398550,0.083196,-0.444506,-0.000000,-0.000000,0.000000,-29.839426,6.192604,-35.151676,-5.238213,3.336222,0.044551,-0.536169,0.072294,0.787179,-0.185669,1.511600,-3.124698,-0.537235,0.088548,0.701220,-1.159793,1.558759,2.248622,5
3478481283266,0.204172,-0.304446,1.787015,-3.198372,-37.728849,-6.237472,0.170123,-0.290781,1.712182,-3.005107,-37.875549,-6.405291,-0.400134,0.087950,-0.450052,-0.000000,-0.000000,0.000000,-29.794689,5.467393,-35.166530,-5.227863,3.336626,0.044712,-0.536156,0.072505,0.787425,-0.184568,1.511245,-3.124000,-0.537235,0.088548,0.701220,-1.159793,1.558759,2.248622,5
3478482297454,0.203795,-0.304366,1.786585,-3.198366,-37.728852,-6.237471,0.169703,-0.290676,1.711586,-3.004282,-37.876174,-6.406007,-0.395380,0.084781,-0.446883,0.004746,-0.000000,0.000000,-30.254354,5.991072,-35.195474,-5.231457,3.332884,0.044668,-0.536142,0.072704,0.787659,-0.183385,1.510906,-3.123195,-0.537235,0.088548,0.701220,-1.159793,1.558759,2.248622,5
3478483318290,0.203395,-0.304278,1.786136,-3.198361,-37.728856,-6.237470,0.169282,-0.290569,1.710990,-3.003455,-37.876801,-6.406725,-0.400134,0.087950,-0.449260,0.004746,-0.003797,0.000000,-29.950641,5.486443,-35.269188,-5.235725,3.346967,0.044850,-0.536129,0.072915,0.787902,-0.182197,1.510555,-3.122409,-0.537235,0.088548,0.701220,-1.159793,1.558759,2.248622,5
3478484314432,0.202994,-0.304192,1.785690,-3.198358,-37.728859,-6.237469,0.168861,-0.290463,1.710392,-3.002628,-37.877428,-6.407444,-0.400927,0.086366,-0.446090,0.002848,-0.003797,0.000000,-29.950927,5.741759,-35.329236,-5.236882,3.352860,0.045062,-0.536116,0.073127,0.788144,-0.181059,1.510206,-3.121673,-0.537235,0.088548,0.701220,-1.159793,1.558759,2.248622,5
3478485312930,0.202595,-0.304103,1.785228,-3.198352,-37.728862,-6.237470,0.168439,-0.290357,1.709794,-3.001799,-37.878057,-6.408163,-0.399342,0.088743,-0.442921,0.006645,-0.002848,0.000000,-30.160803,5.183011,-35.606566,-5.294152,3.392703,0.045055,-0.536102,0.073338,0.788395,-0.179860,1.509843,-3.120876,-0.537235,0.088548,0.701220,-1.159793,1.558759,2.248622,5
3478486315264,0.202174,-0.304012,1.784783,-3.198343,-37.728869,-6.237472,0.168016,-0.290250,1.709194,-3.000968,-37.878686,-6.408884,-0.406473,0.088743,-0.445298,0.008543,-0.005695,0.000000,-29.637286,5.306239,-35.531752,-5.268029,3.383115,0.045208,-0.536089,0.073560,0.788632,-0.178727,1.509502,-3.120166,-0.537235,0.088548,0.701220,-1.159793,1.558759,2.248622,5
3478487283309,0.201770,-0.303920,1.784343,-3.198334,-37.728874,-6.237472,0.167592,-0.290143,1.708594,-3.000137,-37.879317,-6.409607,-0.404096,0.091912,-0.439752,0.009492,-0.005695,0.000000,-29.913445,4.504408,-35.947485,-5.353332,3.445778,0.045277,-0.536078,0.073773,0.788865,-0.177577,1.509168,-3.119421,-0.537235,0.088548,0.701220,-1.159793,1.558759,2.248622,5
3478488324736,0.201364,-0.303830,1.783902,-3.198328,-37.728883,-6.237470,0.167168,-0.290036,1.707992,-2.999304,-37.879948,-6.410330,-0.406473,0.090327,-0.441336,0.005695,-0.006645,0.000000,-29.778979,4.914946,-35.806028,-5.304985,3.420579,0.045578,-0.536065,0.073987,0.789100,-0.176468,1.508832,-3.118721,-0.537235,0.088548,0.701220,-1.159793,1.558759,2.248622,5
3478489311793,0.200955,-0.303739,1.783444,-3.198314,-37.728888,-6.237471,0.166743,-0.289929,1.707390,-2.998469,-37.880581,-6.411054,-0.408850,0.090327,-0.438959,0.014239,-0.006645,0.000000,-29.653093,4.849464,-35.955980,-5.340170,3.442441,0.045461,-0.536052,0.074203,0.789346,-0.175224,1.508477,-3.117887,-0.537235,0.088548,0.701220,-1.159793,1.558759,2.248622,5
3478490283248,0.200567,-0.303651,1.783040,-3.198311,-37.728893,-6.237471,0.166318,-0.289822,1.706786,-2.997634,-37.881214,-6.411780,-0.406473,0.093497,-0.440544,0.008543,-0.007594,0.000000,-29.937712,4.289985,-36.061967,-5.344330,3.455089,0.045767,-0.536042,0.074407,0.789559,-0.174306,1.508173,-3.117358,-0.537235,0.088548,0.701220,-1.159793,1.558759,2.248622,5
3478491312000,0.200139,-0.303553,1.782582,-3.198301,-37.728896,-6.237471,0.165891,-0.289714,1.706182,-2.996797,-37.881849,-6.412507,-0.411227,0.094289,-0.440544,0.009492,-0.004746,0.000000,-29.606800,4.174298,-36.107358,-5.344568,3.460373,0.045921,-0.536030,0.074633,0.789802,-0.173147,1.507822,-3.116629,-0.537235,0.088548,0.701220,-1.159793,1.558759,2.248622,5
3478492283544,0.199730,-0.303461,1.782139,-3.198292,-37.728900,-6.237470,0.165465,-0.289607,1.705577,-2.995959,-37.882484,-6.413235,-0.408058,0.091912,-0.442921,0.006645,-0.005695,0.000000,-29.914974,4.733541,-35.909422,-5.284795,3.421888,0.046150,-0.536017,0.074848,0.790038,-0.172043,1.507482,-3.115935,-0.537235,0.088548,0.701220,-1.159793,1.558759,2.248622,5
3478493283504,0.199339,-0.303373,1.781718,-3.198284,-37.728902,-6.237472,0.165037,-0.289499,1.704971,-2.995119,-37.883121,-6.413964,-0.408850,0.093497,-0.438959,0.007594,-0.000000,0.000000,-29.940752,4.324073,-36.169368,-5.334648,3.457570,0.046254,-0.536005,0.075055,0.790262,-0.171054,1.507157,-3.115339,-0.537235,0.088548,0.701220,-1.159793,1.558759,2.248622,5
3478494283765,0.198907,-0.303274,1.781256,-3.198273,-37.728905,-6.237472,0.164609,-0.289391,1.704364,-2.994278,-37.883758,-6.414694,-0.414397,0.094289,-0.442921,0.011391,-0.002848,0.000000,-29.540572,4.316473,-36.077457,-5.306481,3.444244,0.046337,-0.535993,0.075282,0.790507,-0.169924,1.506804,-3.114642,-0.537235,0.088548,0.701220,-1.159793,1.558759,2.248622,5
3478495283370,0.198513,-0.303184,1.780830,-3.198267,-37.728908,-6.237471,0.164180,-0.289283,1.703756,-2.993436,-37.884397,-6.415425,-0.414397,0.095081,-0.442921,0.006645,-0.002848,0.000000,-29.620755,4.192515,-36.122675,-5.299039,3.447622,0.046635,-0.535981,0.075490,0.790733,-0.168923,1.506478,-3.114037,-0.537235,0.088548,0.701220,-1.159793,1.558759,2.248622,5
3478496307086,0.198101,-0.303090,1.780384,-3.198263,-37.728908,-6.237470,0.163750,-0.289174,1.703147,-2.992593,-37.885036,-6.416157,-0.411227,0.093497,-0.446090,0.007594,-0.000000,0.000000,-29.930743,4.613056,-35.938986,-5.247156,3.409329,0.046741,-0.535968,0.075707,0.790972,-0.167908,1.506132,-3.113435,-0.537235,0.088548,0.701220,-1.159793,1.558759,2.248622,5
3478497316606,0.197687,-0.302997,1.779935,-3.198250,-37.728911,-6.237472,0.163320,-0.289066,1.702537,-2.991748,-37.885677,-6.416891,-0.414397,0.093497,-0.449260,0.010442,-0.002848,0.000000,-29.733999,4.734948,-35.844007,-5.217491,3.393553,0.046834,-0.535954,0.075925,0.791211,-0.166832,1.505785,-3.112774,-0.537235,0.088548,0.701220,-1.159793,1.558759,2.248622,5
3478498313180,0.197274,-0.302901,1.779486,-3.198252,-37.728907,-6.237471,0.162889,-0.288957,1.701926,-2.990902,-37.886318,-6.417625,-0.412812,0.095874,-0.449260,-0.000000,0.003797,0.000000,-29.935039,4.318687,-35.918136,-5.208420,3.397225,0.047299,-0.535942,0.076143,0.791453,-0.165927,1.505433,-3.112285,-0.537235,0.088548,0.701220,-1.159793,1.558759,2.248622,5
3478499313359,0.196861,-0.302806,1.779015,-3.198249,-37.728905,-6.237471,0.162458,-0.288849,1.701314,-2.990055,-37.886960,-6.418361,-0.413604,0.095081,-0.451637,0.002848,-0.000000,0.000000,-29.928105,4.562554,-35.815245,-5.177196,3.378823,0.047374,-0.535927,0.076361,0.791708,-0.164924,1.505061,-3.111697,-0.537235,0.088548,0.701220,-1.159793,1.558759,2.248622,5
3478500314443,0.196427,-0.302703,1.778546,-3.198244,-37.728900,-6.237471,0.162026,-0.288740,1.700702,-2.989206,-37.887603,-6.419098,-0.415189,0.095874,-0.450052,-0.000000,0.006645,0.000000,-29.852984,4.392962,-35.903052,-5.182191,3.386633,0.047622,-0.535915,0.076589,0.791959,-0.163907,1.504697,-3.111114,-0.537235,0.088548,0.701220,-1.159793,1.558759,2.248622,5
3478501283545,0.196010,-0.302609,1.778113,-3.198243,-37.728900,-6.237471,0.161593,-0.288630,1.700088,-2.988357,-37.888248,-6.419836,-0.417566,0.093497,-0.451637,-0.000000,-0.000000,0.000000,-29.709895,4.930559,-35.760282,-5.138524,3.364219,0.047809,-0.535901,0.076809,0.792190,-0.163047,1.504362,-3.110674,-0.537235,0.088548,0.701220,-1.159793,1.558759,2.248622,5
3478502315151,0.195595,-0.302514,1.777666,-3.198240,-37.728898,-6.237471,0.161160,-0.288521,1.699474,-2.987506,-37.888893,-6.420575,-0.414397,0.095081,-0.446883,0.002848,-0.000000,0.000000,-30.039258,4.451530,-36.077014,-5.203974,3.409727,0.047819,-0.535887,0.077028,0.792430,-0.162134,1.504013,-3.110177,-0.537235,0.088548,0.701220,-1.159793,1.558759,2.248622,5
3478503313269,0.195176,-0.302418,1.777214,-3.198237,-37.728896,-6.237471,0.160726,-0.288412,1.698858,-2.986653,-37.889539,-6.421315,-0.419151,0.095874,-0.451637,0.002848,0.002848,0.000000,-29.715244,4.493312,-35.924683,-5.156530,3.382580,0.048023,-0.535873,0.077249,0.792672,-0.161221,1.503661,-3.109685,-0.537235,0.088548,0.701220,-1.159793,1.558759,2.248622,5
3478504283571,0.194777,-0.302326,1.776777,-3.198235,-37.728893,-6.237471,0.160291,-0.288302,1.698242,-2.985800,-37.890186,-6.422056,-0.416774,0.097458,-0.454806,-0.000000,0.002848,0.000000,-29.986118,4.294388,-35.888636,-5.132208,3.371112,0.048247,-0.535860,0.077459,0.792907,-0.160356,1.503318,-3.109221,-0.537235,0.088548,0.701220,-1.159793,1.558759,2.248622,5
3478505313763,0.194340,-0.302227,1.776303,-3.198232,-37.728891,-6.237471,0.159856,-0.288192,1.697625,-2.984945,-37.890834,-6.422798,-0.419943,0.094289,-0.455599,-0.000000,-0.000000,0.000000,-29.762243,4.979435,-35.713997,-5.081577,3.341871,0.048442,-0.535844,0.077689,0.793162,-0.159414,1.502946,-3.108718,-0.537235,0.088548,0.701220,-1.159793,1.558759,2.248622,5
3478506314231,0.193923,-0.302133,1.775845,-3.198231,-37.728889,-6.237471,0.159420,-0.288082,1.697007,-2.984089,-37.891483,-6.423541,-0.416774,0.093497,-0.457976,-0.000000,-0.000000,0.000000,-30.073879,5.220397,-35.600193,-5.044190,3.316790,0.048575,-0.535828,0.077910,0.793410,-0.158537,1.502584,-3.108259,-0.537235,0.088548,0.701220,-1.159793,1.558759,2.248622,5
3478507311720,0.193518,-0.302045,1.775406,-3.198229,-37.728884,-6.237468,0.158984,-0.287972,1.696388,-2.983232,-37.892133,-6.424285,-0.422320,0.091120,-0.461145,-0.000000,0.003797,0.002848,-29.685636,5.860286,-35.354771,-4.976690,3.273718,0.048746,-0.535812,0.078124,0.793649,-0.157639,1.502234,-3.107768,-0.537235,0.088548,0.701220,-1.159793,1.558759,2.248622,5
3478508283294,0.193079,-0.301945,1.774926,-3.198231,-37.728883,-6.237472,0.158546,-0.287862,1.695768,-2.982374,-37.892784,-6.425031,-0.424697,0.093497,-0.460353,-0.000000,-0.000000,0.000000,-29.549243,5.384902,-35.520909,-5.002415,3.301093,0.048958,-0.535795,0.078356,0.793909,-0.156840,1.501857,-3.107410,-0.537235,0.088548,0.701220,-1.159793,1.558759,2.248622,5
3478509283009,0.192659,-0.301850,1.774470,-3.198231,-37.728883,-6.237472,0.158109,-0.287752,1.695148,-2.981514,-37.893435,-6.425777,-0.419943,0.095874,-0.456391,-0.000000,-0.000000,0.000000,-30.006064,4.776142,-35.830742,-5.062136,3.344596,0.049047,-0.535780,0.078577,0.794154,-0.156030,1.501500,-3.107022,-0.537235,0.088548,0.701220,-1.159793,1.558759,2.248622,5
3478510283040,0.192237,-0.301758,1.774009,-3.198229,-37.728879,-6.237471,0.157670,-0.287641,1.694526,-2.980653,-37.894088,-6.426524,-0.421528,0.091912,-0.460353,-0.000000,0.003797,0.000000,-29.917193,5.737270,-35.474483,-4.969752,3.280532,0.049237,-0.535762,0.078800,0.794404,-0.155134,1.501133,-3.106550,-0.537235,0.088548,0.701220,-1.159793,1.558759,2.248622,5
3478511326103,0.191827,-0.301664,1.773569,-3.198227,-37.728879,-6.237472,0.157231,-0.287530,1.693904,-2.979792,-37.894741,-6.427273,-0.427074,0.095081,-0.457976,-0.000000,-0.002848,0.000000,-29.554129,5.061105,-35.761507,-5.023084,3.331370,0.049423,-0.535747,0.079017,0.794640,-0.154346,1.500792,-3.106174,-0.537235,0.088548,0.701220,-1.159793,1.558759,2.248622,5
3478512283419,0.191411,-0.301566,1.773107,-3.198227,-37.728877,-6.237472,0.156792,-0.287420,1.693281,-2.978928,-37.895396,-6.428022,-0.415981,0.098251,-0.461937,-0.000000,-0.000000,0.000000,-30.521833,4.519336,-35.787825,-5.016779,3.322698,0.049471,-0.535732,0.079236,0.794888,-0.153536,1.500430,-3.105782,-0.537235,0.088548,0.701220,-1.159793,1.558759,2.248622,5
3478513314312,0.190983,-0.301467,1.772642,-3.198227,-37.728876,-6.237471,0.156352,-0.287309,1.692657,-2.978064,-37.896051,-6.428773,-0.427867,0.099043,-0.465107,-0.000000,-0.000000,0.000000,-29.620102,4.540975,-35.691036,-4.981602,3.311218,0.049740,-0.535716,0.079462,0.795137,-0.152705,1.500068,-3.105380,-0.537235,0.088548,0.701220,-1.159793,1.558759,2.248622,5
3478514326024,0.190538,-0.301367,1.772139,-3.198227,-37.728877,-6.237472,0.155911,-0.287197,1.692032,-2.977198,-37.896707,-6.429525,-0.425490,0.095874,-0.465107,-0.000000,-0.003797,0.000000,-29.838710,5.180017,-35.549993,-4.938976,3.284228,0.049885,-0.535696,0.079697,0.795410,-0.151858,1.499670,-3.104980,-0.537235,0.088548,0.701220,-1.159793,1.558759,2.248622,5
3478515313367,0.190128,-0.301274,1.771718,-3.198223,-37.728875,-6.237472,0.155469,-0.287086,1.691406,-2.976332,-37.897364,-6.430277,-0.428659,0.095874,-0.461937,-0.000000,-0.000000,0.000000,-29.656453,5.112225,-35.699178,-4.962139,3.304306,0.050055,-0.535682,0.079913,0.795634,-0.151085,1.499345,-3.104619,-0.537235,0.088548,0.701220,-1.159793,1.558759,2.248622,5
3478516313080,0.189682,-0.301172,1.771238,-3.198222,-37.728875,-6.237471,0.155027,-0.286975,1.690779,-2.975464,-37.898022,-6.431031,-0.427074,0.095081,-0.459560,0.003797,-0.000000,0.000000,-29.823885,5.187502,-35.791896,-4.977760,3.314132,0.050068,-0.535664,0.080148,0.795891,-0.150254,1.498971,-3.104235,-0.537235,0.088548,0.701220,-1.159793,1.558759,2.248622,5
3478517314199,0.189253,-0.301071,1.770757,-3.198222,-37.728879,-6.237470,0.154585,-0.286863,1.690152,-2.974595,-37.898681,-6.431785,-0.428659,0.100628,-0.460353,-0.000000,-0.003797,0.000000,-29.773759,4.136152,-36.035222,-5.014901,3.354092,0.050342,-0.535647,0.080375,0.796149,-0.149448,1.498599,-3.103861,-0.537235,0.088548,0.701220,-1.159793,1.558759,2.248622,5
3478518312782,0.188823,-0.300975,1.770310,-3.198219,-37.728880,-6.237472,0.154142,-0.286751,1.689523,-2.973725,-37.899341,-6.432541,-0.430244,0.096666,-0.465107,0.002848,-0.000000,0.000000,-29.679401,5.101483,-35.668124,-4.923624,3.288287,0.050445,-0.535631,0.080602,0.796386,-0.148710,1.498254,-3.103554,-0.537235,0.088548,0.701220,-1.159793,1.558759,2.248622,5
3478519312657,0.188392,-0.300878,1.769845,-3.198216,-37.728883,-6.237472,0.153698,-0.286639,1.688894,-2.972853,-37.900002,-6.433298,-0.431036,0.096666,-0.465107,0.002848,-0.002848,0.000000,-29.668788,5.119840,-35.690973,-4.917369,3.290131,0.050607,-0.535612,0.080830,0.796635,-0.147917,1.497893,-3.103195,-0.537235,0.088548,0.701220,-1.159793,1.558759,2.248622,5
3478520313689,0.187963,-0.300780,1.769377,-3.198215,-37.728881,-6.237469,0.153254,-0.286527,1.688264,-2.971981,-37.900663,-6.434055,-0.428659,0.098251,-0.468276,-0.000000,-0.000000,0.002848,-29.919799,4.926938,-35.639328,-4.889513,3.274638,0.050786,-0.535595,0.081056,0.796887,-0.147107,1.497526,-3.102815,-0.537235,0.088548,0.701220,-1.159793,1.558759,2.248622,5
3478521314151,0.187528,-0.300682,1.768911,-3.198214,-37.728885,-6.237472,0.152809,-0.286415,1.687634,-2.971107,-37.901325,-6.434814,-0.435790,0.098251,-0.465899,-0.000000,-0.000000,-0.002848,-29.397927,4.904403,-35.741171,-4.901088,3.292143,0.051093,-0.535576,0.081286,0.797135,-0.146397,1.497166,-3.102543,-0.537235,0.088548,0.701220,-1.159793,1.558759,2.248622,5
3478522283001,0.187093,-0.300584,1.768423,-3.198213,-37.728885,-6.237472,0.152363,-0.286303,1.687002,-2.970232,-37.901989,-6.435574,-0.434205,0.097458,-0.468276,-0.000000,-0.000000,0.000000,-29.571071,5.158083,-35.614640,-4.860684,3.266214,0.051196,-0.535556,0.081516,0.797400,-0.145603,1.496780,-3.102185,-0.537235,0.088548,0.701220,-1.159793,1.558759,2.248622,5
3478523283191,0.186659,-0.300487,1.767975,-3.198210,-37.728886,-6.237471,0.151917,-0.286190,1.686370,-2.969356,-37.902653,-6.436334,-0.434205,0.097458,-0.468276,0.002848,-0.000000,0.000000,-29.623362,5.161072,-35.653168,-4.861888,3.268345,0.051257,-0.535538,0.081745,0.797638,-0.144859,1.496434,-3.101878,-0.537235,0.088548,0.701220,-1.159793,1.558759,2.248622,5
3478524283035,0.186221,-0.300389,1.767479,-3.198209,-37.728886,-6.237471,0.151471,-0.286078,1.685736,-2.968479,-37.903318,-6.437096,-0.438167,0.097458,-0.476992,-0.000000,-0.000000,0.000000,-29.344091,5.505397,-35.276318,-4.758510,3.205682,0.051567,-0.535517,0.081977,0.797908,-0.144053,1.496040,-3.101511,-0.537235,0.088548,0.701220,-1.159793,1.558759,2.248622,5
3478525283044,0.185804,-0.300297,1.767040,-3.198213,-37.728887,-6.237471,0.151023,-0.285965,1.685102,-2.967601,-37.903983,-6.437858,-0.435790,0.096666,-0.479369,-0.002848,-0.000000,0.000000,-29.596040,5.759479,-35.156144,-4.715699,3.180110,0.051800,-0.535498,0.082197,0.798144,-0.143445,1.495698,-3.101322,-0.537235,0.088548,0.701220,-1.159793,1.558759,2.248622,5
3478526320861,0.185368,-0.300198,1.766554,-3.198209,-37.728887,-6.237472,0.150576,-0.285852,1.684467,-2.966722,-37.904650,-6.438622,-0.436582,0.099836,-0.486500,0.003797,-0.000000,0.000000,-29.589861,5.359420,-35.060463,-4.689014,3.161390,0.051755,-0.535478,0.082428,0.798405,-0.142676,1.495315,-3.100993,-0.537235,0.088548,0.701220,-1.159793,1.558759,2.248622,5
3478527313699,0.184928,-0.300101,1.766045,-3.198211,-37.728886,-6.237472,0.150127,-0.285739,1.683832,-2.965841,-37.905318,-6.439386,-0.439752,0.096666,-0.490462,-0.000000,-0.000000,0.000000,-29.364075,6.189549,-34.712542,-4.592723,3.102381,0.052087,-0.535455,0.082661,0.798685,-0.141901,1.494906,-3.100660,-0.537235,0.088548,0.701220,-1.159793,1.558759,2.248622,5
3478528324433,0.184491,-0.300001,1.765578,-3.198212,-37.728883,-6.237472,0.149678,-0.285626,1.683195,-2.964960,-37.905986,-6.440152,-0.437375,0.099836,-0.489669,-0.000000,0.002848,0.000000,-29.620639,5.536809,-34.919733,-4.628038,3.129293,0.052204,-0.535436,0.082892,0.798935,-0.141230,1.494540,-3.100427,-0.537235,0.088548,0.701220,-1.159793,1.558759,2.248622,5
3478529312708,0.184034,-0.299899,1.765068,-3.198212,-37.728881,-6.237470,0.149229,-0.285512,1.682558,-2.964077,-37.906655,-6.440918,-0.437375,0.099043,-0.490462,-0.002848,-0.000000,0.002848,-29.650537,5.751502,-34.841911,-4.594974,3.114258,0.052413,-0.535413,0.083134,0.799212,-0.140429,1.494134,-3.100085,-0.537235,0.088548,0.701220,-1.159793,1.558759,2.248622,5
3478530312681,0.183590,-0.299801,1.764569,-3.198213,-37.728879,-6.237470,0.148779,-0.285399,1.681920,-2.963194,-37.907325,-6.441685,-0.443713,0.098251,-0.498385,-0.000000,-0.000000,0.000000,-29.174143,6.222301,-34.480137,-4.502611,3.055439,0.052611,-0.535390,0.083368,0.799484,-0.139699,1.493736,-3.099801,-0.537235,0.088548,0.701220,-1.159793,1.558759,2.248622,5
3478531313139,0.183152,-0.299704,1.764051,-3.198211,-37.728878,-6.237472,0.148328,-0.285285,1.681281,-2.962309,-37.907996,-6.442454,-0.438167,0.096666,-0.497593,-0.000000,-0.000000,0.000000,-29.663624,6.523540,-34.440239,-4.483199,3.040798,0.052712,-0.535365,0.083601,0.799768,-0.138928,1.493318,-3.099470,-0.537235,0.088548,0.701220,-1.159793,1.558759,2.248622,5
3478532315213,0.182705,-0.299602,1.763564,-3.198211,-37.728874,-6.237471,0.147877,-0.285172,1.680642,-2.961423,-37.908667,-6.443223,-0.447675,0.101420,-0.505516,-0.000000,0.003797,0.000000,-28.953909,5.906786,-34.333233,-4.443358,3.024476,0.052969,-0.535344,0.083837,0.800031,-0.138212,1.492932,-3.099204,-0.537235,0.088548,0.701220,-1.159793,1.558759,2.248622,5
3478533315296,0.182260,-0.299508,1.763061,-3.198213,-37.728872,-6.237470,0.147426,-0.285058,1.680001,-2.960536,-37.909340,-6.443993,-0.444506,0.094289,-0.503139,-0.000000,-0.000000,0.000000,-29.224323,7.274751,-34.090210,-4.379003,2.979684,0.053113,-0.535318,0.084073,0.800308,-0.137489,1.492525,-3.098928,-0.537235,0.088548,0.701220,-1.159793,1.558759,2.248622,5
3478534283263,0.181811,-0.299408,1.762550,-3.198214,-37.728870,-6.237472,0.146973,-0.284944,1.679360,-2.959648,-37.910013,-6.444764,-0.449260,0.099836,-0.511063,-0.000000,-0.000000,0.000000,-28.899048,6.477613,-34.031402,-4.350417,2.970265,0.053321,-0.535293,0.084311,0.800586,-0.136794,1.492116,-3.098684,-0.537235,0.088548,0.701220,-1.159793,1.558759,2.248622,5
3478535315081,0.181366,-0.299313,1.762037,-3.198212,-37.728869,-6.237470,0.146521,-0.284830,1.678718,-2.958759,-37.910687,-6.445536,-0.444506,0.095081,-0.513440,-0.000000,-0.000000,0.000000,-29.303228,7.525808,-33.700995,-4.264833,2.908355,0.053450,-0.535267,0.084547,0.800868,-0.136012,1.491701,-3.098348,-0.537235,0.088548,0.701220,-1.159793,1.558759,2.248622,5
3478536311480,0.180922,-0.299217,1.761504,-3.198212,-37.728867,-6.237471,0.146067,-0.284715,1.678076,-2.957869,-37.911362,-6.446309,-0.444506,0.096666,-0.511855,-0.000000,0.002848,0.000000,-29.356395,7.206198,-33.828427,-4.282288,2.923732,0.053594,-0.535239,0.084783,0.801162,-0.135265,1.491267,-3.098048,-0.537235,0.088548,0.701220,-1.159793,1.558759,2.248622,5
3478537283537,0.180492,-0.299121,1.761036,-3.198211,-37.728869,-6.237471,0.145614,-0.284601,1.677432,-2.956978,-37.912037,-6.447083,-0.447675,0.098251,-0.511063,-0.000000,-0.000000,0.000000,-29.166497,6.898758,-33.957749,-4.299648,2.944751,0.053774,-0.535217,0.085011,0.801415,-0.134616,1.490900,-3.097831,-0.537235,0.088548,0.701220,-1.159793,1.558759,2.248622,5
3478538283129,0.180026,-0.299016,1.760498,-3.198208,-37.728870,-6.237472,0.145159,-0.284486,1.676788,-2.956086,-37.912714,-6.447857,-0.446883,0.099043,-0.516609,-0.000000,-0.002848,0.000000,-29.255385,6.941302,-33.768836,-4.243754,2.911346,0.053936,-0.535191,0.085258,0.801706,-0.133848,1.490472,-3.097532,-0.537235,0.088548,0.701220,-1.159793,1.558759,2.248622,5
3478539283240,0.179576,-0.298919,1.759988,-3.198205,-37.728871,-6.237471,0.144704,-0.284371,1.676143,-2.955193,-37.913391,-6.448633,-0.449260,0.097458,-0.510270,0.002848,-0.000000,0.000000,-29.105217,7.095945,-33.952047,-4.279273,2.936954,0.054010,-0.535165,0.085496,0.801984,-0.133109,1.490065,-3.097244,-0.537235,0.088548,0.701220,-1.159793,1.558759,2.248622,5
3478540334583,0.179148,-0.298823,1.759497,-3.198198,-37.728874,-6.237472,0.144249,-0.284257,1.675497,-2.954298,-37.914069,-6.449409,-0.446090,0.099836,-0.511855,0.004746,-0.004746,-0.002848,-29.427513,6.667861,-34.041903,-4.290346,2.948355,0.054110,-0.535141,0.085723,0.802248,-0.132389,1.489678,-3.096955,-0.537235,0.088548,0.701220,-1.159793,1.558759,2.248622,5
3478541311848,0.178694,-0.298722,1.758996,-3.198190,-37.728877,-6.237471,0.143793,-0.284142,1.674851,-2.953403,-37.914748,-6.450187,-0.454014,0.100628,-0.501555,0.007594,-0.002848,0.000000,-28.842028,6.232301,-34.504887,-4.389254,3.024368,0.054178,-0.535116,0.085964,0.802518,-0.131630,1.489285,-3.096652,-0.537235,0.088548,0.701220,-1.159793,1.558759,2.248622,5
3478542284067,0.178245,-0.298618,1.758489,-3.198180,-37.728884,-6.237472,0.143337,-0.284027,1.674204,-2.952507,-37.915427,-6.450965,-0.448468,0.104590,-0.507101,0.010442,-0.006645,0.000000,-29.343494,5.589378,-34.515761,-4.382783,3.021091,0.054182,-0.535093,0.086201,0.802787,-0.130870,1.488894,-3.096342,-0.537235,0.088548,0.701220,-1.159793,1.558759,2.248622,5
3478543313702,0.177770,-0.298513,1.757943,-3.198174,-37.728890,-6.237471,0.142880,-0.283911,1.673556,-2.951610,-37.916107,-6.451744,-0.455599,0.101420,-0.500762,0.006645,-0.003797,0.000000,-28.782413,6.110218,-34.565440,-4.378600,3.028379,0.054531,-0.535064,0.086453,0.803082,-0.130088,1.488463,-3.096037,-0.537235,0.088548,0.701220,-1.159793,1.558759,2.248622,5
3478544314054,0.177317,-0.298404,1.757464,-3.198161,-37.728896,-6.237470,0.142422,-0.283796,1.672907,-2.950711,-37.916788,-6.452524,-0.453222,0.109344,-0.499178,0.013289,-0.004746,0.000000,-29.051440,4.423889,-35.090263,-4.494571,3.109941,0.054410,-0.535045,0.086692,0.803330,-0.129339,1.488105,-3.095743,-0.537235,0.088548,0.701220,-1.159793,1.558759,2.248622,5
3478545284447,0.176884,-0.298301,1.756984,-3.198148,-37.728904,-6.237472,0.141964,-0.283680,1.672258,-2.949812,-37.917470,-6.453305,-0.451637,0.107759,-0.498385,0.009492,-0.007594,0.000000,-29.228814,4.728251,-35.051853,-4.470168,3.100038,0.054671,-0.535024,0.086921,0.803581,-0.128619,1.487740,-3.095457,-0.537235,0.088548,0.701220,-1.159793,1.558759,2.248622,5
3478546316214,0.176414,-0.298189,1.756473,-3.198132,-37.728910,-6.237472,0.141506,-0.283565,1.671608,-2.948912,-37.918153,-6.454087,-0.451637,0.106967,-0.492839,0.014239,-0.007594,0.000000,-29.258096,4.694130,-35.271122,-4.516537,3.131815,0.054657,-0.535002,0.087169,0.803848,-0.127812,1.487352,-3.095121,-0.537235,0.088548,0.701220,-1.159793,1.558759,2.248622,5
3478547313570,0.175960,-0.298082,1.755977,-3.198116,-37.728918,-6.237472,0.141047,-0.283449,1.670957,-2.948010,-37.918836,-6.454869,-0.454014,0.106967,-0.496008,0.015188,-0.008543,0.000000,-29.103059,4.816849,-35.153815,-4.478740,3.110985,0.054815,-0.534980,0.087409,0.804108,-0.127044,1.486977,-3.094808,-0.537235,0.088548,0.701220,-1.159793,1.558759,2.248622,5
3478548312105,0.175522,-0.297979,1.755506,-3.198101,-37.728929,-6.237472,0.140587,-0.283333,1.670306,-2.947108,-37.919520,-6.455653,-0.457976,0.106174,-0.493631,0.017086,-0.008543,0.000000,-28.835880,4.921761,-35.233384,-4.488256,3.122544,0.054944,-0.534959,0.087641,0.804352,-0.126317,1.486624,-3.094522,-0.537235,0.088548,0.701220,-1.159793,1.558759,2.248622,5
3478549313400,0.175047,-0.297863,1.754997,-3.198082,-37.728935,-6.237473,0.140127,-0.283217,1.669654,-2.946205,-37.920205,-6.456437,-0.456391,0.110928,-0.488085,0.016137,-0.006645,0.000000,-29.013490,3.775740,-35.707530,-4.584026,3.194632,0.055077,-0.534938,0.087891,0.804615,-0.125530,1.486243,-3.094211,-0.537235,0.088548,0.701220,-1.159793,1.558759,2.248622,5
3478550283654,0.174588,-0.297754,1.754503,-3.198064,-37.728941,-6.237470,0.139667,-0.283101,1.669001,-2.945301,-37.920890,-6.457222,-0.458768,0.109344,-0.493631,0.018036,-0.005695,0.003797,-28.845856,4.291911,-35.413860,-4.507246,3.143735,0.055154,-0.534916,0.088134,0.804872,-0.124708,1.485870,-3.093849,-0.537235,0.088548,0.701220,-1.159793,1.558759,2.248622,5
3478551283034,0.174130,-0.297645,1.753995,-3.198050,-37.728949,-6.237472,0.139206,-0.282985,1.668347,-2.944396,-37.921577,-6.458008,-0.457976,0.109344,-0.485708,0.014239,-0.007594,-0.002848,-28.954277,4.044203,-35.737379,-4.566182,3.193260,0.055505,-0.534892,0.088376,0.805138,-0.123995,1.485483,-3.093596,-0.537235,0.088548,0.701220,-1.159793,1.558759,2.248622,5
3478552283128,0.173669,-0.297532,1.753526,-3.198032,-37.728955,-6.237472,0.138745,-0.282869,1.667693,-2.943489,-37.922264,-6.458795,-0.461145,0.112513,-0.490462,0.018036,-0.006645,0.000000,-28.744230,3.557504,-35.736942,-4.557687,3.191310,0.055527,-0.534873,0.088619,0.805377,-0.123262,1.485139,-3.093324,-0.537235,0.088548,0.701220,-1.159793,1.558759,2.248622,5
3478553283007,0.173229,-0.297422,1.753053,-3.198018,-37.728961,-6.237472,0.138283,-0.282752,1.667038,-2.942582,-37.922951,-6.459583,-0.461937,0.113305,-0.490462,0.018985,-0.007594,0.000000,-28.736584,3.391419,-35.806009,-4.563041,3.199722,0.055654,-0.534854,0.088851,0.805621,-0.122578,1.484786,-3.093081,-0.537235,0.088548,0.701220,-1.159793,1.558759,2.248622,5
3478554325099,0.172769,-0.297312,1.752565,-3.198003,-37.728965,-6.237472,0.137820,-0.282635,1.666383,-2.941674,-37.923640,-6.460371,-0.459560,0.110136,-0.488085,0.015188,-0.002848,0.000000,-28.952604,3.964178,-35.734918,-4.531993,3.179546,0.055906,-0.534832,0.089093,0.805875,-0.121875,1.484417,-3.092839,-0.537235,0.088548,0.701220,-1.159793,1.558759,2.248622,5
3478555315362,0.172309,-0.297201,1.752079,-3.197986,-37.728968,-6.237472,0.137357,-0.282519,1.665726,-2.940765,-37.924329,-6.461160,-0.460353,0.110928,-0.486500,0.016137,-0.003797,0.000000,-28.930036,3.749433,-35.863887,-4.551337,3.197877,0.056030,-0.534810,0.089336,0.806127,-0.121150,1.484050,-3.092575,-0.537235,0.088548,0.701220,-1.159793,1.558759,2.248622,5
3478556283568,0.171842,-0.297087,1.751590,-3.197971,-37.728974,-6.237471,0.136894,-0.282402,1.665069,-2.939856,-37.925019,-6.461950,-0.466691,0.114098,-0.488877,0.015188,-0.005695,0.000000,-28.462482,3.215739,-35.931829,-4.551827,3.211008,0.056283,-0.534789,0.089582,0.806379,-0.120445,1.483685,-3.092338,-0.537235,0.088548,0.701220,-1.159793,1.558759,2.248622,5
3478557313532,0.171361,-0.296971,1.751057,-3.197957,-37.728976,-6.237471,0.136430,-0.282285,1.664412,-2.938945,-37.925709,-6.462741,-0.461937,0.111721,-0.489669,0.015188,-0.000000,0.000000,-28.853067,3.714148,-35.774718,-4.505770,3.174829,0.056393,-0.534764,0.089836,0.806659,-0.119704,1.483275,-3.092079,-0.537235,0.088548,0.701220,-1.159793,1.558759,2.248622,5
3478558313604,0.170899,-0.296859,1.750579,-3.197942,-37.728979,-6.237472,0.135966,-0.282168,1.663754,-2.938033,-37.926400,-6.463533,-0.462730,0.111721,-0.498385,0.015188,-0.002848,0.000000,-28.814347,3.998012,-35.441832,-4.416509,3.118859,0.056582,-0.534742,0.090080,0.806906,-0.119039,1.482916,-3.091879,-0.537235,0.088548,0.701220,-1.159793,1.558759,2.248622,5
3478559312744,0.170453,-0.296752,1.750103,-3.197932,-37.728979,-6.237471,0.135501,-0.282051,1.663095,-2.937121,-37.927092,-6.464325,-0.464314,0.111721,-0.494424,0.012340,-0.003797,0.000000,-28.739211,3.886217,-35.611425,-4.440416,3.144162,0.056834,-0.534720,0.090316,0.807155,-0.118417,1.482551,-3.091703,-0.537235,0.088548,0.701220,-1.159793,1.558759,2.248622,5
3478560283612,0.169973,-0.296634,1.749560,-3.197919,-37.728978,-6.237472,0.135036,-0.281933,1.662435,-2.936207,-37.927785,-6.465119,-0.462730,0.114098,-0.504724,0.013289,-0.000000,0.000000,-28.886836,3.749176,-35.302720,-4.357422,3.087091,0.056960,-0.534694,0.090569,0.807442,-0.117701,1.482129,-3.091468,-0.537235,0.088548,0.701220,-1.159793,1.558759,2.248622,5
3478561283701,0.169503,-0.296524,1.749077,-3.197913,-37.728973,-6.237473,0.134570,-0.281816,1.661775,-2.935293,-37.928478,-6.465913,-0.469861,0.110136,-0.504724,0.005695,0.004746,0.000000,-28.323518,4.627991,-35.055000,-4.278734,3.044627,0.057459,-0.534670,0.090817,0.807697,-0.117152,1.481755,-3.091390,-0.537235,0.088548,0.701220,-1.159793,1.558759,2.248622,5
3478562314122,0.169038,-0.296418,1.748572,-3.197907,-37.728971,-6.237470,0.134104,-0.281698,1.661114,-2.934377,-37.929172,-6.466707,-0.465107,0.106174,-0.504724,0.006645,-0.000000,0.003797,-28.720219,5.407349,-34.887092,-4.231943,3.012321,0.057485,-0.534642,0.091063,0.807966,-0.116503,1.481359,-3.091208,-0.537235,0.088548,0.701220,-1.159793,1.558759,2.248622,5
3478563283484,0.168594,-0.296313,1.748081,-3.197898,-37.728968,-6.237471,0.133638,-0.281581,1.660452,-2.933461,-37.929867,-6.467503,-0.465107,0.110136,-0.511855,0.007594,0.002848,0.000000,-28.780627,4.857594,-34.805442,-4.200705,2.993750,0.057672,-0.534617,0.091298,0.808228,-0.115907,1.480974,-3.091057,-0.537235,0.088548,0.701220,-1.159793,1.558759,2.248622,5
3478564284200,0.168128,-0.296202,1.747577,-3.197891,-37.728968,-6.237472,0.133171,-0.281463,1.659790,-2.932544,-37.930562,-6.468299,-0.466691,0.110136,-0.503932,0.006645,-0.000000,0.000000,-28.692711,4.607408,-35.141656,-4.265818,3.047422,0.057856,-0.534590,0.091545,0.808494,-0.115329,1.480582,-3.090947,-0.537235,0.088548,0.701220,-1.159793,1.558759,2.248622,5
3478565283345,0.167642,-0.296095,1.747042,-3.197888,-37.728962,-6.237472,0.132703,-0.281345,1.659128,-2.931626,-37.931258,-6.469096,-0.465107,0.107759,-0.511063,0.003797,0.005695,0.000000,-28.817342,5.365234,-34.695851,-4.148039,2.966377,0.058117,-0.534558,0.091802,0.808784,-0.114738,1.480153,-3.090843,-0.537235,0.088548,0.701220,-1.159793,1.558759,2.248622,5
3478566283319,0.167188,-0.295987,1.746544,-3.197882,-37.728960,-6.237472,0.132235,-0.281227,1.658464,-2.930707,-37.931954,-6.469894,-0.471446,0.107759,-0.518194,0.005695,-0.000000,0.000000,-28.340860,5.630731,-34.421761,-4.073763,2.925269,0.058308,-0.534532,0.092042,0.809049,-0.114162,1.479764,-3.090723,-0.537235,0.088548,0.701220,-1.159793,1.558759,2.248622,5
3478567283338,0.166724,-0.295876,1.746012,-3.197877,-37.728954,-6.237472,0.131767,-0.281109,1.657800,-2.929787,-37.932652,-6.470693,-0.464314,0.110928,-0.512648,0.004746,0.005695,0.000000,-28.968778,4.794579,-34.808272,-4.150854,2.976588,0.058380,-0.534503,0.092288,0.809335,-0.113568,1.479340,-3.090595,-0.537235,0.088548,0.701220,-1.159793,1.558759,2.248622,5
3478568283307,0.166252,-0.295764,1.745517,-3.197872,-37.728953,-6.237470,0.131298,-0.280991,1.657135,-2.928867,-37.933350,-6.471492,-0.471446,0.111721,-0.515817,0.005695,-0.000000,0.000000,-28.422811,4.766218,-34.735500,-4.121619,2.969073,0.058601,-0.534477,0.092537,0.809595,-0.113004,1.478960,-3.090504,-0.537235,0.088548,0.701220,-1.159793,1.558759,2.248622,5
3478569327988,0.165783,-0.295656,1.744998,-3.197870,-37.728948,-6.237472,0.130829,-0.280872,1.656470,-2.927945,-37.934048,-6.472292,-0.469069,0.108551,-0.518986,-0.000000,0.005695,-0.002848,-28.625520,5.551447,-34.408009,-4.028086,2.906623,0.058979,-0.534447,0.092785,0.809875,-0.112495,1.478546,-3.090466,-0.537235,0.088548,0.701220,-1.159793,1.558759,2.248622,5
3478570312399,0.165311,-0.295544,1.744485,-3.197864,-37.728945,-6.237472,0.130359,-0.280754,1.655804,-2.927023,-37.934747,-6.473093,-0.472238,0.111721,-0.513440,0.005695,0.002848,0.000000,-28.418739,4.722089,-34.833709,-4.120999,2.976198,0.058919,-0.534419,0.093035,0.810148,-0.111924,1.478145,-3.090369,-0.537235,0.088548,0.701220,-1.159793,1.558759,2.248622,5
3478571283249,0.164839,-0.295431,1.743968,-3.197861,-37.728940,-6.237471,0.129889,-0.280635,1.655138,-2.926100,-37.935447,-6.473895,-0.472238,0.113305,-0.516609,0.002848,0.003797,0.000000,-28.449763,4.525239,-34.773946,-4.090830,2.962252,0.059172,-0.534391,0.093285,0.810423,-0.111385,1.477740,-3.090303,-0.537235,0.088548,0.701220,-1.159793,1.558759,2.248622,5
3478572283587,0.164345,-0.295313,1.743409,-3.197853,-37.728941,-6.237471,0.129419,-0.280517,1.654471,-2.925176,-37.936148,-6.474697,-0.471446,0.113305,-0.515817,0.006645,0.002848,0.000000,-28.524394,4.490458,-34.819452,-4.094968,2.965943,0.059196,-0.534361,0.093546,0.810720,-0.110760,1.477304,-3.090173,-0.537235,0.088548,0.701220,-1.159793,1.558759,2.248622,5
3478573283829,0.163871,-0.295203,1.742910,-3.197848,-37.728939,-6.237472,0.128948,-0.280398,1.653803,-2.924252,-37.936849,-6.475500,-0.473823,0.110136,-0.519779,0.004746,-0.000000,0.000000,-28.340080,5.288689,-34.497291,-4.006634,2.912514,0.059469,-0.534332,0.093796,0.810984,-0.110250,1.476916,-3.090139,-0.537235,0.088548,0.701220,-1.159793,1.558759,2.248622,5
3478574283917,0.163419,-0.295091,1.742408,-3.197841,-37.728938,-6.237472,0.128476,-0.280279,1.653135,-2.923326,-37.937550,-6.476304,-0.470653,0.116475,-0.522948,0.007594,-0.000000,0.000000,-28.664872,4.082272,-34.725530,-4.049591,2.944162,0.059479,-0.534306,0.094036,0.811248,-0.109715,1.476528,-3.090058,-0.537235,0.088548,0.701220,-1.159793,1.558759,2.248622,5
3478575312490,0.162944,-0.294976,1.741885,-3.197835,-37.728941,-6.237471,0.128005,-0.280160,1.652466,-2.922400,-37.938253,-6.477108,-0.474615,0.114890,-0.522948,0.005695,-0.002848,0.000000,-28.363916,4.432626,-34.637513,-4.014781,2.930217,0.059754,-0.534277,0.094286,0.811524,-0.109167,1.476126,-3.089986,-0.537235,0.088548,0.701220,-1.159793,1.558759,2.248622,5
3478576312063,0.162466,-0.294864,1.741368,-3.197831,-37.728941,-6.237472,0.127532,-0.280041,1.651796,-2.921472,-37.938956,-6.477913,-0.478577,0.111721,-0.517402,0.004746,-0.000000,0.000000,-28.059149,4.932084,-34.687540,-4.014202,2.935321,0.059987,-0.534247,0.094540,0.811798,-0.108652,1.475723,-3.089952,-0.537235,0.088548,0.701220,-1.159793,1.558759,2.248622,5
3478577311880,0.161991,-0.294749,1.740842,-3.197825,-37.728941,-6.237471,0.127060,-0.279922,1.651126,-2.920545,-37.939659,-6.478719,-0.474615,0.115682,-0.525325,0.005695,-0.000000,0.000000,-28.413324,4.371749,-34.581800,-3.978093,2.911925,0.060073,-0.534218,0.094791,0.812076,-0.108108,1.475317,-3.089885,-0.537235,0.088548,0.701220,-1.159793,1.558759,2.248622,5
3478578283452,0.161493,-0.294626,1.740275,-3.197816,-37.728940,-6.237472,0.126587,-0.279803,1.650456,-2.919616,-37.940363,-6.479525,-0.477784,0.118059,-0.522156,0.005695,-0.000000,0.000000,-28.179029,3.804160,-34.817520,-4.019590,2.949134,0.060255,-0.534187,0.095054,0.812376,-0.107518,1.474875,-3.089795,-0.537235,0.088548,0.701220,-1.159793,1.558759,2.248622,5
3478579283373,0.161015,-0.294513,1.739766,-3.197811,-37.728942,-6.237471,0.126113,-0.279683,1.649785,-2.918686,-37.941068,-6.480332,-0.477784,0.112513,-0.530079,0.004746,-0.000000,0.000000,-28.167702,5.208909,-34.208641,-3.867321,2.845513,0.060487,-0.534158,0.095307,0.812644,-0.107001,1.474484,-3.089757,-0.537235,0.088548,0.701220,-1.159793,1.558759,2.248622,5
3478580283263,0.160537,-0.294397,1.739209,-3.197805,-37.728945,-6.237472,0.125640,-0.279564,1.649113,-2.917756,-37.941773,-6.481140,-0.477784,0.116475,-0.536418,0.005695,-0.002848,0.000000,-28.201437,4.621029,-34.153671,-3.842222,2.834788,0.060619,-0.534126,0.095560,0.812941,-0.106458,1.474048,-3.089694,-0.537235,0.088548,0.701220,-1.159793,1.558759,2.248622,5
3478581283316,0.160078,-0.294282,1.738724,-3.197802,-37.728949,-6.237472,0.125166,-0.279444,1.648441,-2.916825,-37.942479,-6.481949,-0.480161,0.120437,-0.531664,0.005695,-0.005695,0.000000,-28.072543,3.652693,-34.577262,-3.926737,2.903532,0.060780,-0.534101,0.095802,0.813192,-0.106019,1.473685,-3.089716,-0.537235,0.088548,0.701220,-1.159793,1.558759,2.248622,5
3478582314684,0.159597,-0.294165,1.738185,-3.197797,-37.728947,-6.237472,0.124691,-0.279325,1.647768,-2.915893,-37.943186,-6.482758,-0.480954,0.117267,-0.538795,0.005695,-0.000000,0.000000,-28.007001,4.561147,-34.101634,-3.805609,2.819145,0.060978,-0.534070,0.096057,0.813478,-0.105492,1.473264,-3.089672,-0.537235,0.088548,0.701220,-1.159793,1.558759,2.248622,5
3478583313101,0.159116,-0.294047,1.737644,-3.197793,-37.728945,-6.237472,0.124216,-0.279205,1.647095,-2.914960,-37.943893,-6.483568,-0.480161,0.118059,-0.540380,0.003797,-0.000000,0.000000,-28.093761,4.460962,-34.068467,-3.783440,2.809509,0.061191,-0.534039,0.096311,0.813764,-0.104988,1.472843,-3.089649,-0.537235,0.088548,0.701220,-1.159793,1.558759,2.248622,5
3478584284200,0.158635,-0.293934,1.737100,-3.197793,-37.728942,-6.237472,0.123741,-0.279085,1.646421,-2.914027,-37.944600,-6.484378,-0.481746,0.112513,-0.544341,-0.000000,0.002848,0.000000,-27.955281,5.772562,-33.582326,-3.655630,2.725449,0.061525,-0.534005,0.096566,0.814057,-0.104524,1.472411,-3.089670,-0.537235,0.088548,0.701220,-1.159793,1.558759,2.248622,5
3478585312703,0.158133,-0.293811,1.736504,-3.197787,-37.728943,-6.237472,0.123265,-0.278965,1.645746,-2.913093,-37.945309,-6.485189,-0.482538,0.114890,-0.549888,0.005695,0.002848,0.000000,-27.900134,5.474988,-33.479127,-3.626140,2.705668,0.061519,-0.533969,0.096832,0.814376,-0.103948,1.471942,-3.089597,-0.537235,0.088548,0.701220,-1.159793,1.558759,2.248622,5
3478586314005,0.157648,-0.293696,1.735973,-3.197789,-37.728942,-6.237472,0.122789,-0.278845,1.645071,-2.912158,-37.946017,-6.486001,-0.484915,0.114890,-0.552265,-0.000000,-0.000000,0.000000,-27.722773,5.593629,-33.355307,-3.577298,2.685070,0.061904,-0.533936,0.097088,0.814659,-0.103521,1.471526,-3.089657,-0.537235,0.088548,0.701220,-1.159793,1.558759,2.248622,5
3478587312806,0.157182,-0.293586,1.735450,-3.197786,-37.728942,-6.237472,0.122313,-0.278725,1.644396,-2.911222,-37.946727,-6.486813,-0.487292,0.114098,-0.545926,-0.000000,-0.000000,0.000000,-27.567681,5.569808,-33.572526,-3.616014,2.718131,0.062078,-0.533904,0.097335,0.814938,-0.103064,1.471116,-3.089668,-0.537235,0.088548,0.701220,-1.159793,1.558759,2.248622,5
3478588313625,0.156678,-0.293464,1.734868,-3.197783,-37.728943,-6.237469,0.121836,-0.278605,1.643720,-2.910286,-37.947436,-6.487626,-0.484123,0.115682,-0.558604,-0.000000,-0.000000,0.003797,-27.816538,5.670764,-33.121203,-3.499150,2.638938,0.062169,-0.533868,0.097603,0.815248,-0.102516,1.470661,-3.089627,-0.537235,0.088548,0.701220,-1.159793,1.558759,2.248622,5
3478589314504,0.156191,-0.293348,1.734309,-3.197778,-37.728947,-6.237471,0.121359,-0.278484,1.643043,-2.909349,-37.948147,-6.488440,-0.486500,0.116475,-0.558604,0.004746,-0.003797,0.000000,-27.644913,5.513080,-33.179221,-3.506185,2.648456,0.062265,-0.533833,0.097860,0.815545,-0.102032,1.470225,-3.089632,-0.537235,0.088548,0.701220,-1.159793,1.558759,2.248622,5
3478590283426,0.155705,-0.293233,1.733754,-3.197776,-37.728945,-6.237471,0.120881,-0.278364,1.642366,-2.908411,-37.948858,-6.489254,-0.486500,0.114890,-0.555434,0.002848,-0.000000,0.000000,-27.656873,5.762287,-33.199416,-3.497446,2.645724,0.062483,-0.533797,0.098118,0.815843,-0.101548,1.469785,-3.089636,-0.537235,0.088548,0.701220,-1.159793,1.558759,2.248622,5
3478591313181,0.155217,-0.293116,1.733192,-3.197771,-37.728947,-6.237470,0.120403,-0.278243,1.641689,-2.907473,-37.949569,-6.490069,-0.488085,0.116475,-0.561773,0.004746,-0.000000,0.000000,-27.543996,5.672534,-33.013984,-3.443936,2.612950,0.062614,-0.533761,0.098377,0.816143,-0.101039,1.469345,-3.089617,-0.537235,0.088548,0.701220,-1.159793,1.558759,2.248622,5
3478592314772,0.154728,-0.293000,1.732638,-3.197771,-37.728948,-6.237471,0.119925,-0.278123,1.641010,-2.906534,-37.950281,-6.490885,-0.488877,0.116475,-0.553849,-0.000000,-0.000000,0.000000,-27.502792,5.440252,-33.308287,-3.494250,2.657855,0.062918,-0.533725,0.098636,0.816439,-0.100606,1.468910,-3.089675,-0.537235,0.088548,0.701220,-1.159793,1.558759,2.248622,5
3478593283126,0.154261,-0.292888,1.732107,-3.197764,-37.728948,-6.237472,0.119446,-0.278002,1.640332,-2.905594,-37.950994,-6.491701,-0.486500,0.116475,-0.554642,0.005695,-0.000000,0.000000,-27.725744,5.447889,-33.308053,-3.490676,2.652197,0.062861,-0.533691,0.098883,0.816722,-0.100129,1.468493,-3.089667,-0.537235,0.088548,0.701220,-1.159793,1.558759,2.248622,5
3478594283400,0.153751,-0.292765,1.731530,-3.197757,-37.728951,-6.237471,0.118967,-0.277881,1.639653,-2.904653,-37.951707,-6.492518,-0.489669,0.117267,-0.553057,0.009492,-0.004746,0.000000,-27.472980,5.236382,-33.422697,-3.509447,2.672239,0.062937,-0.533655,0.099153,0.817027,-0.099598,1.468046,-3.089648,-0.537235,0.088548,0.701220,-1.159793,1.558759,2.248622,5
3478595283213,0.153263,-0.292646,1.730980,-3.197751,-37.728953,-6.237471,0.118488,-0.277760,1.638973,-2.903712,-37.952421,-6.493335,-0.487292,0.119644,-0.549888,0.005695,-0.000000,0.000000,-27.694484,4.658457,-33.648462,-3.544949,2.701253,0.063169,-0.533620,0.099411,0.817317,-0.099120,1.467621,-3.089660,-0.537235,0.088548,0.701220,-1.159793,1.558759,2.248622,5
3478596319708,0.152794,-0.292529,1.730453,-3.197739,-37.728960,-6.237470,0.118008,-0.277639,1.638293,-2.902770,-37.953135,-6.494153,-0.490462,0.121229,-0.549095,0.009492,-0.005695,0.000000,-27.477614,4.302538,-33.793220,-3.570500,2.726522,0.063238,-0.533588,0.099660,0.817591,-0.098598,1.467220,-3.089609,-0.537235,0.088548,0.701220,-1.159793,1.558759,2.248622,5
3478597314702,0.152301,-0.292411,1.729904,-3.197725,-37.728968,-6.237471,0.117528,-0.277518,1.637613,-2.901828,-37.953849,-6.494971,-0.492839,0.118059,-0.549095,0.013289,-0.007594,0.000000,-27.282386,4.955842,-33.640352,-3.529102,2.700374,0.063319,-0.533553,0.099921,0.817879,-0.098070,1.466800,-3.089575,-0.537235,0.088548,0.701220,-1.159793,1.558759,2.248622,5
3478598313633,0.151807,-0.292292,1.729359,-3.197709,-37.728972,-6.237473,0.117048,-0.277397,1.636932,-2.900884,-37.954564,-6.495790,-0.493631,0.118852,-0.545134,0.016137,-0.004746,-0.002848,-27.237851,4.664173,-33.847352,-3.569004,2.729399,0.063425,-0.533518,0.100182,0.818163,-0.097539,1.466382,-3.089539,-0.537235,0.088548,0.701220,-1.159793,1.558759,2.248622,5
3478599312632,0.151296,-0.292166,1.728794,-3.197695,-37.728976,-6.237470,0.116567,-0.277276,1.636250,-2.899941,-37.955280,-6.496610,-0.493631,0.121229,-0.541172,0.014239,-0.003797,0.000000,-27.249946,4.049667,-34.115987,-3.616453,2.769369,0.063581,-0.533482,0.100452,0.818458,-0.096955,1.465951,-3.089467,-0.537235,0.088548,0.701220,-1.159793,1.558759,2.248622,5
3478600315507,0.150808,-0.292047,1.728230,-3.197676,-37.728985,-6.237472,0.116086,-0.277155,1.635568,-2.898996,-37.955996,-6.497430,-0.488085,0.119644,-0.541172,0.018036,-0.005695,0.000000,-27.703140,4.334871,-34.059831,-3.599122,2.753754,0.063545,-0.533446,0.100711,0.818752,-0.096383,1.465519,-3.089384,-0.537235,0.088548,0.701220,-1.159793,1.558759,2.248622,5
3478601283558,0.150313,-0.291925,1.727716,-3.197659,-37.728991,-6.237471,0.115605,-0.277033,1.634886,-2.898051,-37.956713,-6.498251,-0.494424,0.122021,-0.537210,0.017086,-0.006645,0.000000,-27.219466,3.737903,-34.342417,-3.649329,2.801228,0.063801,-0.533415,0.100972,0.819015,-0.095854,1.465137,-3.089351,-0.537235,0.088548,0.701220,-1.159793,1.558759,2.248622,5
3478602312622,0.149819,-0.291800,1.727178,-3.197640,-37.728997,-6.237471,0.115123,-0.276912,1.634203,-2.897105,-37.957430,-6.499072,-0.494424,0.124398,-0.537210,0.018985,-0.005695,0.000000,-27.241128,3.236080,-34.477484,-3.670733,2.819216,0.063887,-0.533382,0.101233,0.819291,-0.095300,1.464733,-3.089292,-0.537235,0.088548,0.701220,-1.159793,1.558759,2.248622,5
3478603312094,0.149324,-0.291677,1.726623,-3.197618,-37.729005,-6.237471,0.114641,-0.276790,1.633519,-2.896159,-37.958147,-6.499894,-0.495216,0.123606,-0.534041,0.021833,-0.008543,0.000000,-27.186429,3.276816,-34.581772,-3.687438,2.834728,0.063957,-0.533348,0.101495,0.819577,-0.094709,1.464314,-3.089197,-0.537235,0.088548,0.701220,-1.159793,1.558759,2.248622,5
3478604312636,0.148850,-0.291559,1.726138,-3.197600,-37.729014,-6.237472,0.114159,-0.276669,1.632836,-2.895212,-37.958865,-6.500716,-0.493631,0.121229,-0.527702,0.020883,-0.011391,0.000000,-27.337132,3.522210,-34.748052,-3.714849,2.858510,0.064113,-0.533318,0.101745,0.819823,-0.094225,1.463958,-3.089187,-0.537235,0.088548,0.701220,-1.159793,1.558759,2.248622,5
3478605312379,0.148335,-0.291429,1.725590,-3.197574,-37.729018,-6.237471,0.113676,-0.276547,1.632151,-2.894264,-37.959584,-6.501539,-0.494424,0.125191,-0.525325,0.023731,-0.003797,0.000000,-27.289679,2.618924,-35.048926,-3.775396,2.900474,0.064165,-0.533285,0.102017,0.820102,-0.093607,1.463549,-3.089085,-0.537235,0.088548,0.701220,-1.159793,1.558759,2.248622,5
3478606312587,0.147839,-0.291305,1.725053,-3.197554,-37.729023,-6.237470,0.113193,-0.276425,1.631467,-2.893316,-37.960303,-6.502362,-0.496008,0.123606,-0.537210,0.020883,-0.004746,0.000000,-27.147960,3.362523,-34.462949,-3.623826,2.802927,0.064476,-0.533251,0.102279,0.820378,-0.093042,1.463144,-3.089017,-0.537235,0.088548,0.701220,-1.159793,1.558759,2.248622,5
3478607283501,0.147345,-0.291182,1.724524,-3.197535,-37.729031,-6.237471,0.112710,-0.276303,1.630782,-2.892367,-37.961022,-6.503186,-0.494424,0.126775,-0.528494,0.020883,-0.008543,0.000000,-27.311038,2.385862,-35.009715,-3.738691,2.889791,0.064575,-0.533217,0.102541,0.820648,-0.092527,1.462751,-3.088997,-0.537235,0.088548,0.701220,-1.159793,1.558759,2.248622,5
3478608283262,0.146846,-0.291052,1.723992,-3.197509,-37.729033,-6.237470,0.112227,-0.276181,1.630096,-2.891417,-37.961742,-6.504011,-0.498385,0.127568,-0.531664,0.024680,-0.003797,0.000000,-27.000151,2.327184,-34.926143,-3.711353,2.872487,0.064668,-0.533186,0.102803,0.820917,-0.091935,1.462355,-3.088903,-0.537235,0.088548,0.701220,-1.159793,1.558759,2.248622,5
3478609283174,0.146353,-0.290924,1.723460,-3.197489,-37.729036,-6.237470,0.111743,-0.276059,1.629410,-2.890467,-37.962462,-6.504836,-0.493631,0.128360,-0.532456,0.022782,-0.000000,0.000000,-27.396130,2.159460,-34.936138,-3.700748,2.865187,0.064816,-0.533155,0.103064,0.821189,-0.091406,1.461957,-3.088869,-0.537235,0.088548,0.701220,-1.159793,1.558759,2.248622,5
3478610300862,0.145878,-0.290803,1.722948,-3.197467,-37.729039,-6.237472,0.111259,-0.275937,1.628724,-2.889517,-37.963183,-6.505661,-0.492047,0.123606,-0.534041,0.021833,-0.002848,0.000000,-27.524229,3.168952,-34.639949,-3.621546,2.813466,0.065001,-0.533123,0.103314,0.821451,-0.090901,1.461572,-3.088839,-0.537235,0.088548,0.701220,-1.159793,1.558759,2.248622,5
3478611283347,0.145384,-0.290676,1.722416,-3.197446,-37.729042,-6.237471,0.110774,-0.275815,1.628037,-2.888565,-37.963904,-6.506487,-0.494424,0.127568,-0.531664,0.020883,-0.002848,0.000000,-27.364899,2.271257,-34.944082,-3.677199,2.861280,0.065200,-0.533090,0.103575,0.821722,-0.090355,1.461175,-3.088787,-0.537235,0.088548,0.701220,-1.159793,1.558759,2.248622,5
3478612283419,0.144886,-0.290549,1.721880,-3.197423,-37.729040,-6.237472,0.110290,-0.275693,1.627350,-2.887614,-37.964626,-6.507314,-0.497593,0.126775,-0.536418,0.022782,-0.000000,0.000000,-27.107833,2.600563,-34.705229,-3.612000,2.819136,0.065355,-0.533056,0.103838,0.821997,-0.089812,1.460767,-3.088742,-0.537235,0.088548,0.701220,-1.159793,1.558759,2.248622,5
3478613315645,0.144391,-0.290426,1.721318,-3.197404,-37.729039,-6.237472,0.109805,-0.275571,1.626662,-2.886661,-37.965348,-6.508141,-0.494424,0.123606,-0.540380,0.018985,-0.000000,0.000000,-27.350766,3.386588,-34.356870,-3.516665,2.756513,0.065611,-0.533018,0.104100,0.822291,-0.089276,1.460331,-3.088701,-0.537235,0.088548,0.701220,-1.159793,1.558759,2.248622,5
3478614283365,0.143898,-0.290300,1.720801,-3.197386,-37.729041,-6.237472,0.109319,-0.275448,1.625974,-2.885708,-37.966070,-6.508968,-0.493631,0.125983,-0.540380,0.018985,-0.000000,0.000000,-27.436617,2.873003,-34.497054,-3.536973,2.775320,0.065748,-0.532986,0.104360,0.822554,-0.088785,1.459945,-3.088704,-0.537235,0.088548,0.701220,-1.159793,1.558759,2.248622,5
3478615313952,0.143401,-0.290175,1.720253,-3.197365,-37.729037,-6.237471,0.108834,-0.275326,1.625286,-2.884755,-37.966793,-6.509796,-0.496801,0.124398,-0.547511,0.020883,0.003797,0.000000,-27.172762,3.459194,-34.109454,-3.437450,2.708328,0.065913,-0.532949,0.104623,0.822839,-0.088242,1.459522,-3.088658,-0.537235,0.088548,0.701220,-1.159793,1.558759,2.248622,5
3478616314040,0.142884,-0.290043,1.719663,-3.197351,-37.729032,-6.237471,0.108348,-0.275203,1.624597,-2.883801,-37.967516,-6.510624,-0.496801,0.124398,-0.545134,0.015188,0.004746,0.000000,-27.165161,3.395218,-34.162144,-3.430543,2.713023,0.066251,-0.532909,0.104896,0.823149,-0.087750,1.459062,-3.088684,-0.537235,0.088548,0.701220,-1.159793,1.558759,2.248622,5
3478617314306,0.142407,-0.289926,1.719167,-3.197330,-37.729028,-6.237470,0.107862,-0.275081,1.623908,-2.882846,-37.968240,-6.511453,-0.496008,0.122021,-0.540380,0.018985,0.006645,0.000000,-27.247675,3.698154,-34.265266,-3.449429,2.724233,0.066265,-0.532874,0.105148,0.823404,-0.087250,1.458683,-3.088661,-0.537235,0.088548,0.701220,-1.159793,1.558759,2.248622,5
3478618313455,0.141892,-0.289794,1.718592,-3.197318,-37.729024,-6.237472,0.107376,-0.274958,1.623218,-2.881891,-37.968964,-6.512283,-0.494424,0.125983,-0.552265,0.014239,0.004746,0.000000,-27.370833,3.286165,-33.960483,-3.359178,2.671344,0.066576,-0.532836,0.105420,0.823705,-0.086803,1.458238,-3.088730,-0.537235,0.088548,0.701220,-1.159793,1.558759,2.248622,5
3478619314090,0.141395,-0.289670,1.718043,-3.197305,-37.729020,-6.237472,0.106889,-0.274835,1.622528,-2.880936,-37.969688,-6.513112,-0.496801,0.123606,-0.549095,0.013289,0.004746,0.000000,-27.178817,3.681564,-33.952437,-3.344695,2.667907,0.066800,-0.532797,0.105683,0.823992,-0.086348,1.457811,-3.088773,-0.537235,0.088548,0.701220,-1.159793,1.558759,2.248622,5
3478620313558,0.140893,-0.289549,1.717488,-3.197286,-37.729014,-6.237471,0.106402,-0.274713,1.621838,-2.879980,-37.970413,-6.513943,-0.501555,0.121229,-0.554642,0.018985,0.005695,0.000000,-26.781331,4.376692,-33.604113,-3.259038,2.609939,0.066868,-0.532756,0.105948,0.824284,-0.085832,1.457376,-3.088758,-0.537235,0.088548,0.701220,-1.159793,1.558759,2.248622,5
3478621313867,0.140395,-0.289425,1.716933,-3.197274,-37.729007,-6.237472,0.105915,-0.274590,1.621147,-2.879023,-37.971138,-6.514773,-0.498385,0.124398,-0.554642,0.011391,0.006645,0.000000,-27.055935,3.732982,-33.736547,-3.267881,2.625517,0.067213,-0.532717,0.106212,0.824575,-0.085412,1.456941,-3.088838,-0.537235,0.088548,0.701220,-1.159793,1.558759,2.248622,5
3478622283321,0.139892,-0.289299,1.716378,-3.197266,-37.729005,-6.237471,0.105427,-0.274467,1.620456,-2.878066,-37.971864,-6.515604,-0.503139,0.125983,-0.555434,0.008543,0.002848,0.000000,-26.681180,3.459129,-33.767179,-3.257214,2.632407,0.067535,-0.532677,0.106478,0.824866,-0.084990,1.456511,-3.088920,-0.537235,0.088548,0.701220,-1.159793,1.558759,2.248622,5
3478623283321,0.139401,-0.289178,1.715824,-3.197254,-37.728999,-6.237469,0.104940,-0.274344,1.619765,-2.877108,-37.972590,-6.516436,-0.491254,0.121229,-0.553849,0.012340,0.005695,0.000000,-27.627422,4.312074,-33.615968,-3.221398,2.594216,0.067404,-0.532636,0.106738,0.825158,-0.084534,1.456076,-3.088956,-0.537235,0.088548,0.701220,-1.159793,1.558759,2.248622,5
3478624283417,0.138893,-0.289056,1.715256,-3.197245,-37.728996,-6.237471,0.104452,-0.274221,1.619073,-2.876150,-37.973316,-6.517268,-0.507101,0.121229,-0.568112,0.008543,0.002848,0.000000,-26.331291,4.917957,-32.962326,-3.047057,2.496410,0.067968,-0.532592,0.107007,0.825460,-0.084138,1.455628,-3.089069,-0.537235,0.088548,0.701220,-1.159793,1.558759,2.248622,5
3478625304108,0.138412,-0.288937,1.714718,-3.197236,-37.728991,-6.237472,0.103964,-0.274098,1.618381,-2.875192,-37.974043,-6.518100,-0.504724,0.122814,-0.565735,0.008543,0.003797,0.000000,-26.552409,4.497874,-33.148357,-3.078883,2.520898,0.068077,-0.532553,0.107261,0.825743,-0.083757,1.455208,-3.089170,-0.537235,0.088548,0.701220,-1.159793,1.558759,2.248622,5
3478626315004,0.137909,-0.288815,1.714150,-3.197228,-37.728988,-6.237471,0.103475,-0.273975,1.617688,-2.874233,-37.974770,-6.518933,-0.503932,0.122021,-0.568112,0.008543,0.002848,0.000000,-26.609045,4.746212,-33.000302,-3.033273,2.493176,0.068236,-0.532509,0.107528,0.826044,-0.083343,1.454761,-3.089261,-0.537235,0.088548,0.701220,-1.159793,1.558759,2.248622,5
3478627314535,0.137405,-0.288692,1.713582,-3.197217,-37.728986,-6.237474,0.102987,-0.273851,1.616996,-2.873273,-37.975498,-6.519766,-0.503139,0.122814,-0.568112,0.010442,-0.000000,-0.003797,-26.677234,4.571588,-33.049207,-3.035341,2.498679,0.068382,-0.532465,0.107794,0.826344,-0.082958,1.454316,-3.089381,-0.537235,0.088548,0.701220,-1.159793,1.558759,2.248622,5
3478628312561,0.136905,-0.288569,1.713010,-3.197210,-37.728986,-6.237471,0.102498,-0.273728,1.616302,-2.872313,-37.976226,-6.520600,-0.500762,0.122814,-0.571281,0.007594,-0.000000,0.003797,-26.866050,4.686500,-32.897735,-2.985536,2.468884,0.068487,-0.532421,0.108059,0.826646,-0.082534,1.453869,-3.089459,-0.537235,0.088548,0.701220,-1.159793,1.558759,2.248622,5
3478629314085,0.136363,-0.288436,1.712389,-3.197200,-37.728984,-6.237471,0.102009,-0.273605,1.615609,-2.871353,-37.976954,-6.521434,-0.500762,0.124398,-0.575243,0.007594,-0.000000,0.000000,-26.837149,4.502848,-32.788931,-2.947689,2.447924,0.068719,-0.532374,0.108347,0.826974,-0.082100,1.453382,-3.089568,-0.537235,0.088548,0.701220,-1.159793,1.558759,2.248622,5
3478630313850,0.135879,-0.288313,1.711817,-3.197194,-37.728984,-6.237472,0.101519,-0.273481,1.614915,-2.870392,-37.977682,-6.522268,-0.503139,0.122814,-0.572073,0.006645,-0.000000,0.000000,-26.657463,4.745452,-32.811526,-2.939913,2.449490,0.068942,-0.532331,0.108603,0.827276,-0.081731,1.452935,-3.089685,-0.537235,0.088548,0.701220,-1.159793,1.558759,2.248622,5
3478631283300,0.135377,-0.288190,1.711261,-3.197188,-37.728984,-6.237472,0.101030,-0.273358,1.614221,-2.869430,-37.978411,-6.523103,-0.501555,0.122814,-0.579997,0.005695,-0.000000,0.000000,-26.776024,5.018334,-32.476863,-2.849493,2.390302,0.069132,-0.532288,0.108868,0.827569,-0.081375,1.452503,-3.089832,-0.537235,0.088548,0.701220,-1.159793,1.558759,2.248622,5
3478632313796,0.134871,-0.288067,1.710685,-3.197182,-37.728983,-6.237471,0.100540,-0.273234,1.613527,-2.868469,-37.979140,-6.523938,-0.506309,0.123606,-0.576035,0.005695,-0.000000,0.000000,-26.399989,4.752947,-32.655296,-2.877339,2.419052,0.069354,-0.532242,0.109137,0.827874,-0.081000,1.452052,-3.089965,-0.537235,0.088548,0.701220,-1.159793,1.558759,2.248622,5
3478633284331,0.134364,-0.287945,1.710102,-3.197175,-37.728981,-6.237471,0.100050,-0.273111,1.612832,-2.867506,-37.979870,-6.524773,-0.506309,0.122021,-0.583166,0.007594,-0.000000,0.000000,-26.379916,5.337128,-32.266212,-2.778164,2.352004,0.069480,-0.532195,0.109405,0.828184,-0.080614,1.451591,-3.090087,-0.537235,0.088548,0.701220,-1.159793,1.558759,2.248622,5
3478634283346,0.133882,-0.287828,1.709548,-3.197172,-37.728982,-6.237471,0.099560,-0.272987,1.612137,-2.866544,-37.980599,-6.525609,-0.504724,0.121229,-0.578412,0.004746,0.002848,0.000000,-26.525448,5.357623,-32.394366,-2.793544,2.366548,0.069696,-0.532149,0.109661,0.828478,-0.080288,1.451156,-3.090245,-0.537235,0.088548,0.701220,-1.159793,1.558759,2.248622,5
3478635314785,0.133356,-0.287696,1.708942,-3.197161,-37.728989,-6.237470,0.099070,-0.272863,1.611442,-2.865581,-37.981329,-6.526445,-0.503932,0.125191,-0.583166,0.010442,-0.004746,0.000000,-26.583647,4.661913,-32.435351,-2.797426,2.373724,0.069665,-0.532103,0.109939,0.828794,-0.079873,1.450693,-3.090358,-0.537235,0.088548,0.701220,-1.159793,1.558759,2.248622,5
3478636283555,0.132872,-0.287580,1.708382,-3.197157,-37.728992,-6.237469,0.098579,-0.272740,1.610746,-2.864617,-37.982060,-6.527282,-0.504724,0.122021,-0.586336,0.004746,-0.003797,0.000000,-26.514056,5.476651,-32.090599,-2.699000,2.313889,0.070041,-0.532056,0.110196,0.829092,-0.079524,1.450253,-3.090495,-0.537235,0.088548,0.701220,-1.159793,1.558759,2.248622,5
3478637283291,0.132364,-0.287457,1.707809,-3.197145,-37.728995,-6.237472,0.098088,-0.272616,1.610050,-2.863654,-37.982791,-6.528119,-0.507893,0.123606,-0.572866,0.011391,-0.002848,-0.002848,-26.281307,4.680154,-32.739393,-2.845511,2.417653,0.070038,-0.532010,0.110465,0.829393,-0.079152,1.449809,-3.090632,-0.537235,0.088548,0.701220,-1.159793,1.558759,2.248622,5
3478638283052,0.131839,-0.287329,1.707208,-3.197135,-37.729001,-6.237470,0.097597,-0.272492,1.609354,-2.862689,-37.983522,-6.528956,-0.505516,0.123606,-0.574450,0.011391,-0.004746,0.000000,-26.450874,4.727392,-32.661301,-2.816540,2.401116,0.070125,-0.531961,0.110743,0.829708,-0.078738,1.449344,-3.090745,-0.537235,0.088548,0.701220,-1.159793,1.558759,2.248622,5
3478639316023,0.131357,-0.287210,1.706657,-3.197127,-37.729007,-6.237471,0.097106,-0.272368,1.608658,-2.861725,-37.984253,-6.529794,-0.503932,0.123606,-0.572073,0.007594,-0.006645,0.000000,-26.596215,4.653448,-32.743523,-2.819669,2.411006,0.070375,-0.531916,0.110999,0.829997,-0.078400,1.448920,-3.090891,-0.537235,0.088548,0.701220,-1.159793,1.558759,2.248622,5
3478640315485,0.130846,-0.287087,1.706086,-3.197110,-37.729013,-6.237472,0.096614,-0.272244,1.607961,-2.860760,-37.984985,-6.530631,-0.511063,0.122814,-0.570489,0.017086,-0.005695,0.000000,-26.014907,4.778605,-32.777531,-2.826298,2.417123,0.070340,-0.531869,0.111269,0.830295,-0.077978,1.448481,-3.090981,-0.537235,0.088548,0.701220,-1.159793,1.558759,2.248622,5
3478641283350,0.130334,-0.286961,1.705516,-3.197097,-37.729023,-6.237472,0.096123,-0.272120,1.607264,-2.859795,-37.985716,-6.531470,-0.511063,0.125983,-0.570489,0.013289,-0.009492,0.000000,-26.022103,4.127905,-32.927683,-2.843312,2.440515,0.070613,-0.531822,0.111540,0.830590,-0.077585,1.448048,-3.091101,-0.537235,0.088548,0.701220,-1.159793,1.558759,2.248622,5
3478642284396,0.129805,-0.286835,1.704930,-3.197079,-37.729028,-6.237472,0.095631,-0.271996,1.606567,-2.858829,-37.986449,-6.532308,-0.508686,0.125983,-0.562565,0.018036,-0.005695,0.000000,-26.202019,3.832928,-33.256439,-2.915625,2.486984,0.070561,-0.531773,0.111820,0.830895,-0.077146,1.447597,-3.091191,-0.537235,0.088548,0.701220,-1.159793,1.558759,2.248622,5
3478643283268,0.129297,-0.286706,1.704341,-3.197063,-37.729039,-6.237471,0.095139,-0.271872,1.605869,-2.857863,-37.987181,-6.533147,-0.507893,0.124398,-0.564942,0.018036,-0.010442,0.000000,-26.248494,4.232051,-33.069442,-2.861417,2.455307,0.070722,-0.531726,0.112089,0.831200,-0.076719,1.447150,-3.091274,-0.537235,0.088548,0.701220,-1.159793,1.558759,2.248622,5
3478644282991,0.128812,-0.286587,1.703832,-3.197048,-37.729046,-6.237472,0.094647,-0.271748,1.605171,-2.856896,-37.987914,-6.533986,-0.509478,0.125191,-0.557019,0.014239,-0.008543,0.000000,-26.148496,3.808972,-33.423361,-2.926476,2.509454,0.071001,-0.531685,0.112346,0.831460,-0.076361,1.446770,-3.091403,-0.537235,0.088548,0.701220,-1.159793,1.558759,2.248622,5
3478645283123,0.128298,-0.286462,1.703274,-3.197025,-37.729056,-6.237470,0.094155,-0.271624,1.604473,-2.855930,-37.988647,-6.534826,-0.513440,0.125191,-0.557811,0.022782,-0.009492,0.000000,-25.820328,3.823468,-33.416958,-2.923280,2.508051,0.070950,-0.531638,0.112618,0.831746,-0.075897,1.446350,-3.091452,-0.537235,0.088548,0.701220,-1.159793,1.558759,2.248622,5
3478646283221,0.127790,-0.286334,1.702713,-3.197001,-37.729065,-6.237471,0.093662,-0.271500,1.603775,-2.854962,-37.989380,-6.535666,-0.507893,0.128360,-0.560981,0.023731,-0.009492,0.000000,-26.272217,3.230282,-33.470683,-2.926554,2.509748,0.070983,-0.531594,0.112886,0.832032,-0.075451,1.445930,-3.091515,-0.537235,0.088548,0.701220,-1.159793,1.558759,2.248622,5
3478647283073,0.127284,-0.286205,1.702164,-3.196980,-37.729070,-6.237470,0.093169,-0.271376,1.603076,-2.853995,-37.990113,-6.536506,-0.506309,0.128360,-0.549095,0.020883,-0.004746,0.000000,-26.411496,2.810095,-33.939235,-3.021242,2.578993,0.071172,-0.531550,0.113154,0.832312,-0.075020,1.445517,-3.091590,-0.537235,0.088548,0.701220,-1.159793,1.558759,2.248622,5
3478648283213,0.126772,-0.286075,1.701613,-3.196956,-37.729080,-6.237472,0.092677,-0.271251,1.602378,-2.853027,-37.990847,-6.537346,-0.511855,0.130737,-0.551472,0.023731,-0.009492,0.000000,-25.965927,2.394042,-33.979180,-3.019623,2.588494,0.071328,-0.531507,0.113424,0.832591,-0.074595,1.445108,-3.091677,-0.537235,0.088548,0.701220,-1.159793,1.558759,2.248622,5
3478649283041,0.126261,-0.285946,1.701058,-3.196934,-37.729085,-6.237472,0.092184,-0.271127,1.601679,-2.852059,-37.991581,-6.538187,-0.511063,0.128360,-0.554642,0.022782,-0.005695,0.000000,-26.004739,2.997598,-33.704344,-2.944244,2.537610,0.071520,-0.531462,0.113694,0.832874,-0.074159,1.444691,-3.091753,-0.537235,0.088548,0.701220,-1.159793,1.558759,2.248622,5
3478650283529,0.125748,-0.285817,1.700514,-3.196908,-37.729095,-6.237472,0.091690,-0.271003,1.600980,-2.851091,-37.992315,-6.539027,-0.512648,0.129152,-0.543549,0.025630,-0.009492,0.000000,-25.887445,2.414493,-34.225986,-3.057128,2.622492,0.071579,-0.531418,0.113965,0.833148,-0.073713,1.444289,-3.091820,-0.537235,0.088548,0.701220,-1.159793,1.558759,2.248622,5
3478651283084,0.125237,-0.285686,1.699966,-3.196883,-37.729103,-6.237471,0.091197,-0.270878,1.600280,-2.850122,-37.993050,-6.539869,-0.511063,0.130737,-0.548303,0.024680,-0.008543,0.000000,-26.007512,2.230015,-34.113144,-3.018201,2.599156,0.071748,-0.531375,0.114235,0.833425,-0.073268,1.443883,-3.091886,-0.537235,0.088548,0.701220,-1.159793,1.558759,2.248622,5
3478652283025,0.124729,-0.285553,1.699419,-3.196855,-37.729111,-6.237472,0.090704,-0.270754,1.599580,-2.849153,-37.993784,-6.540710,-0.508686,0.133906,-0.546718,0.028477,-0.007594,0.000000,-26.211012,1.459664,-34.375611,-3.072761,2.636367,0.071725,-0.531333,0.114503,0.833699,-0.072821,1.443481,-3.091947,-0.537235,0.088548,0.701220,-1.159793,1.558759,2.248622,5
3478653309846,0.124215,-0.285419,1.698874,-3.196828,-37.729117,-6.237473,0.090210,-0.270629,1.598881,-2.848184,-37.994519,-6.541552,-0.513440,0.133114,-0.545134,0.026579,-0.006645,0.000000,-25.816283,1.582127,-34.376564,-3.057453,2.635809,0.072021,-0.531290,0.114774,0.833973,-0.072383,1.443079,-3.092023,-0.537235,0.088548,0.701220,-1.159793,1.558759,2.248622,5
3478654315672,0.123704,-0.285287,1.698331,-3.196803,-37.729122,-6.237471,0.089716,-0.270505,1.598181,-2.847214,-37.995254,-6.542394,-0.511063,0.132322,-0.543549,0.025630,-0.004746,0.002848,-25.996612,1.661078,-34.399448,-3.051511,2.633530,0.072121,-0.531247,0.115044,0.834246,-0.071926,1.442675,-3.092076,-0.537235,0.088548,0.701220,-1.159793,1.558759,2.248622,5
3478655312280,0.123193,-0.285156,1.697777,-3.196776,-37.729128,-6.237472,0.089222,-0.270380,1.597480,-2.846244,-37.995989,-6.543236,-0.511063,0.130737,-0.553849,0.026579,-0.005695,0.000000,-25.964737,2.335089,-33.892881,-2.923933,2.548115,0.072328,-0.531202,0.115314,0.834527,-0.071487,1.442261,-3.092149,-0.537235,0.088548,0.701220,-1.159793,1.558759,2.248622,5
3478656283287,0.122657,-0.285026,1.697208,-3.196752,-37.729132,-6.237472,0.088728,-0.270256,1.596780,-2.845274,-37.996725,-6.544078,-0.515025,0.130737,-0.546718,0.023731,-0.003797,0.000000,-25.626268,2.111929,-34.148528,-2.966621,2.588181,0.072628,-0.531152,0.115597,0.834818,-0.071057,1.441829,-3.092253,-0.537235,0.088548,0.701220,-1.159793,1.558759,2.248622,5
3478657314846,0.122142,-0.284889,1.696657,-3.196728,-37.729136,-6.237472,0.088234,-0.270131,1.596079,-2.844304,-37.997461,-6.544921,-0.515817,0.131529,-0.550680,0.022782,-0.002848,0.000000,-25.547851,2.066738,-34.020965,-2.923552,2.564029,0.072838,-0.531110,0.115869,0.835094,-0.070643,1.441423,-3.092356,-0.537235,0.088548,0.701220,-1.159793,1.558759,2.248622,5
3478658313355,0.121633,-0.284760,1.696102,-3.196701,-37.729140,-6.237471,0.087740,-0.270006,1.595378,-2.843333,-37.998196,-6.545764,-0.508686,0.128360,-0.555434,0.026579,-0.003797,0.000000,-26.090382,2.827443,-33.688591,-2.844059,2.502280,0.072776,-0.531062,0.116138,0.835378,-0.070188,1.441003,-3.092409,-0.537235,0.088548,0.701220,-1.159793,1.558759,2.248622,5
3478659314230,0.121142,-0.284637,1.695573,-3.196679,-37.729141,-6.237472,0.087245,-0.269882,1.594677,-2.842362,-37.998932,-6.546607,-0.511855,0.128360,-0.552265,0.023731,-0.002848,0.000000,-25.845516,2.737760,-33.798636,-2.853249,2.518294,0.073067,-0.531017,0.116397,0.835648,-0.069804,1.440601,-3.092516,-0.537235,0.088548,0.701220,-1.159793,1.558759,2.248622,5
3478660311652,0.120608,-0.284500,1.694993,-3.196656,-37.729140,-6.237471,0.086751,-0.269757,1.593976,-2.841391,-37.999669,-6.547450,-0.511855,0.129945,-0.555434,0.023731,-0.000000,0.000000,-25.820890,2.506418,-33.735650,-2.826506,2.503135,0.073230,-0.530968,0.116679,0.835945,-0.069372,1.440160,-3.092617,-0.537235,0.088548,0.701220,-1.159793,1.558759,2.248622,5
3478661313552,0.120093,-0.284372,1.694435,-3.196636,-37.729141,-6.237473,0.086256,-0.269632,1.593275,-2.840420,-38.000405,-6.548293,-0.515817,0.128360,-0.558604,0.019934,-0.000000,-0.002848,-25.474511,2.980872,-33.482525,-2.749881,2.461223,0.073640,-0.530919,0.116951,0.836232,-0.069008,1.439733,-3.092769,-0.537235,0.088548,0.701220,-1.159793,1.558759,2.248622,5
3478662313089,0.119580,-0.284248,1.693873,-3.196615,-37.729140,-6.237472,0.085761,-0.269508,1.592573,-2.839448,-38.001142,-6.549137,-0.512648,0.124398,-0.561773,0.020883,0.002848,0.000000,-25.692048,3.906935,-33.131930,-2.661046,2.397027,0.073691,-0.530867,0.117222,0.836524,-0.068599,1.439297,-3.092873,-0.537235,0.088548,0.701220,-1.159793,1.558759,2.248622,5
3478663313727,0.119070,-0.284120,1.693314,-3.196596,-37.729139,-6.237471,0.085267,-0.269383,1.591872,-2.838476,-38.001879,-6.549981,-0.510270,0.127568,-0.558604,0.018985,0.003797,0.000000,-25.892819,3.118649,-33.423607,-2.714885,2.439072,0.073849,-0.530817,0.117492,0.836813,-0.068217,1.438868,-3.093001,-0.537235,0.088548,0.701220,-1.159793,1.558759,2.248622,5
3478664313143,0.118556,-0.283995,1.692751,-3.196574,-37.729136,-6.237470,0.084772,-0.269258,1.591170,-2.837504,-38.002615,-6.550825,-0.513440,0.125191,-0.563358,0.021833,0.002848,0.000000,-25.605940,3.792010,-33.094131,-2.629964,2.384601,0.073992,-0.530765,0.117763,0.837105,-0.067812,1.438430,-3.093109,-0.537235,0.088548,0.701220,-1.159793,1.558759,2.248622,5
3478665283291,0.118044,-0.283871,1.692180,-3.196557,-37.729137,-6.237472,0.084276,-0.269133,1.590468,-2.836532,-38.003353,-6.551669,-0.511855,0.123606,-0.571281,0.017086,-0.000000,0.000000,-25.699656,4.415784,-32.654113,-2.510973,2.310247,0.074308,-0.530712,0.118034,0.837404,-0.067463,1.437985,-3.093273,-0.537235,0.088548,0.701220,-1.159793,1.558759,2.248622,5
3478666283110,0.117529,-0.283744,1.691616,-3.196540,-37.729130,-6.237472,0.083781,-0.269008,1.589766,-2.835560,-38.004090,-6.552513,-0.515025,0.126775,-0.563358,0.017086,0.007594,0.000000,-25.457790,3.501807,-33.116066,-2.604616,2.379808,0.074485,-0.530659,0.118307,0.837698,-0.067104,1.437543,-3.093429,-0.537235,0.088548,0.701220,-1.159793,1.558759,2.248622,5
3478667283094,0.117015,-0.283621,1.691047,-3.196522,-37.729128,-6.237470,0.083286,-0.268883,1.589064,-2.834587,-38.004827,-6.553358,-0.514232,0.123606,-0.569696,0.018036,-0.000000,0.000000,-25.480539,4.373904,-32.692319,-2.497099,2.311286,0.074633,-0.530605,0.118579,0.837996,-0.066724,1.437098,-3.093563,-0.537235,0.088548,0.701220,-1.159793,1.558759,2.248622,5
3478668282983,0.116525,-0.283504,1.690496,-3.196507,-37.729127,-6.237472,0.082791,-0.268758,1.588361,-2.833614,-38.005565,-6.554203,-0.511063,0.121229,-0.574450,0.017086,0.003797,0.000000,-25.719642,5.047803,-32.350680,-2.407288,2.247900,0.074786,-0.530551,0.118838,0.838286,-0.066402,1.436664,-3.093732,-0.537235,0.088548,0.701220,-1.159793,1.558759,2.248622,5
3478669311109,0.116008,-0.283381,1.689922,-3.196490,-37.729122,-6.237471,0.082295,-0.268633,1.587659,-2.832641,-38.006302,-6.555048,-0.516609,0.123606,-0.574450,0.016137,0.004746,0.000000,-25.268294,4.597491,-32.440827,-2.412134,2.262294,0.075064,-0.530495,0.119112,0.838588,-0.066044,1.436211,-3.093891,-0.537235,0.088548,0.701220,-1.159793,1.558759,2.248622,5
3478670283387,0.115495,-0.283256,1.689349,-3.196474,-37.729118,-6.237472,0.081799,-0.268508,1.586956,-2.831668,-38.007040,-6.555893,-0.512648,0.124398,-0.572073,0.016137,0.003797,0.000000,-25.579366,4.325686,-32.580512,-2.434715,2.279649,0.075145,-0.530440,0.119383,0.838888,-0.065704,1.435762,-3.094064,-0.537235,0.088548,0.701220,-1.159793,1.558759,2.248622,5
3478671314542,0.114981,-0.283133,1.688772,-3.196452,-37.729117,-6.237472,0.081304,-0.268383,1.586253,-2.830695,-38.007778,-6.556738,-0.514232,0.123606,-0.577620,0.021833,-0.000000,0.000000,-25.424347,4.678930,-32.322198,-2.370191,2.237350,0.075167,-0.530384,0.119655,0.839190,-0.065317,1.435309,-3.094191,-0.537235,0.088548,0.701220,-1.159793,1.558759,2.248622,5
3478672313497,0.114442,-0.283004,1.688142,-3.196434,-37.729116,-6.237470,0.080808,-0.268258,1.585550,-2.829721,-38.008516,-6.557583,-0.518194,0.123606,-0.582374,0.019934,-0.000000,0.000000,-25.060571,4.900996,-32.066548,-2.294785,2.195182,0.075476,-0.530321,0.119941,0.839523,-0.064921,1.434808,-3.094335,-0.537235,0.088548,0.701220,-1.159793,1.558759,2.248622,5
3478673313546,0.113947,-0.282882,1.687611,-3.196420,-37.729114,-6.237471,0.080312,-0.268133,1.584847,-2.828748,-38.009254,-6.558429,-0.515025,0.125191,-0.579205,0.017086,-0.000000,0.000000,-25.327550,4.440995,-32.280500,-2.330310,2.224518,0.075654,-0.530270,0.120202,0.839798,-0.064623,1.434399,-3.094531,-0.537235,0.088548,0.701220,-1.159793,1.558759,2.248622,5
3478674313655,0.113411,-0.282752,1.687004,-3.196403,-37.729111,-6.237472,0.079816,-0.268008,1.584144,-2.827774,-38.009993,-6.559274,-0.515817,0.126775,-0.582374,0.017086,-0.000000,0.000000,-25.232203,4.232839,-32.206481,-2.300566,2.209751,0.075835,-0.530211,0.120486,0.840116,-0.064272,1.433922,-3.094717,-0.537235,0.088548,0.701220,-1.159793,1.558759,2.248622,5
3478675313330,0.112891,-0.282627,1.686418,-3.196386,-37.729110,-6.237471,0.079320,-0.267883,1.583441,-2.826800,-38.010731,-6.560120,-0.519779,0.124398,-0.586336,0.017086,-0.000000,0.000000,-24.873706,4.910226,-31.878518,-2.211718,2.155683,0.076086,-0.530152,0.120761,0.840424,-0.063917,1.433462,-3.094883,-0.537235,0.088548,0.701220,-1.159793,1.558759,2.248622,5
3478676313813,0.112374,-0.282500,1.685834,-3.196372,-37.729111,-6.237472,0.078824,-0.267758,1.582738,-2.825826,-38.011469,-6.560966,-0.516609,0.126775,-0.583959,0.014239,-0.000000,0.000000,-25.123969,4.322253,-32.082900,-2.244720,2.183638,0.076268,-0.530095,0.121034,0.840729,-0.063609,1.433007,-3.095092,-0.537235,0.088548,0.701220,-1.159793,1.558759,2.248622,5
3478677313277,0.111860,-0.282373,1.685244,-3.196357,-37.729108,-6.237469,0.078328,-0.267633,1.582034,-2.824852,-38.012208,-6.561812,-0.514232,0.127568,-0.589505,0.014239,0.002848,0.003797,-25.293062,4.351586,-31.875157,-2.185804,2.143235,0.076336,-0.530038,0.121306,0.841038,-0.063259,1.432544,-3.095256,-0.537235,0.088548,0.701220,-1.159793,1.558759,2.248622,5
3478678283473,0.111343,-0.282245,1.684652,-3.196338,-37.729107,-6.237470,0.077832,-0.267508,1.581331,-2.823877,-38.012947,-6.562658,-0.517402,0.127568,-0.592674,0.018985,-0.000000,0.000000,-25.013752,4.467004,-31.741791,-2.147967,2.121824,0.076470,-0.529980,0.121580,0.841348,-0.062910,1.432081,-3.095425,-0.537235,0.088548,0.701220,-1.159793,1.558759,2.248622,5
3478679313629,0.110825,-0.282119,1.684056,-3.196324,-37.729109,-6.237471,0.077336,-0.267383,1.580627,-2.822903,-38.013685,-6.563504,-0.518194,0.126775,-0.595844,0.014239,-0.000000,0.000000,-24.918311,4.781114,-31.516754,-2.077715,2.082541,0.076811,-0.529921,0.121854,0.841660,-0.062596,1.431615,-3.095630,-0.537235,0.088548,0.701220,-1.159793,1.558759,2.248622,5
3478680284051,0.110306,-0.281989,1.683467,-3.196305,-37.729108,-6.237471,0.076839,-0.267258,1.579924,-2.821928,-38.014424,-6.564350,-0.518194,0.129152,-0.588713,0.018985,-0.000000,0.000000,-24.920430,4.007573,-31.944307,-2.171339,2.148801,0.076788,-0.529863,0.122128,0.841967,-0.062247,1.431157,-3.095800,-0.537235,0.088548,0.701220,-1.159793,1.558759,2.248622,5
3478681283174,0.109814,-0.281872,1.682873,-3.196284,-37.729111,-6.237471,0.076343,-0.267132,1.579220,-2.820954,-38.015163,-6.565196,-0.515025,0.125191,-0.594259,0.019934,-0.004746,0.000000,-25.143706,5.035960,-31.493462,-2.059323,2.072760,0.076887,-0.529802,0.122389,0.842281,-0.061881,1.430685,-3.095926,-0.537235,0.088548,0.701220,-1.159793,1.558759,2.248622,5
3478682283315,0.109278,-0.281740,1.682281,-3.196264,-37.729111,-6.237472,0.075847,-0.267007,1.578516,-2.819979,-38.015902,-6.566043,-0.515025,0.125191,-0.591882,0.018985,-0.000000,0.000000,-25.110304,4.961898,-31.553824,-2.060769,2.076785,0.077073,-0.529743,0.122673,0.842588,-0.061538,1.430228,-3.096119,-0.537235,0.088548,0.701220,-1.159793,1.558759,2.248622,5
3478683322527,0.108781,-0.281617,1.681712,-3.196245,-37.729114,-6.237472,0.075350,-0.266882,1.577813,-2.819004,-38.016641,-6.566889,-0.515817,0.128360,-0.593467,0.019934,-0.000000,0.000000,-25.055568,4.359152,-31.650011,-2.071624,2.089449,0.077204,-0.529686,0.122935,0.842884,-0.061210,1.429786,-3.096289,-0.537235,0.088548,0.701220,-1.159793,1.558759,2.248622,5
3478684312139,0.108265,-0.281492,1.681126,-3.196221,-37.729118,-6.237471,0.074854,-0.266757,1.577109,-2.818030,-38.017380,-6.567735,-0.515817,0.125191,-0.586336,0.024680,-0.003797,0.000000,-25.029046,4.752566,-31.779668,-2.097977,2.109653,0.077202,-0.529627,0.123208,0.843188,-0.060819,1.429333,-3.096413,-0.537235,0.088548,0.701220,-1.159793,1.558759,2.248622,5
3478685312269,0.107750,-0.281363,1.680537,-3.196197,-37.729121,-6.237471,0.074357,-0.266632,1.576405,-2.817055,-38.018119,-6.568582,-0.515025,0.128360,-0.588713,0.023731,-0.002848,0.000000,-25.084646,4.173973,-31.830667,-2.096618,2.113563,0.077370,-0.529568,0.123481,0.843492,-0.060450,1.428877,-3.096559,-0.537235,0.088548,0.701220,-1.159793,1.558759,2.248622,5
3478686312419,0.107212,-0.281237,1.679927,-3.196166,-37.729127,-6.237471,0.073861,-0.266506,1.575701,-2.816080,-38.018859,-6.569429,-0.515817,0.125983,-0.585543,0.031325,-0.005695,0.000000,-24.974289,4.547294,-31.839104,-2.097859,2.114073,0.077300,-0.529503,0.123765,0.843810,-0.060021,1.428402,-3.096668,-0.537235,0.088548,0.701220,-1.159793,1.558759,2.248622,5
3478687312053,0.106696,-0.281104,1.679323,-3.196140,-37.729133,-6.237472,0.073364,-0.266381,1.574997,-2.815105,-38.019598,-6.570275,-0.515817,0.126775,-0.579205,0.027528,-0.003797,0.000000,-24.965079,4.168318,-32.096434,-2.141360,2.151828,0.077559,-0.529445,0.124038,0.844120,-0.059647,1.427939,-3.096809,-0.537235,0.088548,0.701220,-1.159793,1.558759,2.248622,5
3478688312339,0.106181,-0.280978,1.678767,-3.196106,-37.729140,-6.237471,0.072868,-0.266256,1.574293,-2.814129,-38.020337,-6.571122,-0.515817,0.125983,-0.580789,0.034173,-0.005695,0.000000,-24.938022,4.358227,-32.014865,-2.120305,2.136381,0.077507,-0.529388,0.124311,0.844402,-0.059222,1.427520,-3.096898,-0.537235,0.088548,0.701220,-1.159793,1.558759,2.248622,5
3478689283357,0.105664,-0.280854,1.678191,-3.196074,-37.729146,-6.237472,0.072371,-0.266131,1.573589,-2.813154,-38.021076,-6.571969,-0.516609,0.124398,-0.576035,0.032274,-0.005695,0.000000,-24.849409,4.540041,-32.093332,-2.125174,2.146698,0.077731,-0.529328,0.124584,0.844698,-0.058815,1.427076,-3.097007,-0.537235,0.088548,0.701220,-1.159793,1.558759,2.248622,5
3478690283394,0.105145,-0.280729,1.677616,-3.196041,-37.729154,-6.237471,0.071875,-0.266006,1.572885,-2.812179,-38.021816,-6.572816,-0.518986,0.127568,-0.575243,0.034173,-0.007594,0.000000,-24.651306,3.849536,-32.290943,-2.160231,2.178218,0.077856,-0.529268,0.124858,0.844993,-0.058399,1.426637,-3.097109,-0.537235,0.088548,0.701220,-1.159793,1.558759,2.248622,5
3478691283150,0.104626,-0.280600,1.677046,-3.196000,-37.729163,-6.237470,0.071378,-0.265880,1.572180,-2.811204,-38.022555,-6.573662,-0.518986,0.124398,-0.569696,0.039868,-0.004746,0.000000,-24.618840,4.297068,-32.350844,-2.171977,2.183360,0.077821,-0.529210,0.125132,0.845280,-0.057925,1.426208,-3.097153,-0.537235,0.088548,0.701220,-1.159793,1.558759,2.248622,5
3478692312253,0.104129,-0.280474,1.676497,-3.195964,-37.729172,-6.237472,0.070881,-0.265755,1.571476,-2.810229,-38.023294,-6.574509,-0.518986,0.129945,-0.571281,0.036071,-0.009492,0.000000,-24.637154,3.176371,-32.582035,-2.207796,2.220286,0.078079,-0.529157,0.125394,0.845557,-0.057527,1.425797,-3.097249,-0.537235,0.088548,0.701220,-1.159793,1.558759,2.248622,5
3478693283361,0.103609,-0.280349,1.675901,-3.195921,-37.729176,-6.237471,0.070385,-0.265630,1.570772,-2.809253,-38.024034,-6.575356,-0.519779,0.124398,-0.572866,0.043665,-0.004746,0.000000,-24.515745,4.405793,-32.203404,-2.120408,2.153473,0.078025,-0.529093,0.125669,0.845863,-0.057031,1.425334,-3.097272,-0.537235,0.088548,0.701220,-1.159793,1.558759,2.248622,5
3478694312033,0.103086,-0.280221,1.675361,-3.195882,-37.729186,-6.237472,0.069888,-0.265505,1.570068,-2.808278,-38.024773,-6.576203,-0.523740,0.128360,-0.563358,0.038919,-0.009492,0.000000,-24.202733,3.239915,-32.792152,-2.236674,2.251553,0.078369,-0.529037,0.125946,0.846132,-0.056616,1.424934,-3.097379,-0.537235,0.088548,0.701220,-1.159793,1.558759,2.248622,5
3478695283391,0.102547,-0.280086,1.674767,-3.195837,-37.729195,-6.237472,0.069391,-0.265379,1.569364,-2.807303,-38.025513,-6.577050,-0.519779,0.129945,-0.568904,0.042716,-0.009492,0.000000,-24.478481,3.057549,-32.660747,-2.201652,2.224500,0.078336,-0.528977,0.126230,0.846431,-0.056127,1.424488,-3.097426,-0.537235,0.088548,0.701220,-1.159793,1.558759,2.248622,5
3478696283300,0.102051,-0.279963,1.674228,-3.195795,-37.729201,-6.237470,0.068895,-0.265254,1.568660,-2.806328,-38.026252,-6.577896,-0.516609,0.128360,-0.563358,0.042716,-0.005695,0.000000,-24.724986,3.173674,-32.797960,-2.225183,2.239543,0.078412,-0.528921,0.126492,0.846703,-0.055663,1.424080,-3.097455,-0.537235,0.088548,0.701220,-1.159793,1.558759,2.248622,5
3478697283148,0.101510,-0.279830,1.673645,-3.195748,-37.729209,-6.237471,0.068398,-0.265129,1.567956,-2.805352,-38.026991,-6.578743,-0.519779,0.127568,-0.560981,0.047462,-0.007594,0.000000,-24.425850,3.242344,-32.852698,-2.231786,2.248667,0.078472,-0.528860,0.126777,0.846995,-0.055183,1.423642,-3.097514,-0.537235,0.088548,0.701220,-1.159793,1.558759,2.248622,5
3478698283446,0.101012,-0.279703,1.673106,-3.195705,-37.729215,-6.237472,0.067902,-0.265004,1.567252,-2.804377,-38.027731,-6.579590,-0.517402,0.131529,-0.564150,0.046513,-0.007594,0.000000,-24.622743,2.492827,-32.943759,-2.240847,2.258533,0.078599,-0.528806,0.127040,0.847264,-0.054744,1.423239,-3.097571,-0.537235,0.088548,0.701220,-1.159793,1.558759,2.248622,5
3478699327365,0.100492,-0.279572,1.672545,-3.195660,-37.729221,-6.237470,0.067405,-0.264878,1.566547,-2.803402,-38.028470,-6.580437,-0.520571,0.131529,-0.560188,0.045564,-0.007594,0.000000,-24.345560,2.356205,-33.084802,-2.259855,2.280543,0.078831,-0.528749,0.127314,0.847544,-0.054264,1.422819,-3.097609,-0.537235,0.088548,0.701220,-1.159793,1.558759,2.248622,5
3478700313010,0.099970,-0.279444,1.671980,-3.195614,-37.729228,-6.237472,0.066908,-0.264753,1.565843,-2.802427,-38.029209,-6.581284,-0.521363,0.128360,-0.564942,0.045564,-0.006645,0.000000,-24.227393,3.202042,-32.694206,-2.158675,2.214034,0.079024,-0.528690,0.127589,0.847828,-0.053810,1.422392,-3.097673,-0.537235,0.088548,0.701220,-1.159793,1.558759,2.248622,5
3478701283489,0.099451,-0.279315,1.671419,-3.195570,-37.729236,-6.237472,0.066412,-0.264628,1.565139,-2.801452,-38.029949,-6.582130,-0.518986,0.128360,-0.561773,0.044615,-0.007594,0.000000,-24.394353,3.064839,-32.819079,-2.176972,2.230436,0.079152,-0.528630,0.127863,0.848110,-0.053353,1.421971,-3.097733,-0.537235,0.088548,0.701220,-1.159793,1.558759,2.248622,5
3478702312028,0.098894,-0.279179,1.670811,-3.195519,-37.729243,-6.237469,0.065915,-0.264503,1.564435,-2.800477,-38.030688,-6.582977,-0.513440,0.129945,-0.560981,0.046513,-0.006645,0.000000,-24.789525,2.653070,-32.937025,-2.198611,2.242699,0.079131,-0.528565,0.128157,0.848416,-0.052828,1.421510,-3.097761,-0.537235,0.088548,0.701220,-1.159793,1.558759,2.248622,5
3478703314111,0.098396,-0.279050,1.670272,-3.195470,-37.729247,-6.237472,0.065419,-0.264378,1.563731,-2.799502,-38.031427,-6.583824,-0.518194,0.129152,-0.563358,0.049361,-0.003797,0.000000,-24.388875,2.912881,-32.785971,-2.154160,2.216286,0.079286,-0.528511,0.128420,0.848683,-0.052371,1.421107,-3.097800,-0.537235,0.088548,0.701220,-1.159793,1.558759,2.248622,5
3478704313763,0.097899,-0.278929,1.669738,-3.195423,-37.729252,-6.237472,0.064922,-0.264252,1.563027,-2.798527,-38.032166,-6.584670,-0.518194,0.125983,-0.555434,0.050310,-0.004746,0.000000,-24.373097,3.286965,-32.939156,-2.181511,2.238885,0.079393,-0.528453,0.128682,0.848951,-0.051923,1.420702,-3.097845,-0.537235,0.088548,0.701220,-1.159793,1.558759,2.248622,5
3478705313427,0.097359,-0.278794,1.669149,-3.195374,-37.729260,-6.237471,0.064426,-0.264127,1.562324,-2.797552,-38.032905,-6.585517,-0.519779,0.128360,-0.564150,0.051259,-0.007594,0.000000,-24.197655,3.089113,-32.699627,-2.114311,2.199429,0.079563,-0.528391,0.128967,0.849246,-0.051426,1.420260,-3.097886,-0.537235,0.088548,0.701220,-1.159793,1.558759,2.248622,5
3478706313406,0.096842,-0.278669,1.668586,-3.195327,-37.729262,-6.237472,0.063929,-0.264002,1.561620,-2.796577,-38.033644,-6.586363,-0.516609,0.125191,-0.563358,0.047462,-0.000000,0.000000,-24.406997,3.744505,-32.512723,-2.058037,2.159890,0.079782,-0.528328,0.129239,0.849531,-0.050972,1.419826,-3.097946,-0.537235,0.088548,0.701220,-1.159793,1.558759,2.248622,5
3478707283054,0.096322,-0.278545,1.668019,-3.195278,-37.729266,-6.237471,0.063433,-0.263877,1.560916,-2.795602,-38.034383,-6.587209,-0.519779,0.123606,-0.566527,0.048412,-0.003797,0.000000,-24.107448,4.209922,-32.280467,-1.993080,2.123349,0.079980,-0.528264,0.129514,0.849819,-0.050490,1.419391,-3.097980,-0.537235,0.088548,0.701220,-1.159793,1.558759,2.248622,5
3478708313272,0.095805,-0.278417,1.667453,-3.195229,-37.729269,-6.237472,0.062937,-0.263752,1.560212,-2.794628,-38.035122,-6.588056,-0.517402,0.128360,-0.566527,0.049361,-0.003797,0.000000,-24.294219,3.173873,-32.545299,-2.045080,2.161614,0.080034,-0.528203,0.129787,0.850104,-0.050024,1.418959,-3.098028,-0.537235,0.088548,0.701220,-1.159793,1.558759,2.248622,5
3478709313493,0.095288,-0.278289,1.666890,-3.195180,-37.729272,-6.237470,0.062440,-0.263626,1.559509,-2.793653,-38.035861,-6.588902,-0.516609,0.127568,-0.563358,0.048412,-0.002848,0.000000,-24.328961,3.220855,-32.613959,-2.049851,2.168850,0.080192,-0.528141,0.130059,0.850388,-0.049549,1.418529,-3.098066,-0.537235,0.088548,0.701220,-1.159793,1.558759,2.248622,5
3478710313701,0.094793,-0.278170,1.666346,-3.195131,-37.729276,-6.237471,0.061944,-0.263501,1.558805,-2.792679,-38.036600,-6.589748,-0.515025,0.124398,-0.566527,0.050310,-0.000000,0.000000,-24.421778,4.002498,-32.302942,-1.971374,2.112604,0.080265,-0.528080,0.130320,0.850663,-0.049093,1.418112,-3.098102,-0.537235,0.088548,0.701220,-1.159793,1.558759,2.248622,5
3478711283870,0.094252,-0.278036,1.665753,-3.195084,-37.729275,-6.237469,0.061448,-0.263376,1.558102,-2.791705,-38.037338,-6.590594,-0.518986,0.125191,-0.566527,0.044615,-0.000000,0.000000,-24.056551,3.877166,-32.283926,-1.945955,2.109216,0.080679,-0.528014,0.130606,0.850964,-0.048620,1.417655,-3.098167,-0.537235,0.088548,0.701220,-1.159793,1.558759,2.248622,5
3478712283451,0.093734,-0.277912,1.665186,-3.195034,-37.729280,-6.237472,0.060952,-0.263251,1.557398,-2.790730,-38.038077,-6.591440,-0.518194,0.124398,-0.567319,0.049361,-0.004746,-0.002848,-24.083379,4.043161,-32.226638,-1.928784,2.099123,0.080712,-0.527950,0.130879,0.851251,-0.048176,1.417220,-3.098238,-0.537235,0.088548,0.701220,-1.159793,1.558759,2.248622,5
3478713283713,0.093221,-0.277791,1.664619,-3.194987,-37.729280,-6.237471,0.060456,-0.263126,1.556695,-2.789756,-38.038815,-6.592286,-0.512648,0.121229,-0.567319,0.047462,-0.000000,0.000000,-24.482614,4.710347,-32.025113,-1.873141,2.057368,0.080777,-0.527883,0.131150,0.851541,-0.047720,1.416776,-3.098291,-0.537235,0.088548,0.701220,-1.159793,1.558759,2.248622,5
3478714283011,0.092724,-0.277672,1.664051,-3.194940,-37.729282,-6.237471,0.059960,-0.263001,1.555992,-2.788782,-38.039554,-6.593131,-0.517402,0.123606,-0.567319,0.047462,-0.000000,0.000000,-24.097973,4.248062,-32.123952,-1.881982,2.073166,0.081009,-0.527818,0.131412,0.851833,-0.047278,1.416333,-3.098343,-0.537235,0.088548,0.701220,-1.159793,1.558759,2.248622,5
3478715320299,0.092204,-0.277550,1.663471,-3.194887,-37.729284,-6.237470,0.059464,-0.262876,1.555289,-2.787809,-38.040292,-6.593977,-0.519779,0.122021,-0.580789,0.053158,-0.000000,0.000000,-23.843125,5.087490,-31.473354,-1.726403,1.965678,0.081065,-0.527749,0.131687,0.852130,-0.046787,1.415879,-3.098368,-0.537235,0.088548,0.701220,-1.159793,1.558759,2.248622,5
3478716314465,0.091689,-0.277426,1.662916,-3.194838,-37.729281,-6.237470,0.058968,-0.262751,1.554586,-2.786835,-38.041030,-6.594822,-0.515817,0.123606,-0.580789,0.049361,0.002848,0.000000,-24.137272,4.746088,-31.536703,-1.727392,1.968819,0.081250,-0.527684,0.131958,0.852411,-0.046337,1.415448,-3.098430,-0.537235,0.088548,0.701220,-1.159793,1.558759,2.248622,5
3478717313261,0.091170,-0.277300,1.662336,-3.194786,-37.729281,-6.237470,0.058472,-0.262626,1.553883,-2.785862,-38.041768,-6.595668,-0.518194,0.125983,-0.579997,0.051259,-0.000000,0.000000,-23.926881,4.215810,-31.690017,-1.752726,1.993741,0.081375,-0.527618,0.132232,0.852707,-0.045871,1.414997,-3.098478,-0.537235,0.088548,0.701220,-1.159793,1.558759,2.248622,5
3478718287836,0.090633,-0.277167,1.661704,-3.194738,-37.729280,-6.237471,0.057977,-0.262501,1.553180,-2.784888,-38.042506,-6.596513,-0.517402,0.128360,-0.580789,0.048412,0.002848,0.000000,-23.950653,3.760386,-31.732202,-1.747814,1.995517,0.081596,-0.527546,0.132515,0.853032,-0.045417,1.414500,-3.098558,-0.537235,0.088548,0.701220,-1.159793,1.558759,2.248622,5
3478719313410,0.090117,-0.277041,1.661147,-3.194687,-37.729280,-6.237472,0.057481,-0.262376,1.552477,-2.783915,-38.043244,-6.597358,-0.516609,0.125983,-0.579997,0.051259,-0.000000,0.000000,-23.970131,4.210902,-31.640986,-1.720897,1.979004,0.081645,-0.527481,0.132787,0.853312,-0.044970,1.414072,-3.098623,-0.537235,0.088548,0.701220,-1.159793,1.558759,2.248622,5
3478720314020,0.089601,-0.276920,1.660560,-3.194637,-37.729279,-6.237472,0.056986,-0.262251,1.551775,-2.782942,-38.043982,-6.598203,-0.515817,0.121229,-0.587920,0.049361,-0.000000,0.000000,-23.960253,5.538968,-31.008999,-1.562564,1.873044,0.081880,-0.527410,0.133060,0.853616,-0.044519,1.413607,-3.098685,-0.537235,0.088548,0.701220,-1.159793,1.558759,2.248622,5
3478721313317,0.089106,-0.276798,1.659975,-3.194591,-37.729275,-6.237472,0.056490,-0.262126,1.551072,-2.781969,-38.044719,-6.599048,-0.513440,0.125983,-0.584751,0.050310,0.002848,0.000000,-24.165246,4.407659,-31.387140,-1.641416,1.927991,0.081917,-0.527342,0.133321,0.853918,-0.044090,1.413143,-3.098747,-0.537235,0.088548,0.701220,-1.159793,1.558759,2.248622,5
3478722313278,0.088566,-0.276666,1.659383,-3.194543,-37.729276,-6.237472,0.055995,-0.262001,1.550370,-2.780997,-38.045457,-6.599892,-0.518194,0.127568,-0.591882,0.049361,-0.000000,0.000000,-23.726833,4.358002,-31.144330,-1.569238,1.890071,0.082215,-0.527273,0.133605,0.854218,-0.043660,1.412687,-3.098853,-0.537235,0.088548,0.701220,-1.159793,1.558759,2.248622,5
3478723283241,0.088049,-0.276543,1.658789,-3.194494,-37.729276,-6.237470,0.055500,-0.261876,1.549668,-2.780024,-38.046194,-6.600737,-0.517402,0.122814,-0.593467,0.049361,-0.000000,0.000000,-23.725227,5.444099,-30.780920,-1.476002,1.827920,0.082371,-0.527202,0.133878,0.854523,-0.043205,1.412220,-3.098912,-0.537235,0.088548,0.701220,-1.159793,1.558759,2.248622,5
3478724326079,0.087540,-0.276416,1.658194,-3.194439,-37.729274,-6.237471,0.055005,-0.261751,1.548966,-2.779052,-38.046931,-6.601581,-0.508686,0.126775,-0.595051,0.055056,-0.000000,0.000000,-24.414847,4.584746,-30.966502,-1.520565,1.849283,0.082141,-0.527133,0.134147,0.854828,-0.042735,1.411752,-3.098946,-0.537235,0.088548,0.701220,-1.159793,1.558759,2.248622,5
3478725314031,0.087018,-0.276293,1.657603,-3.194390,-37.729275,-6.237471,0.054510,-0.261627,1.548264,-2.778080,-38.047668,-6.602425,-0.522156,0.122814,-0.591090,0.049361,-0.000000,0.000000,-23.276963,5.411469,-30.804250,-1.457377,1.828887,0.082759,-0.527060,0.134422,0.855131,-0.042298,1.411288,-3.099028,-0.537235,0.088548,0.701220,-1.159793,1.558759,2.248622,5
3478726313224,0.086526,-0.276174,1.657009,-3.194335,-37.729276,-6.237470,0.054015,-0.261502,1.547563,-2.777108,-38.048405,-6.603269,-0.515817,0.125191,-0.594259,0.057904,-0.002848,0.000000,-23.777246,4.962653,-30.844047,-1.470874,1.829637,0.082493,-0.526989,0.134682,0.855438,-0.041820,1.410816,-3.099038,-0.537235,0.088548,0.701220,-1.159793,1.558759,2.248622,5
3478727282960,0.085985,-0.276046,1.656383,-3.194281,-37.729272,-6.237471,0.053520,-0.261377,1.546861,-2.776136,-38.049141,-6.604112,-0.518194,0.122814,-0.599806,0.054107,0.004746,0.000000,-23.506526,5.743265,-30.391888,-1.349263,1.750628,0.082840,-0.526912,0.134967,0.855762,-0.041356,1.410317,-3.099110,-0.537235,0.088548,0.701220,-1.159793,1.558759,2.248622,5
3478728283067,0.085472,-0.275920,1.655821,-3.194225,-37.729277,-6.237471,0.053025,-0.261252,1.546160,-2.775165,-38.049878,-6.604956,-0.513440,0.125983,-0.587920,0.056005,-0.004746,0.000000,-23.890604,4.561777,-31.095482,-1.507158,1.864634,0.082784,-0.526846,0.135237,0.856043,-0.040896,1.409889,-3.099159,-0.537235,0.088548,0.701220,-1.159793,1.558759,2.248622,5
3478729283286,0.084961,-0.275797,1.655227,-3.194170,-37.729281,-6.237470,0.052531,-0.261127,1.545459,-2.774194,-38.050614,-6.605799,-0.511063,0.122814,-0.594259,0.054107,-0.003797,0.000000,-24.018672,5.486838,-30.617650,-1.385464,1.782246,0.082972,-0.526774,0.135507,0.856347,-0.040435,1.409424,-3.099204,-0.537235,0.088548,0.701220,-1.159793,1.558759,2.248622,5
3478730294690,0.084469,-0.275677,1.654665,-3.194111,-37.729284,-6.237469,0.052036,-0.261003,1.544758,-2.773223,-38.051350,-6.606642,-0.512648,0.124398,-0.587920,0.061701,-0.004746,0.003797,-23.894388,4.896751,-30.984859,-1.469386,1.840335,0.082815,-0.526706,0.135766,0.856631,-0.039949,1.408989,-3.099205,-0.537235,0.088548,0.701220,-1.159793,1.558759,2.248622,5
3478731325476,0.083954,-0.275548,1.654050,-3.194050,-37.729289,-6.237470,0.051542,-0.260878,1.544057,-2.772252,-38.052086,-6.607485,-0.515025,0.128360,-0.587128,0.060752,-0.005695,0.000000,-23.688326,4.047748,-31.196139,-1.504215,1.873580,0.083083,-0.526634,0.136038,0.856943,-0.039460,1.408511,-3.099227,-0.537235,0.088548,0.701220,-1.159793,1.558759,2.248622,5
3478732313324,0.083441,-0.275426,1.653466,-3.193984,-37.729292,-6.237472,0.051048,-0.260754,1.543356,-2.771282,-38.052822,-6.608328,-0.512648,0.122021,-0.583959,0.065498,-0.002848,0.000000,-23.814118,5.273544,-30.961081,-1.449111,1.829991,0.083039,-0.526562,0.136308,0.857239,-0.038957,1.408055,-3.099231,-0.537235,0.088548,0.701220,-1.159793,1.558759,2.248622,5
3478733313414,0.082924,-0.275302,1.652911,-3.193917,-37.729299,-6.237472,0.050554,-0.260629,1.542656,-2.770312,-38.053557,-6.609170,-0.517402,0.124398,-0.579205,0.067396,-0.005695,0.000000,-23.414880,4.601472,-31.279245,-1.511583,1.883347,0.083199,-0.526494,0.136580,0.857514,-0.038449,1.407633,-3.099234,-0.537235,0.088548,0.701220,-1.159793,1.558759,2.248622,5
3478734283292,0.082367,-0.275164,1.652285,-3.193844,-37.729306,-6.237470,0.050060,-0.260504,1.541956,-2.769342,-38.054292,-6.610012,-0.512648,0.125983,-0.578412,0.068346,-0.008543,0.000000,-23.733098,4.188610,-31.391795,-1.531332,1.897766,0.083210,-0.526420,0.136874,0.857826,-0.037871,1.407156,-3.099208,-0.537235,0.088548,0.701220,-1.159793,1.558759,2.248622,5
3478735314012,0.081875,-0.275042,1.651739,-3.193767,-37.729315,-6.237471,0.049566,-0.260380,1.541255,-2.768373,-38.055027,-6.610854,-0.511063,0.126775,-0.570489,0.076889,-0.008543,0.000000,-23.860566,3.673992,-31.799775,-1.628648,1.960177,0.083009,-0.526355,0.137132,0.858094,-0.037313,1.406744,-3.099134,-0.537235,0.088548,0.701220,-1.159793,1.558759,2.248622,5
3478736313537,0.081356,-0.274918,1.651163,-3.193692,-37.729320,-6.237471,0.049072,-0.260255,1.540556,-2.767403,-38.055762,-6.611696,-0.518986,0.124398,-0.576035,0.074990,-0.004746,0.000000,-23.159598,4.464776,-31.366540,-1.510576,1.889805,0.083405,-0.526284,0.137406,0.858382,-0.036757,1.406300,-3.099090,-0.537235,0.088548,0.701220,-1.159793,1.558759,2.248622,5
3478737313213,0.080865,-0.274793,1.650597,-3.193617,-37.729326,-6.237471,0.048579,-0.260131,1.539856,-2.766434,-38.056497,-6.612537,-0.514232,0.129152,-0.565735,0.079737,-0.006645,0.000000,-23.564926,3.003087,-32.088812,-1.677006,2.002226,0.083237,-0.526218,0.137664,0.858662,-0.036206,1.405869,-3.099023,-0.537235,0.088548,0.701220,-1.159793,1.558759,2.248622,5
3478738313353,0.080327,-0.274660,1.650031,-3.193534,-37.729340,-6.237472,0.048086,-0.260007,1.539157,-2.765466,-38.057231,-6.613378,-0.516609,0.126775,-0.566527,0.079737,-0.008543,0.000000,-23.301532,3.537716,-31.902109,-1.622481,1.972094,0.083444,-0.526150,0.137947,0.858935,-0.035621,1.405452,-3.098969,-0.537235,0.088548,0.701220,-1.159793,1.558759,2.248622,5
3478739313581,0.079813,-0.274533,1.649474,-3.193444,-37.729352,-6.237472,0.047593,-0.259882,1.538457,-2.764497,-38.057965,-6.614219,-0.514232,0.126775,-0.557019,0.090178,-0.012340,0.000000,-23.471071,3.105585,-32.348911,-1.732182,2.042835,0.083166,-0.526083,0.138217,0.859204,-0.034995,1.405038,-3.098849,-0.537235,0.088548,0.701220,-1.159793,1.558759,2.248622,5
3478740313346,0.079300,-0.274403,1.648918,-3.193358,-37.729362,-6.237471,0.047100,-0.259758,1.537758,-2.763529,-38.058699,-6.615060,-0.512648,0.129945,-0.556227,0.086381,-0.010442,0.000000,-23.577290,2.387970,-32.533698,-1.760575,2.067923,0.083374,-0.526018,0.138487,0.859472,-0.034378,1.404625,-3.098737,-0.537235,0.088548,0.701220,-1.159793,1.558759,2.248622,5
3478741283296,0.078779,-0.274274,1.648361,-3.193265,-37.729374,-6.237472,0.046607,-0.259634,1.537060,-2.762561,-38.059433,-6.615900,-0.521363,0.129152,-0.556227,0.093026,-0.011391,0.000000,-22.830035,2.571654,-32.481567,-1.741607,2.062605,0.083488,-0.525952,0.138761,0.859739,-0.033741,1.404213,-3.098613,-0.537235,0.088548,0.701220,-1.159793,1.558759,2.248622,5
3478742314558,0.078263,-0.274144,1.647817,-3.193175,-37.729383,-6.237472,0.046114,-0.259509,1.536361,-2.761594,-38.060167,-6.616740,-0.515817,0.130737,-0.544341,0.090178,-0.009492,0.000000,-23.261344,1.741189,-33.056747,-1.865505,2.149169,0.083555,-0.525888,0.139032,0.859999,-0.033122,1.403812,-3.098501,-0.537235,0.088548,0.701220,-1.159793,1.558759,2.248622,5
3478743283202,0.077748,-0.274010,1.647266,-3.193081,-37.729397,-6.237472,0.045622,-0.259385,1.535663,-2.760627,-38.060900,-6.617580,-0.515025,0.133114,-0.551472,0.093975,-0.013289,0.000000,-23.284912,1.442863,-32.921117,-1.828968,2.125751,0.083561,-0.525824,0.139302,0.860260,-0.032483,1.403411,-3.098368,-0.537235,0.088548,0.701220,-1.159793,1.558759,2.248622,5
3478744283234,0.077254,-0.273885,1.646738,-3.192987,-37.729409,-6.237473,0.045129,-0.259261,1.534965,-2.759660,-38.061633,-6.618419,-0.516609,0.130737,-0.550680,0.097772,-0.016137,0.000000,-23.122129,1.892584,-32.836026,-1.804125,2.111952,0.083611,-0.525763,0.139561,0.860510,-0.031862,1.403025,-3.098231,-0.537235,0.088548,0.701220,-1.159793,1.558759,2.248622,5
3478745283116,0.076716,-0.273751,1.646172,-3.192888,-37.729422,-6.237472,0.044637,-0.259137,1.534267,-2.758694,-38.062365,-6.619258,-0.516609,0.129945,-0.543549,0.096823,-0.013289,0.000000,-23.067861,1.784612,-33.058778,-1.845303,2.144338,0.083762,-0.525695,0.139844,0.860779,-0.031187,1.402610,-3.098086,-0.537235,0.088548,0.701220,-1.159793,1.558759,2.248622,5
3478746283282,0.076224,-0.273627,1.645644,-3.192792,-37.729432,-6.237472,0.044145,-0.259013,1.533570,-2.757728,-38.063098,-6.620097,-0.514232,0.127568,-0.550680,0.097772,-0.009492,0.000000,-23.208131,2.538968,-32.627158,-1.738938,2.067895,0.083836,-0.525631,0.140103,0.861030,-0.030548,1.402218,-3.097930,-0.537235,0.088548,0.701220,-1.159793,1.558759,2.248622,5
3478747283055,0.075710,-0.273495,1.645068,-3.192695,-37.729446,-6.237472,0.043653,-0.258889,1.532872,-2.756762,-38.063830,-6.620936,-0.513440,0.132322,-0.552265,0.096823,-0.014239,0.000000,-23.251899,1.548119,-32.825911,-1.773502,2.099384,0.083969,-0.525564,0.140372,0.861307,-0.029900,1.401792,-3.097786,-0.537235,0.088548,0.701220,-1.159793,1.558759,2.248622,5
3478748284185,0.075198,-0.273366,1.644525,-3.192597,-37.729456,-6.237470,0.043162,-0.258765,1.532175,-2.755796,-38.064562,-6.621774,-0.512648,0.129152,-0.543549,0.098722,-0.010442,0.000000,-23.271337,1.877509,-32.998102,-1.808138,2.122612,0.084009,-0.525499,0.140641,0.861565,-0.029239,1.401392,-3.097627,-0.537235,0.088548,0.701220,-1.159793,1.558759,2.248622,5
3478749283066,0.074683,-0.273236,1.643973,-3.192495,-37.729468,-6.237470,0.042670,-0.258641,1.531479,-2.754832,-38.065293,-6.622612,-0.514232,0.129945,-0.552265,0.101569,-0.011391,0.000000,-23.090105,2.013588,-32.683569,-1.727676,2.070078,0.084105,-0.525432,0.140911,0.861827,-0.028573,1.400984,-3.097466,-0.537235,0.088548,0.701220,-1.159793,1.558759,2.248622,5
3478750283203,0.074169,-0.273106,1.643438,-3.192395,-37.729480,-6.237471,0.042179,-0.258517,1.530782,-2.753867,-38.066025,-6.623450,-0.514232,0.129945,-0.557811,0.099671,-0.012340,0.000000,-23.035636,2.203715,-32.443896,-1.659718,2.029014,0.084314,-0.525368,0.141181,0.862078,-0.027931,1.400594,-3.097328,-0.537235,0.088548,0.701220,-1.159793,1.558759,2.248622,5
3478751283068,0.073656,-0.272980,1.642857,-3.192298,-37.729491,-6.237473,0.041688,-0.258393,1.530086,-2.752903,-38.066756,-6.624287,-0.512648,0.125983,-0.557811,0.097772,-0.010442,-0.002848,-23.094724,3.061694,-32.180944,-1.588712,1.982165,0.084534,-0.525296,0.141451,0.862362,-0.027305,1.400153,-3.097205,-0.537235,0.088548,0.701220,-1.159793,1.558759,2.248622,5
3478752283300,0.073143,-0.272853,1.642321,-3.192199,-37.729497,-6.237471,0.041197,-0.258269,1.529390,-2.751939,-38.067487,-6.625124,-0.513440,0.126775,-0.561773,0.098722,-0.006645,0.002848,-22.984513,3.033028,-32.048388,-1.548853,1.956114,0.084569,-0.525229,0.141720,0.862617,-0.026650,1.399753,-3.097054,-0.537235,0.088548,0.701220,-1.159793,1.558759,2.248622,5
3478753283118,0.072633,-0.272725,1.641731,-3.192104,-37.729507,-6.237472,0.040707,-0.258146,1.528694,-2.750975,-38.068217,-6.625960,-0.510270,0.128360,-0.564942,0.094925,-0.010442,0.000000,-23.196336,2.797154,-31.982322,-1.520686,1.942962,0.084802,-0.525156,0.141988,0.862906,-0.026035,1.399304,-3.096940,-0.537235,0.088548,0.701220,-1.159793,1.558759,2.248622,5
3478754283288,0.072122,-0.272595,1.641190,-3.192006,-37.729512,-6.237471,0.040216,-0.258022,1.527999,-2.750012,-38.068947,-6.626797,-0.510270,0.129152,-0.565735,0.097772,-0.005695,0.000000,-23.157433,2.633930,-31.989259,-1.516385,1.938581,0.084839,-0.525090,0.142256,0.863164,-0.025403,1.398901,-3.096808,-0.537235,0.088548,0.701220,-1.159793,1.558759,2.248622,5
3478755283272,0.071611,-0.272470,1.640596,-3.191905,-37.729520,-6.237472,0.039726,-0.257898,1.527304,-2.749050,-38.069677,-6.627632,-0.511063,0.125191,-0.567319,0.101569,-0.007594,0.000000,-23.023681,3.543096,-31.682860,-1.441089,1.888157,0.084886,-0.525014,0.142524,0.863456,-0.024755,1.398443,-3.096660,-0.537235,0.088548,0.701220,-1.159793,1.558759,2.248622,5
3478756283047,0.071096,-0.272343,1.640050,-3.191807,-37.729526,-6.237470,0.039236,-0.257775,1.526609,-2.748088,-38.070406,-6.628468,-0.515025,0.127568,-0.570489,0.097772,-0.005695,0.000000,-22.665163,3.181125,-31.641573,-1.413266,1.879827,0.085228,-0.524945,0.142795,0.863717,-0.024123,1.398033,-3.096533,-0.537235,0.088548,0.701220,-1.159793,1.558759,2.248622,5
3478757283290,0.070585,-0.272216,1.639450,-3.191710,-37.729529,-6.237472,0.038746,-0.257651,1.525915,-2.747126,-38.071135,-6.629303,-0.511855,0.126775,-0.574450,0.096823,-0.003797,0.000000,-22.859501,3.497716,-31.398317,-1.348490,1.834813,0.085334,-0.524869,0.143064,0.864015,-0.023512,1.397565,-3.096424,-0.537235,0.088548,0.701220,-1.159793,1.558759,2.248622,5
3478758283009,0.070072,-0.272094,1.638901,-3.191612,-37.729533,-6.237471,0.038257,-0.257528,1.525221,-2.746165,-38.071864,-6.630138,-0.512648,0.122021,-0.573658,0.097772,-0.003797,0.000000,-22.723215,4.495557,-31.141146,-1.281004,1.791479,0.085470,-0.524796,0.143333,0.864282,-0.022890,1.397145,-3.096305,-0.537235,0.088548,0.701220,-1.159793,1.558759,2.248622,5
3478759283313,0.069561,-0.271969,1.638299,-3.191510,-37.729540,-6.237472,0.037767,-0.257405,1.524527,-2.745204,-38.072593,-6.630972,-0.511063,0.124398,-0.576827,0.102519,-0.006645,0.000000,-22.810750,4.079030,-31.146066,-1.279566,1.790056,0.085412,-0.524718,0.143601,0.864580,-0.022254,1.396676,-3.096169,-0.537235,0.088548,0.701220,-1.159793,1.558759,2.248622,5
3478760283012,0.069049,-0.271843,1.637737,-3.191411,-37.729541,-6.237470,0.037278,-0.257281,1.523834,-2.744243,-38.073321,-6.631806,-0.511855,0.126775,-0.586336,0.098722,-0.000000,0.002848,-22.694963,3.954698,-30.834100,-1.191263,1.732971,0.085653,-0.524646,0.143870,0.864853,-0.021621,1.396244,-3.096037,-0.537235,0.088548,0.701220,-1.159793,1.558759,2.248622,5
3478761283256,0.068539,-0.271721,1.637139,-3.191311,-37.729550,-6.237471,0.036789,-0.257158,1.523141,-2.743283,-38.074049,-6.632640,-0.510270,0.121229,-0.575243,0.099671,-0.009492,0.000000,-22.761183,4.717967,-30.966431,-1.216507,1.757486,0.085758,-0.524566,0.144138,0.865149,-0.021003,1.395779,-3.095918,-0.537235,0.088548,0.701220,-1.159793,1.558759,2.248622,5
3478762283287,0.068021,-0.271597,1.636582,-3.191213,-37.729552,-6.237471,0.036301,-0.257035,1.522448,-2.742324,-38.074776,-6.633473,-0.517402,0.124398,-0.579205,0.098722,-0.000000,0.000000,-22.147775,4.251904,-30.914893,-1.187492,1.744752,0.086078,-0.524492,0.144409,0.865420,-0.020393,1.395352,-3.095815,-0.537235,0.088548,0.701220,-1.159793,1.558759,2.248622,5
3478763320206,0.067509,-0.271471,1.635975,-3.191110,-37.729556,-6.237471,0.035812,-0.256912,1.521755,-2.741365,-38.075503,-6.634306,-0.511855,0.125983,-0.580789,0.102519,-0.003797,0.000000,-22.547922,3.920530,-30.948718,-1.194866,1.746456,0.085958,-0.524413,0.144678,0.865721,-0.019759,1.394876,-3.095682,-0.537235,0.088548,0.701220,-1.159793,1.558759,2.248622,5
3478764316603,0.066998,-0.271349,1.635411,-3.191007,-37.729562,-6.237470,0.035324,-0.256788,1.521063,-2.740406,-38.076230,-6.635138,-0.511855,0.122021,-0.586336,0.103468,-0.005695,0.000000,-22.465121,4.985566,-30.475328,-1.077458,1.668471,0.086091,-0.524337,0.144947,0.865996,-0.019122,1.394443,-3.095546,-0.537235,0.088548,0.701220,-1.159793,1.558759,2.248622,5
3478765313254,0.066489,-0.271222,1.634807,-3.190902,-37.729564,-6.237472,0.034836,-0.256665,1.520371,-2.739448,-38.076956,-6.635970,-0.508686,0.126775,-0.579997,0.104417,-0.000000,-0.002848,-22.708322,3.711774,-30.976751,-1.187602,1.741898,0.086122,-0.524259,0.145214,0.866295,-0.018501,1.393969,-3.095422,-0.537235,0.088548,0.701220,-1.159793,1.558759,2.248622,5
3478766314041,0.065957,-0.271091,1.634220,-3.190787,-37.729569,-6.237472,0.034349,-0.256542,1.519680,-2.738491,-38.077682,-6.636801,-0.512648,0.127568,-0.587128,0.109163,-0.005695,0.000000,-22.316534,3.798689,-30.723622,-1.122136,1.703613,0.086164,-0.524183,0.145493,0.866577,-0.017811,1.393521,-3.095252,-0.537235,0.088548,0.701220,-1.159793,1.558759,2.248622,5
3478767283245,0.065442,-0.270962,1.633608,-3.190680,-37.729570,-6.237471,0.033861,-0.256420,1.518989,-2.737533,-38.078408,-6.637632,-0.515025,0.128360,-0.587128,0.107265,-0.002848,0.000000,-22.074684,3.666483,-30.704699,-1.103890,1.697722,0.086405,-0.524103,0.145763,0.866879,-0.017154,1.393041,-3.095097,-0.537235,0.088548,0.701220,-1.159793,1.558759,2.248622,5
3478768314144,0.064932,-0.270837,1.633044,-3.190568,-37.729578,-6.237472,0.033374,-0.256297,1.518298,-2.736577,-38.079133,-6.638463,-0.510270,0.125191,-0.587920,0.112011,-0.007594,0.000000,-22.385719,4.318661,-30.516473,-1.061661,1.665034,0.086286,-0.524028,0.146030,0.867150,-0.016500,1.392612,-3.094941,-0.537235,0.088548,0.701220,-1.159793,1.558759,2.248622,5
3478769313857,0.064426,-0.270712,1.632453,-3.190454,-37.729581,-6.237471,0.032887,-0.256174,1.517608,-2.735621,-38.079858,-6.639293,-0.505516,0.125191,-0.590297,0.113909,-0.002848,0.000000,-22.713837,4.387176,-30.398744,-1.031600,1.637916,0.086245,-0.523951,0.146296,0.867439,-0.015814,1.392152,-3.094748,-0.537235,0.088548,0.701220,-1.159793,1.558759,2.248622,5
3478770313850,0.063938,-0.270593,1.631863,-3.190345,-37.729584,-6.237472,0.032401,-0.256051,1.516918,-2.734665,-38.080583,-6.640123,-0.507893,0.124398,-0.590297,0.113909,-0.002848,0.000000,-22.483252,4.595419,-30.307590,-0.999663,1.621993,0.086425,-0.523872,0.146552,0.867732,-0.015174,1.391685,-3.094584,-0.537235,0.088548,0.701220,-1.159793,1.558759,2.248622,5
3478771313179,0.063406,-0.270467,1.631272,-3.190223,-37.729589,-6.237471,0.031914,-0.255929,1.516228,-2.733710,-38.081307,-6.640952,-0.511855,0.121229,-0.591090,0.116757,-0.004746,0.000000,-22.075856,5.331609,-30.060496,-0.934251,1.583255,0.086570,-0.523791,0.146831,0.868018,-0.014454,1.391228,-3.094383,-0.537235,0.088548,0.701220,-1.159793,1.558759,2.248622,5
3478772326052,0.062900,-0.270343,1.630686,-3.190110,-37.729596,-6.237471,0.031428,-0.255806,1.515539,-2.732756,-38.082030,-6.641781,-0.506309,0.124398,-0.586336,0.112960,-0.006645,0.000000,-22.494322,4.443921,-30.415205,-1.006536,1.636238,0.086663,-0.523713,0.147096,0.868303,-0.013796,1.390774,-3.094218,-0.537235,0.088548,0.701220,-1.159793,1.558759,2.248622,5
3478773312946,0.062392,-0.270215,1.630093,-3.189989,-37.729600,-6.237470,0.030942,-0.255683,1.514850,-2.731802,-38.082754,-6.642610,-0.507893,0.127568,-0.592674,0.120554,-0.003797,0.000000,-22.323774,3.985383,-30.329176,-0.985500,1.618369,0.086582,-0.523635,0.147363,0.868591,-0.013094,1.390315,-3.094010,-0.537235,0.088548,0.701220,-1.159793,1.558759,2.248622,5
3478774314013,0.061882,-0.270091,1.629502,-3.189863,-37.729606,-6.237471,0.030457,-0.255561,1.514162,-2.730848,-38.083476,-6.643437,-0.509478,0.124398,-0.591090,0.126250,-0.006645,0.000000,-22.128392,4.602778,-30.203858,-0.954405,1.598548,0.086567,-0.523556,0.147630,0.868877,-0.012375,1.389856,-3.093787,-0.537235,0.088548,0.701220,-1.159793,1.558759,2.248622,5
3478775283089,0.061377,-0.269964,1.628887,-3.189736,-37.729610,-6.237471,0.029971,-0.255439,1.513474,-2.729895,-38.084199,-6.644265,-0.505516,0.126775,-0.591090,0.127199,-0.003797,0.000000,-22.406517,4.074667,-30.311021,-0.974629,1.609411,0.086552,-0.523475,0.147895,0.869177,-0.011648,1.389374,-3.093550,-0.537235,0.088548,0.701220,-1.159793,1.558759,2.248622,5
3478776283355,0.060868,-0.269837,1.628328,-3.189607,-37.729615,-6.237470,0.029486,-0.255316,1.512786,-2.728943,-38.084921,-6.645092,-0.508686,0.126775,-0.583959,0.128148,-0.004746,0.000000,-22.112186,3.807758,-30.581485,-1.027400,1.653467,0.086698,-0.523401,0.148161,0.869442,-0.010918,1.388948,-3.093314,-0.537235,0.088548,0.701220,-1.159793,1.558759,2.248622,5
3478777282968,0.060363,-0.269712,1.627741,-3.189472,-37.729622,-6.237472,0.029002,-0.255194,1.512099,-2.727991,-38.085642,-6.645918,-0.504724,0.125191,-0.586336,0.135742,-0.006645,0.000000,-22.365226,4.184951,-30.413669,-0.993390,1.622794,0.086491,-0.523323,0.148425,0.869723,-0.010165,1.388495,-3.093050,-0.537235,0.088548,0.701220,-1.159793,1.558759,2.248622,5
3478778283259,0.059878,-0.269589,1.627162,-3.189342,-37.729632,-6.237472,0.028517,-0.255072,1.511412,-2.727040,-38.086364,-6.646744,-0.506309,0.128360,-0.579205,0.135742,-0.008543,0.000000,-22.232566,3.233761,-30.863298,-1.087487,1.695153,0.086610,-0.523248,0.148679,0.870000,-0.009436,1.388050,-3.092791,-0.537235,0.088548,0.701220,-1.159793,1.558759,2.248622,5
3478779319079,0.059372,-0.269460,1.626601,-3.189209,-37.729637,-6.237471,0.028033,-0.254950,1.510726,-2.726089,-38.087084,-6.647570,-0.506309,0.129152,-0.583959,0.132894,-0.004746,0.000000,-22.173803,3.250164,-30.670633,-1.029973,1.659126,0.086830,-0.523175,0.148944,0.870264,-0.008692,1.387625,-3.092538,-0.537235,0.088548,0.701220,-1.159793,1.558759,2.248622,5
3478780314189,0.058865,-0.269331,1.626024,-3.189063,-37.729641,-6.237471,0.027549,-0.254828,1.510040,-2.725139,-38.087805,-6.648395,-0.507101,0.129152,-0.577620,0.146184,-0.003797,0.000000,-22.070702,2.949301,-30.965080,-1.107015,1.704476,0.086515,-0.523099,0.149209,0.870536,-0.007884,1.387181,-3.092220,-0.537235,0.088548,0.701220,-1.159793,1.558759,2.248622,5
3478781314137,0.058362,-0.269201,1.625425,-3.188920,-37.729649,-6.237472,0.027066,-0.254706,1.509355,-2.724190,-38.088524,-6.649219,-0.503139,0.129945,-0.572866,0.142387,-0.007594,0.000000,-22.345961,2.572431,-31.178768,-1.146498,1.737039,0.086643,-0.523022,0.149473,0.870820,-0.007105,1.386723,-3.091927,-0.537235,0.088548,0.701220,-1.159793,1.558759,2.248622,5
3478782314275,0.057836,-0.269065,1.624826,-3.188765,-37.729660,-6.237471,0.026583,-0.254584,1.508669,-2.723241,-38.089244,-6.650043,-0.504724,0.132322,-0.575243,0.147133,-0.008543,0.000000,-22.157563,2.121328,-31.207651,-1.149080,1.740547,0.086641,-0.522945,0.149748,0.871100,-0.006254,1.386270,-3.091584,-0.537235,0.088548,0.701220,-1.159793,1.558759,2.248622,5
3478783313464,0.057330,-0.268936,1.624281,-3.188610,-37.729666,-6.237472,0.026100,-0.254462,1.507985,-2.722292,-38.089963,-6.650867,-0.505516,0.129152,-0.568112,0.155676,-0.006645,0.000000,-22.036772,2.488365,-31.337274,-1.182375,1.759169,0.086488,-0.522874,0.150012,0.871348,-0.005414,1.385863,-3.091231,-0.537235,0.088548,0.701220,-1.159793,1.558759,2.248622,5
3478784325645,0.056823,-0.268807,1.623711,-3.188455,-37.729674,-6.237470,0.025617,-0.254341,1.507301,-2.721345,-38.090681,-6.651689,-0.507101,0.129152,-0.570489,0.154727,-0.007594,0.000000,-21.847382,2.581001,-31.207800,-1.141224,1.737270,0.086676,-0.522800,0.150277,0.871613,-0.004567,1.385430,-3.090873,-0.537235,0.088548,0.701220,-1.159793,1.558759,2.248622,5
3478785283172,0.056322,-0.268676,1.623144,-3.188299,-37.729682,-6.237471,0.025135,-0.254219,1.506617,-2.720398,-38.091399,-6.652512,-0.500762,0.130737,-0.566527,0.155676,-0.008543,0.000000,-22.318042,2.015752,-31.473415,-1.201358,1.775186,0.086585,-0.522728,0.150539,0.871874,-0.003734,1.385004,-3.090522,-0.537235,0.088548,0.701220,-1.159793,1.558759,2.248622,5
3478786313008,0.055818,-0.268542,1.622584,-3.188142,-37.729692,-6.237471,0.024653,-0.254097,1.505933,-2.719451,-38.092117,-6.653334,-0.504724,0.134699,-0.560188,0.157575,-0.009492,0.000000,-21.980546,0.894175,-31.950144,-1.302274,1.852653,0.086695,-0.522658,0.150802,0.872128,-0.002891,1.384589,-3.090165,-0.537235,0.088548,0.701220,-1.159793,1.558759,2.248622,5
3478787313346,0.055313,-0.268414,1.622001,-3.187974,-37.729701,-6.237471,0.024171,-0.253976,1.505251,-2.718506,-38.092834,-6.654155,-0.504724,0.127568,-0.560188,0.168016,-0.009492,0.000000,-21.883972,2.401761,-31.550517,-1.216587,1.786424,0.086495,-0.522581,0.151066,0.872399,-0.001996,1.384143,-3.089754,-0.537235,0.088548,0.701220,-1.159793,1.558759,2.248622,5
3478788283158,0.054833,-0.268282,1.621468,-3.187813,-37.729710,-6.237471,0.023690,-0.253855,1.504568,-2.717560,-38.093550,-6.654976,-0.501555,0.134699,-0.556227,0.167067,-0.009492,0.000000,-22.148977,0.637605,-32.135994,-1.344990,1.876596,0.086511,-0.522517,0.151317,0.872637,-0.001146,1.383751,-3.089365,-0.537235,0.088548,0.701220,-1.159793,1.558759,2.248622,5
3478789283081,0.054308,-0.268146,1.620910,-3.187637,-37.729720,-6.237470,0.023209,-0.253733,1.503886,-2.716616,-38.094267,-6.655796,-0.502347,0.131529,-0.557811,0.171813,-0.010442,0.002848,-21.991594,1.342890,-31.891103,-1.286150,1.836089,0.086459,-0.522445,0.151590,0.872886,-0.000209,1.383340,-3.088931,-0.537235,0.088548,0.701220,-1.159793,1.558759,2.248622,5
3478790314392,0.053804,-0.268016,1.620352,-3.187463,-37.729729,-6.237471,0.022728,-0.253612,1.503205,-2.715672,-38.094982,-6.656615,-0.503932,0.130737,-0.557811,0.173712,-0.008543,0.000000,-21.802478,1.501226,-31.825618,-1.264205,1.823126,0.086589,-0.522373,0.151853,0.873138,0.000698,1.382921,-3.088507,-0.537235,0.088548,0.701220,-1.159793,1.558759,2.248622,5
3478791283357,0.053319,-0.267890,1.619818,-3.187300,-37.729736,-6.237470,0.022248,-0.253491,1.502524,-2.714729,-38.095697,-6.657434,-0.507101,0.132322,-0.556227,0.169915,-0.007594,0.002848,-21.516291,1.113901,-31.941970,-1.275160,1.840744,0.086836,-0.522303,0.152107,0.873380,0.001556,1.382520,-3.088114,-0.537235,0.088548,0.701220,-1.159793,1.558759,2.248622,5
3478792283340,0.052815,-0.267758,1.619237,-3.187125,-37.729750,-6.237472,0.021768,-0.253370,1.501843,-2.713786,-38.096412,-6.658253,-0.503139,0.132322,-0.557019,0.174661,-0.013289,0.000000,-21.773170,1.067691,-31.934236,-1.275233,1.838493,0.086740,-0.522229,0.152369,0.873645,0.002455,1.382085,-3.087697,-0.537235,0.088548,0.701220,-1.159793,1.558759,2.248622,5
3478793283287,0.052292,-0.267623,1.618683,-3.186939,-37.729759,-6.237472,0.021288,-0.253249,1.501163,-2.712844,-38.097126,-6.659071,-0.501555,0.128360,-0.554642,0.177509,-0.010442,0.000000,-21.807014,1.794230,-31.795867,-1.241264,1.812168,0.086724,-0.522156,0.152642,0.873890,0.003419,1.381674,-3.087233,-0.537235,0.088548,0.701220,-1.159793,1.558759,2.248622,5
3478794283030,0.051811,-0.267496,1.618125,-3.186767,-37.729766,-6.237470,0.020809,-0.253128,1.500483,-2.711903,-38.097839,-6.659888,-0.501555,0.132322,-0.557811,0.175610,-0.010442,0.000000,-21.780932,1.042531,-31.870738,-1.247607,1.821426,0.086877,-0.522085,0.152893,0.874145,0.004315,1.381250,-3.086797,-0.537235,0.088548,0.701220,-1.159793,1.558759,2.248622,5
3478795313628,0.051307,-0.267368,1.617591,-3.186585,-37.729774,-6.237470,0.020330,-0.253007,1.499804,-2.710962,-38.098553,-6.660705,-0.504724,0.127568,-0.557019,0.182255,-0.008543,0.000000,-21.441965,2.024716,-31.628143,-1.190178,1.781086,0.086860,-0.522014,0.153156,0.874382,0.005251,1.380852,-3.086343,-0.537235,0.088548,0.701220,-1.159793,1.558759,2.248622,5
3478796313790,0.050806,-0.267239,1.617007,-3.186401,-37.729782,-6.237471,0.019851,-0.252887,1.499126,-2.710023,-38.099265,-6.661521,-0.500762,0.129152,-0.560981,0.184154,-0.007594,0.000000,-21.700345,1.790665,-31.548797,-1.169922,1.763142,0.086806,-0.521937,0.153418,0.874650,0.006186,1.380403,-3.085885,-0.537235,0.088548,0.701220,-1.159793,1.558759,2.248622,5
3478797312724,0.050306,-0.267112,1.616466,-3.186219,-37.729790,-6.237471,0.019373,-0.252766,1.498448,-2.709083,-38.099977,-6.662336,-0.499970,0.126775,-0.561773,0.182255,-0.007594,0.000000,-21.688327,2.324499,-31.355377,-1.115878,1.729598,0.086961,-0.521864,0.153678,0.874892,0.007114,1.379996,-3.085435,-0.537235,0.088548,0.701220,-1.159793,1.558759,2.248622,5
3478798314772,0.049788,-0.266978,1.615878,-3.186024,-37.729797,-6.237471,0.018895,-0.252645,1.497770,-2.708145,-38.100689,-6.663151,-0.498385,0.126775,-0.564942,0.186052,-0.007594,0.000000,-21.734459,2.404522,-31.218391,-1.082832,1.704429,0.086910,-0.521787,0.153948,0.875158,0.008099,1.379548,-3.084943,-0.537235,0.088548,0.701220,-1.159793,1.558759,2.248622,5
3478799313299,0.049286,-0.266851,1.615317,-3.185836,-37.729800,-6.237471,0.018418,-0.252525,1.497093,-2.707207,-38.101400,-6.663965,-0.501555,0.127568,-0.560981,0.187951,-0.002848,0.000000,-21.431874,2.087445,-31.392609,-1.115235,1.729465,0.087011,-0.521711,0.154210,0.875413,0.009046,1.379116,-3.084474,-0.537235,0.088548,0.701220,-1.159793,1.558759,2.248622,5
3478800283583,0.048785,-0.266722,1.614744,-3.185643,-37.729808,-6.237469,0.017940,-0.252405,1.496416,-2.706270,-38.102110,-6.664779,-0.501555,0.128360,-0.572866,0.192697,-0.007594,0.000000,-21.351599,2.334196,-30.956957,-1.012167,1.658845,0.086987,-0.521634,0.154471,0.875672,0.010023,1.378678,-3.083974,-0.537235,0.088548,0.701220,-1.159793,1.558759,2.248622,5
3478801283420,0.048285,-0.266596,1.614176,-3.185453,-37.729812,-6.237472,0.017464,-0.252284,1.495740,-2.705334,-38.102820,-6.665592,-0.499970,0.126775,-0.568112,0.189849,-0.004746,-0.002848,-21.414566,2.495205,-31.018146,-1.017003,1.664725,0.087176,-0.521557,0.154732,0.875931,0.010955,1.378239,-3.083517,-0.537235,0.088548,0.701220,-1.159793,1.558759,2.248622,5
3478802313103,0.047787,-0.266471,1.613600,-3.185266,-37.729815,-6.237472,0.016987,-0.252164,1.495065,-2.704398,-38.103529,-6.666405,-0.497593,0.124398,-0.576035,0.187001,-0.002848,0.000000,-21.512606,3.324868,-30.508655,-0.889814,1.577806,0.087295,-0.521478,0.154991,0.876197,0.011878,1.377789,-3.083068,-0.537235,0.088548,0.701220,-1.159793,1.558759,2.248622,5
3478803311813,0.047309,-0.266352,1.613030,-3.185079,-37.729819,-6.237471,0.016511,-0.252044,1.494390,-2.703463,-38.104238,-6.667216,-0.498385,0.124398,-0.569696,0.192697,-0.002848,0.000000,-21.416749,3.064916,-30.764291,-0.948812,1.617655,0.087206,-0.521399,0.155241,0.876461,0.012812,1.377340,-3.082588,-0.537235,0.088548,0.701220,-1.159793,1.558759,2.248622,5
3478804313290,0.046814,-0.266228,1.612457,-3.184884,-37.729824,-6.237472,0.016035,-0.251924,1.493715,-2.702529,-38.104946,-6.668027,-0.495216,0.123606,-0.572866,0.195545,-0.004746,0.000000,-21.598886,3.323445,-30.586086,-0.906904,1.586187,0.087143,-0.521320,0.155499,0.876723,0.013769,1.376894,-3.082100,-0.537235,0.088548,0.701220,-1.159793,1.558759,2.248622,5
3478805283381,0.046294,-0.266099,1.611885,-3.184681,-37.729823,-6.237472,0.015560,-0.251804,1.493042,-2.701596,-38.105654,-6.668838,-0.499970,0.122814,-0.572073,0.195545,-0.000000,0.000000,-21.134369,3.498615,-30.514825,-0.878337,1.572432,0.087362,-0.521240,0.155770,0.876982,0.014765,1.376447,-3.081598,-0.537235,0.088548,0.701220,-1.159793,1.558759,2.248622,5
3478806314956,0.045794,-0.265976,1.611305,-3.184482,-37.729827,-6.237473,0.015085,-0.251685,1.492368,-2.700663,-38.106361,-6.669648,-0.499178,0.122814,-0.579997,0.198392,-0.000000,0.000000,-21.117338,3.794722,-30.169914,-0.795122,1.513728,0.087368,-0.521158,0.156030,0.877249,0.015723,1.375991,-3.081115,-0.537235,0.088548,0.701220,-1.159793,1.558759,2.248622,5
3478807283298,0.045298,-0.265850,1.610723,-3.184286,-37.729829,-6.237470,0.014611,-0.251565,1.491695,-2.699732,-38.107067,-6.670457,-0.496008,0.125983,-0.582374,0.196494,-0.002848,0.003797,-21.320145,3.169792,-30.236787,-0.803383,1.522121,0.087378,-0.521078,0.156288,0.877517,0.016695,1.375535,-3.080612,-0.537235,0.088548,0.701220,-1.159793,1.558759,2.248622,5
3478808283167,0.044821,-0.265733,1.610141,-3.184089,-37.729828,-6.237472,0.014136,-0.251445,1.491023,-2.698800,-38.107773,-6.671265,-0.498385,0.121229,-0.581582,0.203139,-0.000000,0.000000,-21.055570,4.193634,-29.963984,-0.739972,1.475873,0.087392,-0.520995,0.156537,0.877789,0.017632,1.375066,-3.080127,-0.537235,0.088548,0.701220,-1.159793,1.558759,2.248622,5
3478809283339,0.044301,-0.265605,1.609559,-3.183871,-37.729833,-6.237471,0.013663,-0.251326,1.490351,-2.697870,-38.108478,-6.672073,-0.499178,0.121229,-0.582374,0.208834,-0.002848,0.000000,-20.908219,4.194795,-29.929981,-0.731479,1.470420,0.087326,-0.520913,0.156808,0.878051,0.018690,1.374613,-3.079560,-0.537235,0.088548,0.701220,-1.159793,1.558759,2.248622,5
3478810336692,0.043828,-0.265486,1.608976,-3.183677,-37.729832,-6.237472,0.013189,-0.251207,1.489680,-2.696941,-38.109183,-6.672880,-0.495216,0.122814,-0.582374,0.205986,-0.000000,0.000000,-21.185445,3.850982,-29.980367,-0.736109,1.472721,0.087400,-0.520831,0.157054,0.878323,0.019613,1.374145,-3.079084,-0.537235,0.088548,0.701220,-1.159793,1.558759,2.248622,5
3478811283066,0.043331,-0.265360,1.608394,-3.183468,-37.729837,-6.237472,0.012716,-0.251087,1.489010,-2.696012,-38.109887,-6.673687,-0.496801,0.126775,-0.582374,0.208834,-0.004746,0.000000,-21.016095,2.963827,-30.203553,-0.782287,1.509811,0.087425,-0.520751,0.157313,0.878587,0.020609,1.373690,-3.078557,-0.537235,0.088548,0.701220,-1.159793,1.558759,2.248622,5
3478812314634,0.042834,-0.265239,1.607808,-3.183262,-37.729836,-6.237472,0.012244,-0.250968,1.488340,-2.695084,-38.110591,-6.674493,-0.496801,0.120437,-0.586336,0.205986,-0.000000,0.000000,-20.901732,4.548638,-29.595872,-0.631008,1.407371,0.087646,-0.520666,0.157572,0.878859,0.021579,1.373219,-3.078056,-0.537235,0.088548,0.701220,-1.159793,1.558759,2.248622,5
3478813312904,0.042318,-0.265107,1.607197,-3.183040,-37.729837,-6.237470,0.011772,-0.250849,1.487670,-2.694157,-38.111294,-6.675298,-0.494424,0.124398,-0.584751,0.211682,-0.002848,0.000000,-21.035855,3.563266,-29.899152,-0.703787,1.454607,0.087473,-0.520582,0.157840,0.879136,0.022642,1.372738,-3.077479,-0.537235,0.088548,0.701220,-1.159793,1.558759,2.248622,5
3478814314007,0.041845,-0.264990,1.606632,-3.182835,-37.729839,-6.237472,0.011300,-0.250730,1.487001,-2.693230,-38.111996,-6.676102,-0.495216,0.124398,-0.590297,0.210733,-0.000000,-0.003797,-20.910782,3.806355,-29.623173,-0.630415,1.406285,0.087686,-0.520502,0.158086,0.879396,0.023587,1.372287,-3.076981,-0.537235,0.088548,0.701220,-1.159793,1.558759,2.248622,5
3478815312815,0.041333,-0.264860,1.606045,-3.182605,-37.729840,-6.237472,0.010829,-0.250611,1.486333,-2.692305,-38.112698,-6.676906,-0.489669,0.122814,-0.587128,0.220225,-0.002848,0.000000,-21.271822,3.937703,-29.697967,-0.659576,1.415872,0.087263,-0.520420,0.158353,0.879659,0.024675,1.371825,-3.076374,-0.537235,0.088548,0.701220,-1.159793,1.558759,2.248622,5
3478816313440,0.040840,-0.264740,1.605453,-3.182386,-37.729842,-6.237472,0.010358,-0.250492,1.485665,-2.691380,-38.113399,-6.677709,-0.492839,0.120437,-0.591882,0.218326,-0.000000,0.000000,-20.926612,4.698582,-29.289139,-0.552058,1.347673,0.087517,-0.520334,0.158609,0.879932,0.025691,1.371351,-3.075821,-0.537235,0.088548,0.701220,-1.159793,1.558759,2.248622,5
3478817313031,0.040348,-0.264612,1.604860,-3.182163,-37.729845,-6.237472,0.009887,-0.250374,1.484998,-2.690456,-38.114099,-6.678511,-0.492047,0.127568,-0.592674,0.223073,-0.002848,0.000000,-20.964710,3.124179,-29.678995,-0.641890,1.409048,0.087401,-0.520253,0.158865,0.880199,0.026726,1.370883,-3.075247,-0.537235,0.088548,0.701220,-1.159793,1.558759,2.248622,5
3478818313302,0.039857,-0.264489,1.604273,-3.181938,-37.729847,-6.237471,0.009417,-0.250255,1.484332,-2.689533,-38.114799,-6.679312,-0.490462,0.123606,-0.587128,0.224971,-0.002848,0.000000,-21.012189,3.764058,-29.647476,-0.632716,1.402123,0.087385,-0.520170,0.159120,0.880466,0.027771,1.370417,-3.074663,-0.537235,0.088548,0.701220,-1.159793,1.558759,2.248622,5
3478819313574,0.039365,-0.264368,1.603682,-3.181708,-37.729848,-6.237471,0.008947,-0.250137,1.483666,-2.688611,-38.115498,-6.680113,-0.492839,0.121229,-0.591090,0.230667,-0.000000,0.000000,-20.732405,4.453386,-29.311236,-0.553127,1.345254,0.087367,-0.520085,0.159376,0.880735,0.028832,1.369942,-3.074063,-0.537235,0.088548,0.701220,-1.159793,1.558759,2.248622,5
3478820313223,0.038877,-0.264239,1.603099,-3.181475,-37.729850,-6.237472,0.008478,-0.250019,1.483001,-2.687689,-38.116197,-6.680913,-0.487292,0.128360,-0.582374,0.232565,-0.000000,0.000000,-21.170270,2.482163,-30.096088,-0.736731,1.467353,0.087187,-0.520006,0.159629,0.880994,0.029891,1.369483,-3.073460,-0.537235,0.088548,0.701220,-1.159793,1.558759,2.248622,5
3478821283352,0.038389,-0.264115,1.602515,-3.181242,-37.729854,-6.237472,0.008009,-0.249900,1.482336,-2.686769,-38.116895,-6.681713,-0.488085,0.124398,-0.584751,0.233514,-0.003797,0.000000,-21.011744,3.443054,-29.734377,-0.646875,1.409886,0.087283,-0.519925,0.159882,0.881257,0.030962,1.369020,-3.072844,-0.537235,0.088548,0.701220,-1.159793,1.558759,2.248622,5
3478822283272,0.037903,-0.263993,1.601931,-3.181002,-37.729859,-6.237472,0.007541,-0.249782,1.481672,-2.685849,-38.117592,-6.682511,-0.485708,0.122021,-0.583959,0.240159,-0.002848,0.000000,-21.125064,3.898295,-29.624932,-0.626757,1.388991,0.087092,-0.519842,0.160135,0.881518,0.032056,1.368556,-3.072203,-0.537235,0.088548,0.701220,-1.159793,1.558759,2.248622,5
3478823283272,0.037415,-0.263867,1.601348,-3.180758,-37.729865,-6.237472,0.007073,-0.249664,1.481009,-2.684930,-38.118289,-6.683309,-0.488877,0.125983,-0.583166,0.243956,-0.006645,0.000000,-20.829411,2.985822,-29.876903,-0.679924,1.430983,0.087112,-0.519762,0.160389,0.881776,0.033165,1.368098,-3.071550,-0.537235,0.088548,0.701220,-1.159793,1.558759,2.248622,5
3478824312446,0.036946,-0.263744,1.600774,-3.180523,-37.729873,-6.237470,0.006606,-0.249546,1.480346,-2.684012,-38.118985,-6.684106,-0.488877,0.128360,-0.573658,0.246804,-0.007594,0.000000,-20.810645,2.069055,-30.396013,-0.797983,1.513772,0.087059,-0.519684,0.160632,0.882031,0.034232,1.367647,-3.070918,-0.537235,0.088548,0.701220,-1.159793,1.558759,2.248622,5
3478825318841,0.036464,-0.263620,1.600199,-3.180274,-37.729881,-6.237470,0.006139,-0.249429,1.479684,-2.683095,-38.119680,-6.684903,-0.482538,0.123606,-0.575243,0.248702,-0.007594,0.000000,-21.220265,3.126262,-30.044025,-0.720035,1.452795,0.086930,-0.519604,0.160882,0.882284,0.035354,1.367195,-3.070244,-0.537235,0.088548,0.701220,-1.159793,1.558759,2.248622,5
3478826314496,0.035977,-0.263494,1.599627,-3.180023,-37.729893,-6.237472,0.005672,-0.249311,1.479022,-2.682179,-38.120374,-6.685698,-0.486500,0.126775,-0.571281,0.251550,-0.012340,0.000000,-20.863027,2.262520,-30.379759,-0.790845,1.509564,0.086995,-0.519526,0.161134,0.882530,0.036478,1.366755,-3.069573,-0.537235,0.088548,0.701220,-1.159793,1.558759,2.248622,5
3478827313078,0.035475,-0.263366,1.599061,-3.179765,-37.729901,-6.237471,0.005206,-0.249193,1.478361,-2.681264,-38.121068,-6.686493,-0.481746,0.127568,-0.566527,0.258195,-0.007594,0.000000,-21.177311,1.833341,-30.633925,-0.857898,1.544272,0.086712,-0.519447,0.161395,0.882774,0.037642,1.366314,-3.068875,-0.537235,0.088548,0.701220,-1.159793,1.558759,2.248622,5
3478828314547,0.034986,-0.263237,1.598473,-3.179496,-37.729908,-6.237470,0.004740,-0.249076,1.477701,-2.680349,-38.121762,-6.687287,-0.488877,0.122814,-0.561773,0.257246,-0.007594,0.000000,-20.516212,2.739946,-30.477002,-0.806863,1.521145,0.087010,-0.519368,0.161648,0.883028,0.038847,1.365854,-3.068122,-0.537235,0.088548,0.701220,-1.159793,1.558759,2.248622,5
3478829313068,0.034501,-0.263110,1.597932,-3.179228,-37.729922,-6.237472,0.004275,-0.248959,1.477041,-2.679436,-38.122454,-6.688080,-0.484915,0.126775,-0.563358,0.267687,-0.013289,0.000000,-20.787754,1.814965,-30.713266,-0.873518,1.558481,0.086625,-0.519295,0.161899,0.883253,0.040038,1.365443,-3.067379,-0.537235,0.088548,0.701220,-1.159793,1.558759,2.248622,5
3478830313041,0.034016,-0.262981,1.597374,-3.178961,-37.729935,-6.237470,0.003810,-0.248841,1.476383,-2.678523,-38.123146,-6.688873,-0.484915,0.129152,-0.557811,0.267687,-0.013289,0.000000,-20.743476,1.045743,-31.063248,-0.948826,1.613391,0.086668,-0.519220,0.162151,0.883487,0.041240,1.365017,-3.066625,-0.537235,0.088548,0.701220,-1.159793,1.558759,2.248622,5
3478831313119,0.033532,-0.262852,1.596819,-3.178683,-37.729946,-6.237471,0.003346,-0.248724,1.475724,-2.677612,-38.123837,-6.689664,-0.484123,0.129152,-0.555434,0.277180,-0.011391,0.000000,-20.745123,0.883170,-31.183927,-0.984690,1.629791,0.086399,-0.519147,0.162401,0.883718,0.042468,1.364591,-3.065843,-0.537235,0.088548,0.701220,-1.159793,1.558759,2.248622,5
3478832313346,0.033050,-0.262724,1.596266,-3.178416,-37.729959,-6.237471,0.002882,-0.248607,1.475067,-2.676701,-38.124528,-6.690455,-0.482538,0.128360,-0.552265,0.267687,-0.012340,0.000000,-20.800624,0.937194,-31.208467,-0.973926,1.632397,0.086727,-0.519073,0.162651,0.883949,0.043651,1.364169,-3.065105,-0.537235,0.088548,0.701220,-1.159793,1.558759,2.248622,5
3478833283071,0.032569,-0.262592,1.595720,-3.178137,-37.729973,-6.237470,0.002419,-0.248490,1.474410,-2.675791,-38.125218,-6.691245,-0.480161,0.131529,-0.545926,0.279078,-0.014239,0.000000,-20.958853,-0.123253,-31.714423,-1.103502,1.712458,0.086327,-0.519003,0.162900,0.884171,0.044889,1.363757,-3.064307,-0.537235,0.088548,0.701220,-1.159793,1.558759,2.248622,5
3478834314048,0.032089,-0.262462,1.595151,-3.177854,-37.729985,-6.237471,0.001956,-0.248374,1.473753,-2.674882,-38.125907,-6.692034,-0.480161,0.129945,-0.544341,0.282875,-0.012340,0.000000,-20.884721,0.130304,-31.670331,-1.092953,1.702827,0.086270,-0.518928,0.163148,0.884410,0.046126,1.363318,-3.063512,-0.537235,0.088548,0.701220,-1.159793,1.558759,2.248622,5
3478835313357,0.031606,-0.262336,1.594606,-3.177569,-37.730001,-6.237470,0.001493,-0.248257,1.473098,-2.673974,-38.126595,-6.692823,-0.483331,0.125983,-0.545134,0.284774,-0.016137,0.000000,-20.534895,1.022070,-31.385034,-1.020133,1.659016,0.086378,-0.518854,0.163398,0.884633,0.047381,1.362902,-3.062700,-0.537235,0.088548,0.701220,-1.159793,1.558759,2.248622,5
3478836283464,0.031142,-0.262209,1.594081,-3.177295,-37.730016,-6.237472,0.001032,-0.248141,1.472443,-2.673067,-38.127283,-6.693611,-0.481746,0.130737,-0.547511,0.284774,-0.018036,0.000000,-20.628634,0.013588,-31.575203,-1.060038,1.687697,0.086384,-0.518786,0.163638,0.884845,0.048572,1.362507,-3.061935,-0.537235,0.088548,0.701220,-1.159793,1.558759,2.248622,5
3478837283319,0.030643,-0.262075,1.593541,-3.176994,-37.730030,-6.237472,0.000570,-0.248024,1.471789,-2.672161,-38.127970,-6.694397,-0.479369,0.129152,-0.539587,0.287621,-0.016137,0.000000,-20.741198,-0.018457,-31.811729,-1.116510,1.723047,0.086273,-0.518715,0.163896,0.885059,0.049886,1.362101,-3.061078,-0.537235,0.088548,0.701220,-1.159793,1.558759,2.248622,5
3478838283034,0.030160,-0.261948,1.592997,-3.176698,-37.730044,-6.237471,0.000109,-0.247908,1.471135,-2.671256,-38.128656,-6.695183,-0.483331,0.127568,-0.544341,0.296165,-0.014239,0.000000,-20.335027,0.489624,-31.522165,-1.050398,1.674872,0.086184,-0.518642,0.164146,0.885280,0.051183,1.361685,-3.060222,-0.537235,0.088548,0.701220,-1.159793,1.558759,2.248622,5
3478839326502,0.029701,-0.261823,1.592443,-3.176417,-37.730059,-6.237470,-0.000351,-0.247792,1.470482,-2.670351,-38.129342,-6.695968,-0.480954,0.129945,-0.553849,0.294266,-0.015188,0.000000,-20.463300,0.313761,-31.251492,-0.981939,1.628119,0.086256,-0.518569,0.164383,0.885510,0.052396,1.361257,-3.059427,-0.537235,0.088548,0.701220,-1.159793,1.558759,2.248622,5
3478840314369,0.029219,-0.261699,1.591902,-3.176121,-37.730072,-6.237471,-0.000811,-0.247676,1.469830,-2.669448,-38.130026,-6.696753,-0.481746,0.124398,-0.541172,0.296165,-0.013289,0.000000,-20.319047,1.018857,-31.420334,-1.018255,1.654579,0.086263,-0.518494,0.164632,0.885731,0.053669,1.360838,-3.058594,-0.537235,0.088548,0.701220,-1.159793,1.558759,2.248622,5
3478841325737,0.028742,-0.261575,1.591356,-3.175821,-37.730088,-6.237471,-0.001271,-0.247560,1.469179,-2.668546,-38.130710,-6.697536,-0.476992,0.124398,-0.545926,0.299012,-0.015188,0.000000,-20.617978,1.138211,-31.239017,-0.980204,1.622638,0.086113,-0.518420,0.164878,0.885953,0.054953,1.360417,-3.057744,-0.537235,0.088548,0.701220,-1.159793,1.558759,2.248622,5
3478842283244,0.028249,-0.261448,1.590778,-3.175512,-37.730098,-6.237471,-0.001730,-0.247444,1.468528,-2.667645,-38.131394,-6.698319,-0.473823,0.122021,-0.554642,0.295215,-0.011391,0.000000,-20.750553,2.006275,-30.684795,-0.844985,1.527979,0.086242,-0.518339,0.165133,0.886194,0.056271,1.359960,-3.056875,-0.537235,0.088548,0.701220,-1.159793,1.558759,2.248622,5
3478843283201,0.027767,-0.261323,1.590252,-3.175208,-37.730111,-6.237470,-0.002188,-0.247329,1.467878,-2.666744,-38.132076,-6.699101,-0.481746,0.125191,-0.549888,0.303759,-0.013289,0.000000,-20.074913,1.096972,-31.076253,-0.932072,1.593484,0.086212,-0.518267,0.165382,0.886403,0.057576,1.359557,-3.056009,-0.537235,0.088548,0.701220,-1.159793,1.558759,2.248622,5
3478844283475,0.027292,-0.261201,1.589679,-3.174902,-37.730123,-6.237471,-0.002646,-0.247213,1.467229,-2.665845,-38.132758,-6.699881,-0.475407,0.122021,-0.552265,0.306606,-0.011391,0.000000,-20.483884,1.839622,-30.783255,-0.870697,1.541363,0.086021,-0.518187,0.165628,0.886643,0.058866,1.359100,-3.055151,-0.537235,0.088548,0.701220,-1.159793,1.558759,2.248622,5
3478845312219,0.026830,-0.261082,1.589143,-3.174613,-37.730134,-6.237472,-0.003104,-0.247098,1.466580,-2.664947,-38.133439,-6.700661,-0.482538,0.123606,-0.559396,0.305657,-0.010442,0.000000,-19.847770,1.817986,-30.529248,-0.795901,1.499999,0.086318,-0.518112,0.165866,0.886865,0.060076,1.358678,-3.054361,-0.537235,0.088548,0.701220,-1.159793,1.558759,2.248622,5
3478846313276,0.026350,-0.260961,1.588590,-3.174305,-37.730144,-6.237471,-0.003560,-0.246983,1.465932,-2.664050,-38.134119,-6.701441,-0.479369,0.121229,-0.553057,0.308505,-0.009492,0.000000,-20.022879,2.050400,-30.642122,-0.825087,1.515687,0.086185,-0.518033,0.166113,0.887093,0.061377,1.358238,-3.053494,-0.537235,0.088548,0.701220,-1.159793,1.558759,2.248622,5
3478847312556,0.025877,-0.260841,1.588028,-3.174000,-37.730156,-6.237470,-0.004017,-0.246868,1.465285,-2.663153,-38.134799,-6.702219,-0.473030,0.119644,-0.561773,0.304708,-0.012340,0.000000,-20.425708,2.714409,-30.166284,-0.712126,1.436304,0.086220,-0.517953,0.166358,0.887328,0.062652,1.357791,-3.052647,-0.537235,0.088548,0.701220,-1.159793,1.558759,2.248622,5
3478848312582,0.025383,-0.260718,1.587464,-3.173684,-37.730166,-6.237471,-0.004473,-0.246753,1.464639,-2.662258,-38.135478,-6.702996,-0.474615,0.117267,-0.564150,0.302809,-0.010442,0.000000,-20.188024,3.355047,-29.871013,-0.633908,1.386778,0.086399,-0.517871,0.166613,0.887561,0.063965,1.357341,-3.051783,-0.537235,0.088548,0.701220,-1.159793,1.558759,2.248622,5
3478849313134,0.024907,-0.260599,1.586902,-3.173376,-37.730174,-6.237471,-0.004928,-0.246638,1.463993,-2.661364,-38.136156,-6.703773,-0.475407,0.118852,-0.561773,0.307556,-0.007594,0.000000,-20.064483,2.898350,-30.044769,-0.674461,1.411781,0.086307,-0.517790,0.166858,0.887796,0.065236,1.356888,-3.050942,-0.537235,0.088548,0.701220,-1.159793,1.558759,2.248622,5
3478850311148,0.024430,-0.260477,1.586337,-3.173072,-37.730181,-6.237472,-0.005383,-0.246523,1.463348,-2.660471,-38.136833,-6.704548,-0.476992,0.122021,-0.564942,0.304708,-0.006645,0.000000,-19.871239,2.340605,-30.051512,-0.664733,1.410660,0.086493,-0.517709,0.167104,0.888033,0.066484,1.356433,-3.050126,-0.537235,0.088548,0.701220,-1.159793,1.558759,2.248622,5
3478851283523,0.023956,-0.260361,1.585746,-3.172762,-37.730186,-6.237471,-0.005837,-0.246408,1.462704,-2.659578,-38.137509,-6.705323,-0.474615,0.116475,-0.568904,0.309454,-0.005695,0.000000,-19.941832,3.715165,-29.530649,-0.548209,1.323987,0.086363,-0.517621,0.167349,0.888289,0.067746,1.355944,-3.049293,-0.537235,0.088548,0.701220,-1.159793,1.558759,2.248622,5
3478852283343,0.023484,-0.260243,1.585178,-3.172458,-37.730193,-6.237471,-0.006291,-0.246294,1.462061,-2.658687,-38.138185,-6.706097,-0.471446,0.118059,-0.567319,0.303759,-0.006645,0.000000,-20.129284,3.303731,-29.642651,-0.565618,1.339947,0.086501,-0.517539,0.167592,0.888530,0.068980,1.355482,-3.048485,-0.537235,0.088548,0.701220,-1.159793,1.558759,2.248622,5
3478853283335,0.023012,-0.260123,1.584634,-3.172148,-37.730199,-6.237472,-0.006745,-0.246180,1.461418,-2.657797,-38.138860,-6.706870,-0.472238,0.119644,-0.568904,0.310403,-0.005695,0.000000,-19.998702,2.983135,-29.673914,-0.575470,1.342705,0.086358,-0.517460,0.167835,0.888754,0.070243,1.355043,-3.047648,-0.537235,0.088548,0.701220,-1.159793,1.558759,2.248622,5
3478854283218,0.022559,-0.260009,1.584063,-3.171852,-37.730204,-6.237470,-0.007197,-0.246066,1.460776,-2.656908,-38.139534,-6.707642,-0.473030,0.120437,-0.571281,0.312302,-0.004746,0.000000,-19.873155,2.914867,-29.586234,-0.551456,1.326275,0.086373,-0.517376,0.168069,0.889001,0.071438,1.354572,-3.046862,-0.537235,0.088548,0.701220,-1.159793,1.558759,2.248622,5
3478855283070,0.022082,-0.259892,1.583486,-3.171545,-37.730218,-6.237472,-0.007649,-0.245952,1.460135,-2.656020,-38.140207,-6.708413,-0.476992,0.116475,-0.576827,0.306606,-0.013289,0.000000,-19.436156,4.065683,-29.050594,-0.408932,1.244699,0.086761,-0.517290,0.168315,0.889245,0.072659,1.354104,-3.046072,-0.537235,0.088548,0.701220,-1.159793,1.558759,2.248622,5
3478856283849,0.021609,-0.259774,1.582918,-3.171238,-37.730223,-6.237470,-0.008101,-0.245838,1.459495,-2.655133,-38.140879,-6.709183,-0.473030,0.118852,-0.568112,0.307556,-0.005695,0.000000,-19.705184,3.173742,-29.518506,-0.519369,1.313294,0.086634,-0.517207,0.168558,0.889485,0.073896,1.353640,-3.045261,-0.537235,0.088548,0.701220,-1.159793,1.558759,2.248622,5
3478857283383,0.021136,-0.259654,1.582346,-3.170921,-37.730228,-6.237470,-0.008552,-0.245724,1.458855,-2.654247,-38.141551,-6.709952,-0.473030,0.119644,-0.572073,0.316099,-0.004746,0.000000,-19.624287,3.122092,-29.402868,-0.498687,1.291980,0.086416,-0.517123,0.168802,0.889726,0.075157,1.353170,-3.044426,-0.537235,0.088548,0.701220,-1.159793,1.558759,2.248622,5
3478858315222,0.020668,-0.259537,1.581769,-3.170609,-37.730234,-6.237471,-0.009003,-0.245610,1.458216,-2.653363,-38.142221,-6.710720,-0.468276,0.117267,-0.576827,0.312302,-0.005695,0.000000,-19.899089,3.833313,-29.020432,-0.406155,1.227734,0.086480,-0.517038,0.169043,0.889972,0.076389,1.352695,-3.043615,-0.537235,0.088548,0.701220,-1.159793,1.558759,2.248622,5
3478859312331,0.020197,-0.259414,1.581195,-3.170295,-37.730245,-6.237471,-0.009453,-0.245497,1.457578,-2.652479,-38.142891,-6.711488,-0.470653,0.122814,-0.573658,0.314200,-0.011391,0.000000,-19.670505,2.459277,-29.467213,-0.504103,1.301839,0.086504,-0.516957,0.169285,0.890210,0.077633,1.352233,-3.042794,-0.537235,0.088548,0.701220,-1.159793,1.558759,2.248622,5
3478860283987,0.019723,-0.259294,1.580612,-3.169977,-37.730250,-6.237471,-0.009902,-0.245383,1.456941,-2.651596,-38.143561,-6.712254,-0.473823,0.119644,-0.583166,0.317997,-0.004746,0.000000,-19.296230,3.576502,-28.824761,-0.350546,1.193328,0.086562,-0.516871,0.169529,0.890458,0.078881,1.351751,-3.041971,-0.537235,0.088548,0.701220,-1.159793,1.558759,2.248622,5
3478861283318,0.019233,-0.259172,1.580010,-3.169651,-37.730260,-6.237470,-0.010351,-0.245270,1.456304,-2.650715,-38.144229,-6.713019,-0.473030,0.115682,-0.577620,0.311353,-0.009492,0.000000,-19.245134,4.260582,-28.742032,-0.318816,1.182072,0.086811,-0.516781,0.169781,0.890713,0.080157,1.351257,-3.041136,-0.537235,0.088548,0.701220,-1.159793,1.558759,2.248622,5
3478862283301,0.018762,-0.259056,1.579431,-3.169332,-37.730265,-6.237472,-0.010799,-0.245157,1.455669,-2.649835,-38.144896,-6.713784,-0.470653,0.116475,-0.578412,0.318947,-0.004746,0.000000,-19.357811,4.087368,-28.746628,-0.328326,1.177518,0.086545,-0.516694,0.170023,0.890959,0.081390,1.350777,-3.040325,-0.537235,0.088548,0.701220,-1.159793,1.558759,2.248622,5
3478863283245,0.018313,-0.258941,1.578877,-3.169023,-37.730270,-6.237473,-0.011247,-0.245044,1.455034,-2.648955,-38.145563,-6.714547,-0.469069,0.119644,-0.578412,0.320845,-0.004746,-0.002848,-19.439057,3.363746,-28.921069,-0.368649,1.203111,0.086515,-0.516614,0.170254,0.891192,0.082584,1.350319,-3.039532,-0.537235,0.088548,0.701220,-1.159793,1.558759,2.248622,5
3478864283059,0.017844,-0.258824,1.578301,-3.168700,-37.730279,-6.237470,-0.011694,-0.244931,1.454400,-2.648077,-38.146229,-6.715310,-0.469069,0.117267,-0.576827,0.322743,-0.009492,0.003797,-19.345218,3.819894,-28.817487,-0.342440,1.188047,0.086404,-0.516528,0.170495,0.891434,0.083851,1.349844,-3.038684,-0.537235,0.088548,0.701220,-1.159793,1.558759,2.248622,5
3478865283194,0.017379,-0.258704,1.577724,-3.168377,-37.730288,-6.237472,-0.012141,-0.244819,1.453767,-2.647200,-38.146894,-6.716071,-0.465107,0.119644,-0.576827,0.323693,-0.008543,0.000000,-19.595169,3.261487,-28.938523,-0.372512,1.204035,0.086355,-0.516444,0.170734,0.891675,0.085091,1.349370,-3.037859,-0.537235,0.088548,0.701220,-1.159793,1.558759,2.248622,5
3478866283699,0.016917,-0.258585,1.577151,-3.168046,-37.730299,-6.237472,-0.012587,-0.244706,1.453134,-2.646324,-38.147558,-6.716832,-0.461937,0.118852,-0.572866,0.330337,-0.011391,0.000000,-19.774869,3.221614,-29.063720,-0.410400,1.223835,0.086086,-0.516361,0.170971,0.891912,0.086362,1.348902,-3.036999,-0.537235,0.088548,0.701220,-1.159793,1.558759,2.248622,5
3478867283208,0.016449,-0.258465,1.576599,-3.167719,-37.730308,-6.237471,-0.013033,-0.244594,1.452503,-2.645449,-38.148221,-6.717592,-0.468276,0.120437,-0.574450,0.327490,-0.009492,0.000000,-19.191401,2.984994,-29.020550,-0.382905,1.215724,0.086402,-0.516281,0.171212,0.892137,0.087635,1.348453,-3.036143,-0.537235,0.088548,0.701220,-1.159793,1.558759,2.248622,5
3478868283271,0.015981,-0.258352,1.576034,-3.167399,-37.730321,-6.237472,-0.013478,-0.244482,1.451872,-2.644576,-38.148883,-6.718350,-0.468276,0.118852,-0.565735,0.333185,-0.013289,0.000000,-19.116919,2.967003,-29.276510,-0.445334,1.258558,0.086250,-0.516194,0.171452,0.892374,0.088851,1.347987,-3.035347,-0.537235,0.088548,0.701220,-1.159793,1.558759,2.248622,5
3478869283072,0.015518,-0.258231,1.575445,-3.167047,-37.730333,-6.237471,-0.013922,-0.244370,1.451242,-2.643703,-38.149545,-6.719108,-0.462730,0.118059,-0.563358,0.337931,-0.009492,0.000000,-19.478313,2.998217,-29.314560,-0.464317,1.259797,0.085969,-0.516110,0.171689,0.892615,0.090203,1.347503,-3.034402,-0.537235,0.088548,0.701220,-1.159793,1.558759,2.248622,5
3478870283160,0.015056,-0.258107,1.574879,-3.166710,-37.730349,-6.237470,-0.014366,-0.244258,1.450613,-2.642832,-38.150205,-6.719864,-0.461937,0.123606,-0.565735,0.336982,-0.015188,0.000000,-19.488663,1.826810,-29.535163,-0.510731,1.296116,0.086001,-0.516031,0.171926,0.892843,0.091495,1.347047,-3.033520,-0.537235,0.088548,0.701220,-1.159793,1.558759,2.248622,5
3478871283038,0.014595,-0.257987,1.574320,-3.166371,-37.730360,-6.237471,-0.014809,-0.244146,1.449984,-2.641962,-38.150865,-6.720620,-0.461145,0.120437,-0.559396,0.338881,-0.011391,0.000000,-19.465118,2.266242,-29.568779,-0.518126,1.298569,0.085952,-0.515951,0.172163,0.893069,0.092782,1.346591,-3.032642,-0.537235,0.088548,0.701220,-1.159793,1.558759,2.248622,5
3478872283252,0.014136,-0.257868,1.573787,-3.166025,-37.730378,-6.237472,-0.015251,-0.244034,1.449357,-2.641093,-38.151524,-6.721375,-0.458768,0.118852,-0.558604,0.345525,-0.017086,0.000000,-19.569348,2.512694,-29.534326,-0.518021,1.294486,0.085712,-0.515875,0.172398,0.893277,0.094105,1.346165,-3.031725,-0.537235,0.088548,0.701220,-1.159793,1.558759,2.248622,5
3478873296188,0.013673,-0.257745,1.573210,-3.165683,-37.730393,-6.237471,-0.015693,-0.243923,1.448730,-2.640225,-38.152182,-6.722128,-0.463522,0.122814,-0.554642,0.342678,-0.012340,0.000000,-19.137134,1.517335,-29.856327,-0.577982,1.343284,0.085951,-0.515794,0.172635,0.893511,0.095400,1.345696,-3.030839,-0.537235,0.088548,0.701220,-1.159793,1.558759,2.248622,5
3478874312515,0.013214,-0.257626,1.572658,-3.165339,-37.730414,-6.237471,-0.016135,-0.243812,1.448104,-2.639358,-38.152839,-6.722881,-0.458768,0.119644,-0.552265,0.343627,-0.020883,0.000000,-19.419753,2.062480,-29.770410,-0.561870,1.332402,0.085830,-0.515715,0.172871,0.893729,0.096702,1.345254,-3.029943,-0.537235,0.088548,0.701220,-1.159793,1.558759,2.248622,5
3478875283221,0.012755,-0.257506,1.572106,-3.164990,-37.730429,-6.237472,-0.016576,-0.243701,1.447479,-2.638492,-38.153495,-6.723633,-0.458768,0.119644,-0.551472,0.349322,-0.015188,0.000000,-19.341440,2.007814,-29.783115,-0.568292,1.329725,0.085679,-0.515636,0.173105,0.893948,0.098012,1.344806,-3.029037,-0.537235,0.088548,0.701220,-1.159793,1.558759,2.248622,5
3478876315795,0.012295,-0.257387,1.571561,-3.164641,-37.730452,-6.237471,-0.017016,-0.243590,1.446855,-2.637628,-38.154151,-6.724383,-0.460353,0.118852,-0.545134,0.348373,-0.022782,0.000000,-19.139013,1.914783,-29.973176,-0.604679,1.364444,0.085780,-0.515558,0.173341,0.894161,0.099335,1.344370,-3.028119,-0.537235,0.088548,0.701220,-1.159793,1.558759,2.248622,5
3478877283526,0.011821,-0.257260,1.571015,-3.164294,-37.730469,-6.237471,-0.017455,-0.243479,1.446232,-2.636765,-38.154805,-6.725133,-0.454806,0.121229,-0.545926,0.347424,-0.017086,0.000000,-19.498210,1.362347,-30.063357,-0.628236,1.372629,0.085679,-0.515482,0.173584,0.894372,0.100642,1.343937,-3.027232,-0.537235,0.088548,0.701220,-1.159793,1.558759,2.248622,5
3478878314820,0.011378,-0.257145,1.570474,-3.163942,-37.730494,-6.237471,-0.017894,-0.243368,1.445610,-2.635903,-38.155459,-6.725881,-0.460353,0.122021,-0.541172,0.352170,-0.024680,0.000000,-19.001434,0.986394,-30.297405,-0.676712,1.414922,0.085704,-0.515405,0.173810,0.894583,0.101963,1.343502,-3.026298,-0.537235,0.088548,0.701220,-1.159793,1.558759,2.248622,5
3478879313465,0.010905,-0.257018,1.569918,-3.163577,-37.730515,-6.237469,-0.018333,-0.243257,1.444988,-2.635042,-38.156111,-6.726629,-0.454806,0.121229,-0.533248,0.352170,-0.022782,0.000000,-19.358404,0.780906,-30.561637,-0.742573,1.454626,0.085556,-0.515327,0.174052,0.894796,0.103337,1.343060,-3.025340,-0.537235,0.088548,0.701220,-1.159793,1.558759,2.248622,5
3478880314028,0.010468,-0.256899,1.569403,-3.163237,-37.730533,-6.237471,-0.018770,-0.243147,1.444368,-2.634182,-38.156763,-6.727375,-0.455599,0.124398,-0.536418,0.354069,-0.019934,0.000000,-19.241323,0.177418,-30.606806,-0.750291,1.458266,0.085545,-0.515257,0.174276,0.894993,0.104598,1.342649,-3.024463,-0.537235,0.088548,0.701220,-1.159793,1.558759,2.248622,5
3478881314453,0.009994,-0.256772,1.568845,-3.162874,-37.730557,-6.237470,-0.019207,-0.243037,1.443748,-2.633324,-38.157414,-6.728120,-0.457183,0.122021,-0.534833,0.348373,-0.022782,0.000000,-19.002388,0.653645,-30.465540,-0.703298,1.436705,0.085820,-0.515178,0.174518,0.895207,0.105953,1.342206,-3.023524,-0.537235,0.088548,0.701220,-1.159793,1.558759,2.248622,5
3478882283251,0.009540,-0.256651,1.568312,-3.162521,-37.730578,-6.237470,-0.019644,-0.242927,1.443129,-2.632467,-38.158063,-6.728865,-0.454014,0.121229,-0.533248,0.353119,-0.021833,0.000000,-19.172087,0.701861,-30.489127,-0.715861,1.438083,0.085605,-0.515104,0.174750,0.895411,0.107263,1.341781,-3.022612,-0.537235,0.088548,0.701220,-1.159793,1.558759,2.248622,5
3478883283009,0.009086,-0.256529,1.567801,-3.162165,-37.730605,-6.237473,-0.020080,-0.242817,1.442511,-2.631611,-38.158712,-6.729608,-0.454014,0.122021,-0.531664,0.355967,-0.026579,-0.003797,-19.098487,0.400672,-30.613815,-0.744457,1.459602,0.085599,-0.515034,0.174982,0.895598,0.108578,1.341384,-3.021696,-0.537235,0.088548,0.701220,-1.159793,1.558759,2.248622,5
3478884283262,0.008632,-0.256408,1.567244,-3.161812,-37.730626,-6.237472,-0.020515,-0.242707,1.441894,-2.630756,-38.159360,-6.730350,-0.454014,0.121229,-0.533248,0.353119,-0.020883,0.000000,-19.003389,0.657434,-30.434715,-0.695095,1.426052,0.085672,-0.514955,0.175214,0.895816,0.109874,1.340933,-3.020798,-0.537235,0.088548,0.701220,-1.159793,1.558759,2.248622,5
3478885283007,0.008197,-0.256292,1.566742,-3.161475,-37.730651,-6.237472,-0.020950,-0.242598,1.441278,-2.629903,-38.160007,-6.731091,-0.454014,0.118852,-0.525325,0.355018,-0.025630,0.000000,-18.937306,0.824003,-30.618566,-0.736361,1.458001,0.085633,-0.514884,0.175436,0.896005,0.111115,1.340538,-3.019938,-0.537235,0.088548,0.701220,-1.159793,1.558759,2.248622,5
3478886312749,0.007748,-0.256168,1.566213,-3.161118,-37.730672,-6.237471,-0.021384,-0.242488,1.440662,-2.629051,-38.160654,-6.731831,-0.449260,0.123606,-0.529287,0.356916,-0.020883,0.000000,-19.255350,-0.144756,-30.742769,-0.771236,1.471972,0.085449,-0.514812,0.175665,0.896205,0.112427,1.340116,-3.019018,-0.537235,0.088548,0.701220,-1.159793,1.558759,2.248622,5
3478887314181,0.007296,-0.256047,1.565690,-3.160763,-37.730695,-6.237471,-0.021817,-0.242379,1.440048,-2.628200,-38.161299,-6.732570,-0.451637,0.121229,-0.522948,0.355018,-0.022782,0.000000,-18.979596,0.124374,-30.820500,-0.779152,1.485595,0.085607,-0.514739,0.175896,0.896401,0.113726,1.339700,-3.018114,-0.537235,0.088548,0.701220,-1.159793,1.558759,2.248622,5
3478888283236,0.006847,-0.255930,1.565156,-3.160408,-37.730720,-6.237471,-0.022250,-0.242270,1.439434,-2.627350,-38.161943,-6.733308,-0.449260,0.117267,-0.533248,0.355018,-0.024680,0.000000,-19.037531,1.401022,-30.133448,-0.618754,1.373774,0.085617,-0.514662,0.176125,0.896605,0.115013,1.339272,-3.017219,-0.537235,0.088548,0.701220,-1.159793,1.558759,2.248622,5
3478889313288,0.006382,-0.255807,1.564607,-3.160041,-37.730744,-6.237472,-0.022682,-0.242161,1.438822,-2.626501,-38.162586,-6.734045,-0.448468,0.118059,-0.528494,0.351221,-0.020883,0.000000,-19.016620,1.030098,-30.320675,-0.654712,1.400671,0.085730,-0.514583,0.176362,0.896816,0.116329,1.338830,-3.016309,-0.537235,0.088548,0.701220,-1.159793,1.558759,2.248622,5
3478890313684,0.005935,-0.255689,1.564076,-3.159688,-37.730765,-6.237471,-0.023113,-0.242052,1.438210,-2.625654,-38.163229,-6.734780,-0.447675,0.118059,-0.530871,0.353119,-0.021833,0.000000,-18.991072,1.093945,-30.208316,-0.628262,1.381370,0.085684,-0.514507,0.176590,0.897019,0.117606,1.338400,-3.015422,-0.537235,0.088548,0.701220,-1.159793,1.558759,2.248622,5
3478891325333,0.005507,-0.255575,1.563569,-3.159350,-37.730790,-6.237469,-0.023544,-0.241943,1.437599,-2.624808,-38.163870,-6.735515,-0.446883,0.118852,-0.528494,0.352170,-0.020883,0.000000,-18.995318,0.800151,-30.330876,-0.652923,1.399144,0.085711,-0.514435,0.176809,0.897211,0.118828,1.337996,-3.014574,-0.537235,0.088548,0.701220,-1.159793,1.558759,2.248622,5
3478892313312,0.005042,-0.255452,1.563020,-3.158979,-37.730816,-6.237469,-0.023974,-0.241835,1.436989,-2.623964,-38.164510,-6.736248,-0.446090,0.118059,-0.528494,0.354069,-0.025630,0.002848,-18.953921,0.933062,-30.271909,-0.638944,1.391068,0.085617,-0.514357,0.177046,0.897420,0.120157,1.337555,-3.013649,-0.537235,0.088548,0.701220,-1.159793,1.558759,2.248622,5
3478893313014,0.004596,-0.255334,1.562512,-3.158630,-37.730838,-6.237471,-0.024404,-0.241726,1.436380,-2.623120,-38.165150,-6.736981,-0.445298,0.118059,-0.530079,0.349322,-0.022782,0.000000,-18.927467,0.994876,-30.159124,-0.603636,1.369658,0.085828,-0.514284,0.177273,0.897610,0.121401,1.337148,-3.012795,-0.537235,0.088548,0.701220,-1.159793,1.558759,2.248622,5
3478894313144,0.004152,-0.255218,1.561959,-3.158273,-37.730860,-6.237471,-0.024833,-0.241618,1.435772,-2.622278,-38.165788,-6.737712,-0.444506,0.116475,-0.530871,0.356916,-0.021833,0.000000,-18.896647,1.341371,-30.024854,-0.579798,1.346019,0.085599,-0.514203,0.177499,0.897827,0.122654,1.336694,-3.011928,-0.537235,0.088548,0.701220,-1.159793,1.558759,2.248622,5
3478895313404,0.003707,-0.255104,1.561447,-3.157917,-37.730885,-6.237471,-0.025261,-0.241510,1.435165,-2.621437,-38.166426,-6.738442,-0.445298,0.113305,-0.530871,0.355967,-0.024680,0.000000,-18.727437,2.044305,-29.801938,-0.521295,1.310970,0.085699,-0.514127,0.177726,0.898019,0.123920,1.336280,-3.011049,-0.537235,0.088548,0.701220,-1.159793,1.558759,2.248622,5
3478896313681,0.003264,-0.254989,1.560921,-3.157563,-37.730905,-6.237472,-0.025688,-0.241403,1.434559,-2.620598,-38.167062,-6.739171,-0.442921,0.114890,-0.526910,0.354069,-0.019934,0.000000,-18.848891,1.516013,-30.021918,-0.570141,1.342101,0.085699,-0.514050,0.177951,0.898222,0.125159,1.335848,-3.010194,-0.537235,0.088548,0.701220,-1.159793,1.558759,2.248622,5
3478897283249,0.002822,-0.254875,1.560386,-3.157203,-37.730928,-6.237470,-0.026115,-0.241295,1.433954,-2.619759,-38.167698,-6.739899,-0.441336,0.114890,-0.534041,0.359764,-0.022782,0.000000,-18.877012,1.755381,-29.734638,-0.509410,1.295166,0.085517,-0.513971,0.178176,0.898428,0.126427,1.335410,-3.009308,-0.537235,0.088548,0.701220,-1.159793,1.558759,2.248622,5
3478898283225,0.002379,-0.254759,1.559853,-3.156842,-37.730950,-6.237471,-0.026541,-0.241187,1.433350,-2.618923,-38.168332,-6.740626,-0.442921,0.115682,-0.533248,0.360713,-0.021833,0.000000,-18.670965,1.542815,-29.779409,-0.514695,1.300669,0.085556,-0.513893,0.178401,0.898633,0.127682,1.334973,-3.008437,-0.537235,0.088548,0.701220,-1.159793,1.558759,2.248622,5
3478899283227,0.001937,-0.254646,1.559315,-3.156483,-37.730973,-6.237473,-0.026967,-0.241080,1.432746,-2.618087,-38.168966,-6.741351,-0.442129,0.112513,-0.538003,0.358815,-0.023731,-0.002848,-18.615342,2.449887,-29.346306,-0.408582,1.230540,0.085697,-0.513813,0.178626,0.898842,0.128913,1.334529,-3.007589,-0.537235,0.088548,0.701220,-1.159793,1.558759,2.248622,5
3478900283256,0.001511,-0.254535,1.558773,-3.156138,-37.730996,-6.237472,-0.027392,-0.240973,1.432144,-2.617253,-38.169598,-6.742076,-0.444506,0.115682,-0.541964,0.359764,-0.022782,0.000000,-18.362055,1.916563,-29.332810,-0.399011,1.225946,0.085719,-0.513732,0.178843,0.899057,0.130101,1.334080,-3.006769,-0.537235,0.088548,0.701220,-1.159793,1.558759,2.248622,5
3478901324051,0.001070,-0.254421,1.558230,-3.155773,-37.731014,-6.237472,-0.027816,-0.240866,1.431543,-2.616420,-38.170230,-6.742799,-0.441336,0.114890,-0.543549,0.364510,-0.018036,0.000000,-18.519405,2.121865,-29.202590,-0.376556,1.200315,0.085503,-0.513652,0.179067,0.899269,0.131348,1.333627,-3.005902,-0.537235,0.088548,0.701220,-1.159793,1.558759,2.248622,5
3478902326223,0.000625,-0.254310,1.557690,-3.155405,-37.731036,-6.237472,-0.028240,-0.240759,1.430942,-2.615588,-38.170860,-6.743521,-0.444506,0.110928,-0.539587,0.368307,-0.021833,0.000000,-18.160857,2.852077,-29.093617,-0.346939,1.184865,0.085512,-0.513569,0.179293,0.899479,0.132616,1.333175,-3.005018,-0.537235,0.088548,0.701220,-1.159793,1.558759,2.248622,5
3478903313608,0.000182,-0.254196,1.557150,-3.155042,-37.731060,-6.237472,-0.028662,-0.240653,1.430343,-2.614758,-38.171490,-6.744242,-0.442921,0.114098,-0.540380,0.363561,-0.023731,0.000000,-18.211267,2.171276,-29.208894,-0.366417,1.202570,0.085633,-0.513489,0.179518,0.899688,0.133858,1.332729,-3.004158,-0.537235,0.088548,0.701220,-1.159793,1.558759,2.248622,5
3478904313201,-0.000296,-0.254078,1.556583,-3.154656,-37.731081,-6.237472,-0.029085,-0.240546,1.429744,-2.613929,-38.172118,-6.744962,-0.441336,0.111721,-0.544341,0.370206,-0.020883,0.000000,-18.195320,2.836966,-28.879143,-0.296950,1.146187,0.085424,-0.513400,0.179761,0.899909,0.135168,1.332254,-3.003261,-0.537235,0.088548,0.701220,-1.159793,1.558759,2.248622,5
3478905313187,-0.000719,-0.253964,1.556040,-3.154287,-37.731101,-6.237471,-0.029506,-0.240440,1.429146,-2.613101,-38.172746,-6.745681,-0.442129,0.114098,-0.542757,0.369257,-0.020883,0.000000,-18.073391,2.240335,-29.046544,-0.330033,1.171715,0.085483,-0.513322,0.179975,0.900119,0.136424,1.331800,-3.002366,-0.537235,0.088548,0.701220,-1.159793,1.558759,2.248622,5
3478906313652,-0.001161,-0.253854,1.555487,-3.153916,-37.731121,-6.237469,-0.029927,-0.240334,1.428550,-2.612275,-38.173372,-6.746398,-0.442129,0.110136,-0.553057,0.371155,-0.019934,0.000000,-17.932985,3.563409,-28.332463,-0.162264,1.054310,0.085495,-0.513237,0.180200,0.900338,0.137677,1.331331,-3.001492,-0.537235,0.088548,0.701220,-1.159793,1.558759,2.248622,5
3478907312798,-0.001597,-0.253738,1.554961,-3.153540,-37.731141,-6.237471,-0.030347,-0.240228,1.427954,-2.611450,-38.173998,-6.747114,-0.436582,0.115682,-0.552265,0.375901,-0.019934,0.000000,-18.323703,2.200487,-28.726182,-0.266469,1.115091,0.085165,-0.513161,0.180421,0.900536,0.138947,1.330893,-3.000594,-0.537235,0.088548,0.701220,-1.159793,1.558759,2.248622,5
3478908313485,-0.002035,-0.253625,1.554411,-3.153167,-37.731162,-6.237471,-0.030766,-0.240122,1.427360,-2.610626,-38.174622,-6.747830,-0.437375,0.113305,-0.550680,0.373053,-0.020883,0.000000,-18.156423,2.690441,-28.583665,-0.224463,1.091918,0.085311,-0.513078,0.180643,0.900751,0.140194,1.330430,-2.999722,-0.537235,0.088548,0.701220,-1.159793,1.558759,2.248622,5
3478909312927,-0.002471,-0.253516,1.553860,-3.152794,-37.731182,-6.237472,-0.031185,-0.240016,1.426766,-2.609804,-38.175245,-6.748544,-0.435790,0.108551,-0.550680,0.373053,-0.019934,0.000000,-18.161284,3.768071,-28.241592,-0.143794,1.035397,0.085307,-0.512993,0.180863,0.900968,0.141428,1.329960,-2.998860,-0.537235,0.088548,0.701220,-1.159793,1.558759,2.248622,5
3478910283045,-0.002909,-0.253406,1.553285,-3.152412,-37.731202,-6.237471,-0.031603,-0.239911,1.426173,-2.608983,-38.175868,-6.749256,-0.438167,0.110136,-0.550680,0.381597,-0.019934,0.000000,-17.891339,3.406314,-28.315851,-0.164810,1.045922,0.085118,-0.512905,0.181085,0.901198,0.142686,1.329467,-2.997975,-0.537235,0.088548,0.701220,-1.159793,1.558759,2.248622,5
3478911313536,-0.003345,-0.253296,1.552755,-3.152031,-37.731222,-6.237472,-0.032021,-0.239806,1.425581,-2.608164,-38.176489,-6.749968,-0.436582,0.110136,-0.553849,0.381597,-0.019934,0.000000,-17.917429,3.525785,-28.152814,-0.126092,1.017891,0.085099,-0.512824,0.181306,0.901401,0.143957,1.329017,-2.997076,-0.537235,0.088548,0.701220,-1.159793,1.558759,2.248622,5
3478912313099,-0.003780,-0.253189,1.552203,-3.151649,-37.731240,-6.237471,-0.032437,-0.239701,1.424991,-2.607345,-38.177109,-6.750678,-0.434998,0.106967,-0.551472,0.381597,-0.018036,0.000000,-17.935304,4.153673,-28.003772,-0.090629,0.991954,0.085077,-0.512738,0.181527,0.901619,0.145214,1.328540,-2.996187,-0.537235,0.088548,0.701220,-1.159793,1.558759,2.248622,5
3478913283103,-0.004195,-0.253085,1.551652,-3.151279,-37.731264,-6.237472,-0.032853,-0.239596,1.424401,-2.606529,-38.177728,-6.751388,-0.433413,0.106967,-0.550680,0.387292,-0.021833,0.000000,-17.987331,4.095695,-28.028728,-0.103423,0.996719,0.084860,-0.512653,0.181737,0.901838,0.146412,1.328069,-2.995341,-0.537235,0.088548,0.701220,-1.159793,1.558759,2.248622,5
3478914283284,-0.004651,-0.252971,1.551081,-3.150873,-37.731285,-6.237471,-0.033268,-0.239491,1.423812,-2.605713,-38.178347,-6.752095,-0.438167,0.109344,-0.545926,0.387292,-0.018036,0.000000,-17.522591,3.413912,-28.291977,-0.153076,1.036114,0.085002,-0.512565,0.181967,0.902060,0.147751,1.327579,-2.994387,-0.537235,0.088548,0.701220,-1.159793,1.558759,2.248622,5
3478915283141,-0.005076,-0.252861,1.550556,-3.150478,-37.731310,-6.237470,-0.033683,-0.239387,1.423225,-2.604899,-38.178964,-6.752802,-0.424697,0.110136,-0.547511,0.395835,-0.025630,0.000000,-18.512337,3.138686,-28.355415,-0.200092,1.048207,0.084318,-0.512488,0.182182,0.902255,0.149073,1.327136,-2.993423,-0.537235,0.088548,0.701220,-1.159793,1.558759,2.248622,5
3478916324945,-0.005491,-0.252756,1.550009,-3.150104,-37.731331,-6.237471,-0.034097,-0.239282,1.422638,-2.604087,-38.179580,-6.753508,-0.432621,0.110928,-0.546718,0.390140,-0.022782,0.000000,-17.805670,3.034809,-28.321906,-0.167411,1.040356,0.084761,-0.512404,0.182391,0.902471,0.150276,1.326665,-2.992570,-0.537235,0.088548,0.701220,-1.159793,1.558759,2.248622,5
3478917314173,-0.005924,-0.252650,1.549490,-3.149704,-37.731357,-6.237472,-0.034510,-0.239178,1.422052,-2.603276,-38.180195,-6.754212,-0.432621,0.106174,-0.541172,0.399632,-0.025630,0.000000,-17.698062,3.833340,-28.267689,-0.163823,1.033059,0.084474,-0.512324,0.182610,0.902664,0.151596,1.326223,-2.991614,-0.537235,0.088548,0.701220,-1.159793,1.558759,2.248622,5
3478918313137,-0.006353,-0.252537,1.548931,-3.149305,-37.731383,-6.237471,-0.034922,-0.239074,1.421468,-2.602466,-38.180809,-6.754915,-0.429451,0.112513,-0.534041,0.398683,-0.025630,0.000000,-17.911006,2.087505,-28.920043,-0.317682,1.136533,0.084367,-0.512241,0.182827,0.902878,0.152894,1.325748,-2.990676,-0.537235,0.088548,0.701220,-1.159793,1.558759,2.248622,5
3478919314139,-0.006801,-0.252422,1.548372,-3.148887,-37.731410,-6.237471,-0.035334,-0.238970,1.420884,-2.601658,-38.181421,-6.755617,-0.430244,0.110136,-0.535626,0.402480,-0.026579,0.000000,-17.721376,2.677449,-28.674006,-0.260608,1.096394,0.084298,-0.512158,0.183053,0.903087,0.154262,1.325273,-2.989684,-0.537235,0.088548,0.701220,-1.159793,1.558759,2.248622,5
3478920313354,-0.007230,-0.252311,1.547841,-3.148473,-37.731437,-6.237472,-0.035745,-0.238867,1.420302,-2.600851,-38.182033,-6.756318,-0.428659,0.111721,-0.530871,0.413871,-0.027528,0.000000,-17.779278,2.046934,-28.995905,-0.350789,1.147587,0.083866,-0.512080,0.183269,0.903281,0.155620,1.324823,-2.988684,-0.537235,0.088548,0.701220,-1.159793,1.558759,2.248622,5
3478921283497,-0.007659,-0.252200,1.547334,-3.148066,-37.731468,-6.237472,-0.036155,-0.238763,1.419720,-2.600045,-38.182644,-6.757017,-0.428659,0.110136,-0.529287,0.407226,-0.030376,0.000000,-17.675220,2.352339,-28.906854,-0.318108,1.134126,0.084094,-0.512005,0.183485,0.903461,0.156966,1.324398,-2.987696,-0.537235,0.088548,0.701220,-1.159793,1.558759,2.248622,5
3478922313666,-0.008084,-0.252086,1.546787,-3.147651,-37.731500,-6.237472,-0.036564,-0.238660,1.419139,-2.599241,-38.183253,-6.757715,-0.424697,0.114098,-0.525325,0.414820,-0.032274,0.000000,-17.934403,1.213946,-29.334219,-0.432552,1.202471,0.083700,-0.511927,0.183699,0.903663,0.158311,1.323938,-2.986704,-0.537235,0.088548,0.701220,-1.159793,1.558759,2.248622,5
3478923313373,-0.008510,-0.251970,1.546288,-3.147231,-37.731536,-6.237472,-0.036973,-0.238557,1.418560,-2.598439,-38.183862,-6.758412,-0.426282,0.116475,-0.521363,0.419567,-0.036071,0.000000,-17.741407,0.457562,-29.652349,-0.507344,1.254789,0.083579,-0.511859,0.183914,0.903831,0.159713,1.323531,-2.985657,-0.537235,0.088548,0.701220,-1.159793,1.558759,2.248622,5
3478924312929,-0.008919,-0.251860,1.545776,-3.146827,-37.731565,-6.237470,-0.037381,-0.238454,1.417982,-2.597638,-38.184469,-6.759108,-0.427074,0.116475,-0.512648,0.424313,-0.032274,0.000000,-17.618777,0.074881,-29.990165,-0.588268,1.306525,0.083429,-0.511786,0.184120,0.904015,0.161036,1.323098,-2.984673,-0.537235,0.088548,0.701220,-1.159793,1.558759,2.248622,5
3478925283034,-0.009361,-0.251739,1.545259,-3.146385,-37.731606,-6.237472,-0.037788,-0.238351,1.417404,-2.596838,-38.185076,-6.759802,-0.425490,0.117267,-0.516609,0.425262,-0.039868,0.000000,-17.633552,-0.008302,-29.880131,-0.564028,1.291583,0.083361,-0.511715,0.184342,0.904187,0.162492,1.322678,-2.983583,-0.537235,0.088548,0.701220,-1.159793,1.558759,2.248622,5
3478926316459,-0.009783,-0.251621,1.544736,-3.145956,-37.731639,-6.237472,-0.038195,-0.238249,1.416828,-2.596040,-38.185681,-6.760496,-0.422320,0.118059,-0.503932,0.429059,-0.032274,0.000000,-17.827029,-0.766714,-30.434600,-0.701996,1.376300,0.083095,-0.511644,0.184555,0.904368,0.163893,1.322242,-2.982529,-0.537235,0.088548,0.701220,-1.159793,1.558759,2.248622,5
3478927314542,-0.010205,-0.251504,1.544254,-3.145524,-37.731675,-6.237471,-0.038600,-0.238146,1.416252,-2.595243,-38.186285,-6.761187,-0.421528,0.117267,-0.503139,0.431907,-0.036071,0.000000,-17.795889,-0.690758,-30.429060,-0.703306,1.376608,0.082979,-0.511580,0.184767,0.904524,0.165338,1.321847,-2.981432,-0.537235,0.088548,0.701220,-1.159793,1.558759,2.248622,5
3478928283307,-0.010606,-0.251395,1.543773,-3.145106,-37.731710,-6.237472,-0.039005,-0.238044,1.415678,-2.594447,-38.186888,-6.761878,-0.419151,0.113305,-0.502347,0.430957,-0.038919,0.000000,-17.883888,0.130303,-30.204536,-0.651534,1.341555,0.082948,-0.511514,0.184968,0.904684,0.166711,1.321448,-2.980387,-0.537235,0.088548,0.701220,-1.159793,1.558759,2.248622,5
3478929283018,-0.011043,-0.251273,1.543235,-3.144646,-37.731753,-6.237471,-0.039410,-0.237942,1.415105,-2.593654,-38.187490,-6.762567,-0.419943,0.118059,-0.498385,0.442348,-0.040818,0.000000,-17.756955,-1.198054,-30.690269,-0.776292,1.419410,0.082567,-0.511442,0.185188,0.904865,0.168217,1.321003,-2.979239,-0.537235,0.088548,0.701220,-1.159793,1.558759,2.248622,5
3478930283260,-0.011463,-0.251153,1.542736,-3.144208,-37.731790,-6.237472,-0.039813,-0.237841,1.414533,-2.592861,-38.188090,-6.763255,-0.419943,0.119644,-0.498385,0.438551,-0.037021,0.000000,-17.670829,-1.572786,-30.742345,-0.781258,1.424286,0.082679,-0.511377,0.185399,0.905027,0.169649,1.320594,-2.978152,-0.537235,0.088548,0.701220,-1.159793,1.558759,2.248622,5
3478931327296,-0.011862,-0.251044,1.542262,-3.143783,-37.731828,-6.237472,-0.040216,-0.237739,1.413962,-2.592070,-38.188690,-6.763942,-0.416774,0.113305,-0.496008,0.446145,-0.040818,0.000000,-17.813631,-0.327142,-30.480671,-0.733543,1.384242,0.082350,-0.511313,0.185599,0.905183,0.171045,1.320199,-2.977081,-0.537235,0.088548,0.701220,-1.159793,1.558759,2.248622,5
3478932283497,-0.012278,-0.250929,1.541764,-3.143335,-37.731869,-6.237471,-0.040618,-0.237638,1.413392,-2.591281,-38.189289,-6.764628,-0.415981,0.115682,-0.497593,0.447095,-0.041767,0.000000,-17.795423,-0.847720,-30.553543,-0.751335,1.394978,0.082281,-0.511247,0.185808,0.905344,0.172512,1.319789,-2.975952,-0.537235,0.088548,0.701220,-1.159793,1.558759,2.248622,5
3478933314415,-0.012696,-0.250813,1.541264,-3.142886,-37.731908,-6.237472,-0.041019,-0.237536,1.412823,-2.590493,-38.189886,-6.765312,-0.417566,0.115682,-0.499970,0.448993,-0.038919,0.000000,-17.569924,-0.771102,-30.426936,-0.719090,1.371542,0.082270,-0.511180,0.186017,0.905507,0.173969,1.319372,-2.974834,-0.537235,0.088548,0.701220,-1.159793,1.558759,2.248622,5
3478934283585,-0.013145,-0.250688,1.540750,-3.142400,-37.731949,-6.237471,-0.041420,-0.237435,1.412255,-2.589706,-38.190482,-6.765995,-0.414397,0.114098,-0.493631,0.447095,-0.039868,0.002848,-17.703066,-0.740562,-30.570915,-0.754039,1.395181,0.082164,-0.511112,0.186242,0.905666,0.175571,1.318946,-2.973597,-0.537235,0.088548,0.701220,-1.159793,1.558759,2.248622,5
3478935311871,-0.013525,-0.250585,1.540270,-3.141990,-37.731986,-6.237472,-0.041820,-0.237335,1.411688,-2.588921,-38.191077,-6.766677,-0.413604,0.113305,-0.499178,0.446145,-0.037970,0.000000,-17.681844,-0.337750,-30.261106,-0.679926,1.342633,0.082229,-0.511046,0.186432,0.905830,0.176868,1.318541,-2.972608,-0.537235,0.088548,0.701220,-1.159793,1.558759,2.248622,5
3478936283304,-0.013955,-0.250466,1.539748,-3.141515,-37.732025,-6.237471,-0.042219,-0.237234,1.411122,-2.588138,-38.191671,-6.767357,-0.412812,0.114098,-0.502347,0.454689,-0.039868,0.000000,-17.638334,-0.467042,-30.198335,-0.676125,1.332067,0.081921,-0.510976,0.186648,0.906001,0.178408,1.318099,-2.971415,-0.537235,0.088548,0.701220,-1.159793,1.558759,2.248622,5
3478937314120,-0.014353,-0.250358,1.539291,-3.141083,-37.732062,-6.237470,-0.042617,-0.237134,1.410558,-2.587356,-38.192264,-6.768036,-0.414397,0.114098,-0.500762,0.455638,-0.037970,0.000000,-17.435133,-0.554831,-30.244842,-0.682938,1.337385,0.081929,-0.510913,0.186847,0.906145,0.179812,1.317716,-2.970333,-0.537235,0.088548,0.701220,-1.159793,1.558759,2.248622,5
3478938312016,-0.014782,-0.250244,1.538761,-3.140609,-37.732098,-6.237471,-0.043014,-0.237033,1.409994,-2.586575,-38.192856,-6.768714,-0.411227,0.107759,-0.508686,0.454689,-0.036071,0.000000,-17.517761,1.190470,-29.479975,-0.507008,1.212288,0.081901,-0.510839,0.187062,0.906324,0.181311,1.317258,-2.969179,-0.537235,0.088548,0.701220,-1.159793,1.558759,2.248622,5
3478939313155,-0.015177,-0.250140,1.538259,-3.140174,-37.732132,-6.237471,-0.043411,-0.236933,1.409432,-2.585796,-38.193447,-6.769390,-0.412812,0.108551,-0.502347,0.454689,-0.031325,0.000000,-17.327912,0.762997,-29.739155,-0.562373,1.250526,0.081920,-0.510767,0.187259,0.906498,0.182674,1.316822,-2.968134,-0.537235,0.088548,0.701220,-1.159793,1.558759,2.248622,5
3478940313025,-0.015604,-0.250028,1.537753,-3.139695,-37.732169,-6.237470,-0.043807,-0.236833,1.408871,-2.585019,-38.194036,-6.770065,-0.412020,0.109344,-0.505516,0.458486,-0.034173,0.000000,-17.281171,0.661516,-29.657890,-0.548037,1.237588,0.081764,-0.510696,0.187473,0.906661,0.184209,1.316386,-2.966942,-0.537235,0.088548,0.701220,-1.159793,1.558759,2.248622,5
3478941313675,-0.016013,-0.249921,1.537243,-3.139239,-37.732206,-6.237469,-0.044202,-0.236734,1.408310,-2.584243,-38.194624,-6.770739,-0.408850,0.106967,-0.510270,0.455638,-0.037021,0.000000,-17.409496,1.377255,-29.281064,-0.460518,1.177556,0.081768,-0.510623,0.187677,0.906835,0.185641,1.315943,-2.965836,-0.537235,0.088548,0.701220,-1.159793,1.558759,2.248622,5
3478942313733,-0.016419,-0.249814,1.536714,-3.138783,-37.732238,-6.237471,-0.044596,-0.236634,1.407751,-2.583468,-38.195211,-6.771411,-0.405681,0.106967,-0.505516,0.456587,-0.031325,0.000000,-17.577197,1.163089,-29.436466,-0.502672,1.198806,0.081606,-0.510547,0.187879,0.907021,0.187043,1.315476,-2.964759,-0.537235,0.088548,0.701220,-1.159793,1.558759,2.248622,5
3478943283822,-0.016829,-0.249706,1.536226,-3.138330,-37.732269,-6.237471,-0.044990,-0.236535,1.407193,-2.582696,-38.195797,-6.772082,-0.409643,0.107759,-0.509478,0.452790,-0.031325,0.000000,-17.159298,1.177066,-29.261726,-0.446779,1.168751,0.081856,-0.510477,0.188084,0.907182,0.188464,1.315049,-2.963667,-0.537235,0.088548,0.701220,-1.159793,1.558759,2.248622,5
3478944283296,-0.017237,-0.249598,1.535691,-3.137872,-37.732304,-6.237470,-0.045383,-0.236436,1.406636,-2.581924,-38.196382,-6.772752,-0.408058,0.108551,-0.514232,0.458486,-0.035122,0.000000,-17.183929,1.146126,-29.113429,-0.421007,1.145410,0.081619,-0.510400,0.188287,0.907370,0.189872,1.314580,-2.962583,-0.537235,0.088548,0.701220,-1.159793,1.558759,2.248622,5
3478945283372,-0.017646,-0.249491,1.535180,-3.137416,-37.732336,-6.237472,-0.045775,-0.236337,1.406080,-2.581154,-38.196966,-6.773421,-0.408850,0.106967,-0.511063,0.455638,-0.032274,0.000000,-17.017203,1.392843,-29.081589,-0.405975,1.137944,0.081724,-0.510327,0.188491,0.907545,0.191268,1.314130,-2.961514,-0.537235,0.088548,0.701220,-1.159793,1.558759,2.248622,5
3478946315542,-0.018038,-0.249389,1.534688,-3.136973,-37.732366,-6.237472,-0.046166,-0.236239,1.405526,-2.580386,-38.197548,-6.774088,-0.409643,0.105382,-0.513440,0.462283,-0.030376,0.000000,-16.856179,1.829043,-28.872968,-0.362309,1.101872,0.081538,-0.510255,0.188686,0.907714,0.192629,1.313692,-2.960465,-0.537235,0.088548,0.701220,-1.159793,1.558759,2.248622,5
3478947314934,-0.018439,-0.249285,1.534175,-3.136512,-37.732401,-6.237471,-0.046557,-0.236140,1.404972,-2.579620,-38.198129,-6.774753,-0.401719,0.103797,-0.512648,0.460384,-0.035122,0.000000,-17.380279,2.095116,-28.799893,-0.357120,1.092833,0.081329,-0.510180,0.188886,0.907890,0.194042,1.313238,-2.959370,-0.537235,0.088548,0.701220,-1.159793,1.558759,2.248622,5
3478948283522,-0.018840,-0.249178,1.533667,-3.136047,-37.732435,-6.237471,-0.046946,-0.236042,1.404420,-2.578854,-38.198710,-6.775418,-0.400927,0.106967,-0.507893,0.465130,-0.034173,0.000000,-17.381002,1.135155,-29.185811,-0.453669,1.153345,0.081103,-0.510109,0.189086,0.908061,0.195469,1.312789,-2.958259,-0.537235,0.088548,0.701220,-1.159793,1.558759,2.248622,5
3478949315129,-0.019261,-0.249071,1.533131,-3.135561,-37.732466,-6.237470,-0.047335,-0.235944,1.403868,-2.578091,-38.199288,-6.776081,-0.403304,0.103005,-0.512648,0.465130,-0.031325,0.000000,-17.042834,2.265016,-28.671502,-0.326436,1.067555,0.081198,-0.510030,0.189295,0.908246,0.196947,1.312306,-2.957114,-0.537235,0.088548,0.701220,-1.159793,1.558759,2.248622,5
3478950312973,-0.019661,-0.248967,1.532625,-3.135091,-37.732497,-6.237471,-0.047723,-0.235846,1.403318,-2.577329,-38.199866,-6.776743,-0.400134,0.103797,-0.505516,0.469877,-0.030376,0.000000,-17.221366,1.735625,-29.012309,-0.417234,1.121618,0.080896,-0.509956,0.189494,0.908417,0.198373,1.311851,-2.956002,-0.537235,0.088548,0.701220,-1.159793,1.558759,2.248622,5
3478951313044,-0.020049,-0.248866,1.532137,-3.134643,-37.732530,-6.237472,-0.048110,-0.235748,1.402769,-2.576568,-38.200443,-6.777403,-0.406473,0.106174,-0.509478,0.466080,-0.032274,0.000000,-16.635495,1.416166,-28.927410,-0.377396,1.106432,0.081214,-0.509886,0.189686,0.908582,0.199724,1.311417,-2.954957,-0.537235,0.088548,0.701220,-1.159793,1.558759,2.248622,5
3478952313961,-0.020465,-0.248758,1.531604,-3.134152,-37.732567,-6.237472,-0.048497,-0.235651,1.402221,-2.575809,-38.201018,-6.778062,-0.400927,0.105382,-0.511855,0.472724,-0.034173,0.000000,-16.956204,1.618016,-28.791309,-0.364333,1.084985,0.080808,-0.509808,0.189893,0.908763,0.201210,1.310940,-2.953798,-0.537235,0.088548,0.701220,-1.159793,1.558759,2.248622,5
3478953313284,-0.020865,-0.248652,1.531101,-3.133683,-37.732601,-6.237473,-0.048883,-0.235554,1.401674,-2.575052,-38.201592,-6.778719,-0.399342,0.106174,-0.502347,0.469877,-0.034173,0.000000,-17.008579,1.026481,-29.191669,-0.455654,1.149358,0.080796,-0.509737,0.190092,0.908930,0.202624,1.310492,-2.952697,-0.537235,0.088548,0.701220,-1.159793,1.558759,2.248622,5
3478954283371,-0.021263,-0.248550,1.530594,-3.133212,-37.732631,-6.237471,-0.049267,-0.235456,1.401129,-2.574296,-38.202165,-6.779376,-0.397757,0.102213,-0.507101,0.470826,-0.029427,0.002848,-17.000410,2.127338,-28.700467,-0.343665,1.066634,0.080681,-0.509663,0.190289,0.909103,0.204043,1.310030,-2.951589,-0.537235,0.088548,0.701220,-1.159793,1.558759,2.248622,5
3478955313745,-0.021664,-0.248444,1.530109,-3.132739,-37.732665,-6.237472,-0.049651,-0.235360,1.400584,-2.573542,-38.202737,-6.780031,-0.400927,0.106174,-0.506309,0.472724,-0.034173,0.000000,-16.676326,1.172809,-28.965256,-0.399660,1.109896,0.080731,-0.509594,0.190488,0.909259,0.205474,1.309598,-2.950472,-0.537235,0.088548,0.701220,-1.159793,1.558759,2.248622,5
3478956313806,-0.022060,-0.248338,1.529579,-3.132263,-37.732697,-6.237470,-0.050035,-0.235263,1.400041,-2.572790,-38.203307,-6.780684,-0.396173,0.105382,-0.509478,0.476521,-0.032274,0.000000,-16.943925,1.440377,-28.768364,-0.367422,1.076383,0.080441,-0.509518,0.190684,0.909443,0.206886,1.309117,-2.949368,-0.537235,0.088548,0.701220,-1.159793,1.558759,2.248622,5
3478957314343,-0.022442,-0.248239,1.529086,-3.131806,-37.732730,-6.237470,-0.050417,-0.235167,1.399499,-2.572039,-38.203877,-6.781336,-0.396965,0.104590,-0.515817,0.475572,-0.034173,0.000000,-16.773481,1.893178,-28.416047,-0.280501,1.018967,0.080502,-0.509447,0.190873,0.909609,0.208241,1.308673,-2.948310,-0.537235,0.088548,0.701220,-1.159793,1.558759,2.248622,5
3478958283286,-0.022853,-0.248131,1.528555,-3.131312,-37.732764,-6.237469,-0.050799,-0.235070,1.398958,-2.571289,-38.204445,-6.781987,-0.394588,0.103005,-0.510270,0.476521,-0.032274,0.000000,-16.851727,2.001136,-28.505160,-0.305831,1.032181,0.080361,-0.509371,0.191077,0.909789,0.209702,1.308190,-2.947169,-0.537235,0.088548,0.701220,-1.159793,1.558759,2.248622,5
3478959283074,-0.023247,-0.248022,1.528047,-3.130837,-37.732798,-6.237470,-0.051179,-0.234974,1.398418,-2.570542,-38.205012,-6.782636,-0.394588,0.108551,-0.507893,0.475572,-0.033224,0.000000,-16.792115,0.618917,-28.918424,-0.400140,1.097560,0.080335,-0.509301,0.191272,0.909957,0.211106,1.307735,-2.946072,-0.537235,0.088548,0.701220,-1.159793,1.558759,2.248622,5
3478960283586,-0.023638,-0.247917,1.527533,-3.130355,-37.732832,-6.237472,-0.051559,-0.234878,1.397879,-2.569796,-38.205577,-6.783284,-0.390626,0.105382,-0.513440,0.482217,-0.034173,-0.002848,-16.979670,1.508232,-28.495021,-0.316953,1.029286,0.080041,-0.509229,0.191465,0.910129,0.212515,1.307270,-2.944964,-0.537235,0.088548,0.701220,-1.159793,1.558759,2.248622,5
3478961313507,-0.024018,-0.247816,1.527041,-3.129899,-37.732862,-6.237470,-0.051939,-0.234783,1.397342,-2.569051,-38.206142,-6.783930,-0.393796,0.103797,-0.515025,0.478420,-0.033224,0.000000,-16.623340,1.978783,-28.256186,-0.247373,0.988625,0.080217,-0.509158,0.191653,0.910297,0.213854,1.306821,-2.943919,-0.537235,0.088548,0.701220,-1.159793,1.558759,2.248622,5
3478962313304,-0.024408,-0.247711,1.526549,-3.129415,-37.732895,-6.237472,-0.052317,-0.234687,1.396805,-2.568308,-38.206705,-6.784575,-0.390626,0.105382,-0.513440,0.484115,-0.035122,0.000000,-16.793025,1.477362,-28.435322,-0.302453,1.017845,0.079889,-0.509090,0.191846,0.910455,0.215280,1.306375,-2.942793,-0.537235,0.088548,0.701220,-1.159793,1.558759,2.248622,5
3478963314053,-0.024800,-0.247606,1.526016,-3.128934,-37.732930,-6.237470,-0.052694,-0.234592,1.396270,-2.567567,-38.207267,-6.785219,-0.392211,0.105382,-0.511855,0.480318,-0.034173,0.000000,-16.566252,1.445507,-28.421721,-0.289194,1.013815,0.080036,-0.509014,0.192039,0.910639,0.216667,1.305888,-2.941708,-0.537235,0.088548,0.701220,-1.159793,1.558759,2.248622,5
3478964312802,-0.025212,-0.247499,1.525484,-3.128433,-37.732965,-6.237472,-0.053071,-0.234497,1.395736,-2.566827,-38.207828,-6.785861,-0.394588,0.103005,-0.510270,0.481267,-0.033224,0.000000,-16.247461,1.939053,-28.276189,-0.249044,0.988632,0.080070,-0.508936,0.192243,0.910819,0.218112,1.305401,-2.940581,-0.537235,0.088548,0.701220,-1.159793,1.558759,2.248622,5
3478965283305,-0.025602,-0.247396,1.524995,-3.127945,-37.733003,-6.237471,-0.053447,-0.234402,1.395203,-2.566089,-38.208387,-6.786502,-0.389834,0.103005,-0.510270,0.487912,-0.037970,0.000000,-16.527781,1.848262,-28.305141,-0.273723,0.995761,0.079668,-0.508867,0.192435,0.910975,0.219549,1.304956,-2.939442,-0.537235,0.088548,0.701220,-1.159793,1.558759,2.248622,5
3478966314116,-0.025991,-0.247295,1.524469,-3.127461,-37.733034,-6.237471,-0.053822,-0.234308,1.394671,-2.565353,-38.208946,-6.787142,-0.388249,0.101420,-0.503932,0.484115,-0.031325,0.000000,-16.553469,1.973962,-28.384585,-0.289223,1.004710,0.079699,-0.508790,0.192626,0.911157,0.220926,1.304468,-2.938361,-0.537235,0.088548,0.701220,-1.159793,1.558759,2.248622,5
3478967314656,-0.026379,-0.247192,1.523985,-3.126972,-37.733072,-6.237471,-0.054196,-0.234214,1.394141,-2.564618,-38.209503,-6.787780,-0.388249,0.103005,-0.505516,0.488861,-0.037970,0.000000,-16.461919,1.624338,-28.427896,-0.304262,1.013942,0.079516,-0.508722,0.192818,0.911309,0.222359,1.304028,-2.937225,-0.537235,0.088548,0.701220,-1.159793,1.558759,2.248622,5
3478968283175,-0.026752,-0.247090,1.523503,-3.126496,-37.733106,-6.237472,-0.054569,-0.234119,1.393611,-2.563885,-38.210059,-6.788416,-0.389042,0.104590,-0.501555,0.495506,-0.036071,0.000000,-16.332390,1.057865,-28.683992,-0.369899,1.052793,0.079279,-0.508656,0.193001,0.911464,0.223733,1.303587,-2.936135,-0.537235,0.088548,0.701220,-1.159793,1.558759,2.248622,5
3478969313737,-0.027151,-0.246982,1.522957,-3.125979,-37.733144,-6.237472,-0.054942,-0.234025,1.393083,-2.563153,-38.210613,-6.789051,-0.385080,0.102213,-0.503932,0.495506,-0.037021,0.000000,-16.511985,1.672902,-28.396023,-0.310193,1.006804,0.079132,-0.508580,0.193197,0.911648,0.225202,1.303083,-2.934967,-0.537235,0.088548,0.701220,-1.159793,1.558759,2.248622,5
3478970284016,-0.027539,-0.246880,1.522459,-3.125478,-37.733182,-6.237471,-0.055314,-0.233932,1.392556,-2.562424,-38.211166,-6.789685,-0.387457,0.102213,-0.498385,0.501202,-0.037970,0.000000,-16.235787,1.418512,-28.605049,-0.359594,1.039763,0.078980,-0.508509,0.193388,0.911808,0.226656,1.302623,-2.933806,-0.537235,0.088548,0.701220,-1.159793,1.558759,2.248622,5
3478971315070,-0.027908,-0.246779,1.521982,-3.125004,-37.733217,-6.237471,-0.055684,-0.233838,1.392031,-2.561695,-38.211719,-6.790317,-0.385872,0.104590,-0.495216,0.498354,-0.038919,0.000000,-16.293223,0.725247,-28.851665,-0.416119,1.079216,0.078967,-0.508444,0.193569,0.911960,0.228020,1.302186,-2.932721,-0.537235,0.088548,0.701220,-1.159793,1.558759,2.248622,5
3478972311548,-0.028309,-0.246669,1.521465,-3.124478,-37.733263,-6.237470,-0.056054,-0.233745,1.391506,-2.560969,-38.212269,-6.790948,-0.384288,0.104590,-0.496008,0.504999,-0.041767,0.000000,-16.304387,0.690122,-28.822249,-0.420436,1.075216,0.078666,-0.508374,0.193766,0.912121,0.229542,1.301716,-2.931500,-0.537235,0.088548,0.701220,-1.159793,1.558759,2.248622,5
3478973314002,-0.028674,-0.246568,1.520989,-3.123993,-37.733302,-6.237471,-0.056424,-0.233652,1.390983,-2.560244,-38.212819,-6.791578,-0.380326,0.105382,-0.495216,0.505948,-0.042716,0.000000,-16.538382,0.421593,-28.898069,-0.447723,1.087778,0.078460,-0.508311,0.193946,0.912270,0.230934,1.301281,-2.930382,-0.537235,0.088548,0.701220,-1.159793,1.558759,2.248622,5
3478974283292,-0.029076,-0.246459,1.520479,-3.123463,-37.733342,-6.237472,-0.056792,-0.233559,1.390461,-2.559521,-38.213367,-6.792206,-0.385080,0.105382,-0.490462,0.507846,-0.039868,0.000000,-16.054369,0.235831,-29.035255,-0.469825,1.106256,0.078511,-0.508241,0.194143,0.912428,0.232452,1.300809,-2.929165,-0.537235,0.088548,0.701220,-1.159793,1.558759,2.248622,5
3478975282966,-0.029457,-0.246347,1.519992,-3.122949,-37.733385,-6.237470,-0.057159,-0.233466,1.389940,-2.558799,-38.213914,-6.792832,-0.381118,0.111721,-0.487292,0.513542,-0.043665,0.000000,-16.317698,-1.457120,-29.598795,-0.618222,1.198415,0.078112,-0.508180,0.194329,0.912572,0.233946,1.300368,-2.927955,-0.537235,0.088548,0.701220,-1.159793,1.558759,2.248622,5
3478976283103,-0.029840,-0.246239,1.519502,-3.122426,-37.733427,-6.237469,-0.057526,-0.233374,1.389420,-2.558080,-38.214460,-6.793457,-0.382703,0.108551,-0.489669,0.523034,-0.041767,0.000000,-16.067512,-0.685478,-29.298212,-0.555371,1.147436,0.077843,-0.508117,0.194517,0.912718,0.235457,1.299918,-2.926728,-0.537235,0.088548,0.701220,-1.159793,1.558759,2.248622,5
3478977311890,-0.030205,-0.246141,1.519036,-3.121933,-37.733469,-6.237472,-0.057891,-0.233282,1.388901,-2.557361,-38.215004,-6.794081,-0.383495,0.103797,-0.486500,0.516390,-0.043665,0.000000,-15.886705,0.291335,-29.061657,-0.487492,1.110151,0.078064,-0.508054,0.194696,0.912860,0.236860,1.299488,-2.925596,-0.537235,0.088548,0.701220,-1.159793,1.558759,2.248622,5
3478978283293,-0.030583,-0.246032,1.518554,-3.121406,-37.733515,-6.237470,-0.058256,-0.233190,1.388384,-2.556645,-38.215547,-6.794703,-0.377949,0.108551,-0.482538,0.526831,-0.046513,0.000000,-16.269923,-1.100998,-29.583134,-0.636201,1.195769,0.077456,-0.507994,0.194880,0.912999,0.238387,1.299047,-2.924346,-0.537235,0.088548,0.701220,-1.159793,1.558759,2.248622,5
3478979283836,-0.030959,-0.245924,1.518075,-3.120886,-37.733564,-6.237471,-0.058620,-0.233098,1.387868,-2.555930,-38.216089,-6.795324,-0.376364,0.107759,-0.478577,0.520187,-0.048412,0.000000,-16.293785,-1.103390,-29.646011,-0.644822,1.206926,0.077567,-0.507934,0.195064,0.913137,0.239882,1.298612,-2.923130,-0.537235,0.088548,0.701220,-1.159793,1.558759,2.248622,5
3478980283251,-0.031353,-0.245815,1.517593,-3.120334,-37.733607,-6.237471,-0.058983,-0.233006,1.387353,-2.555217,-38.216630,-6.795943,-0.378741,0.105382,-0.481746,0.531578,-0.043665,0.000000,-15.972688,-0.481422,-29.365721,-0.587513,1.157080,0.077258,-0.507872,0.195257,0.913273,0.241476,1.298163,-2.921825,-0.537235,0.088548,0.701220,-1.159793,1.558759,2.248622,5
3478981282974,-0.031714,-0.245711,1.517118,-3.119827,-37.733651,-6.237472,-0.059346,-0.232915,1.386840,-2.554506,-38.217169,-6.796560,-0.375572,0.106174,-0.475407,0.530628,-0.045564,0.000000,-16.152316,-0.982136,-29.661145,-0.662159,1.206073,0.077113,-0.507812,0.195433,0.913415,0.242906,1.297726,-2.920659,-0.537235,0.088548,0.701220,-1.159793,1.558759,2.248622,5
3478982283251,-0.032092,-0.245603,1.516638,-3.119297,-37.733693,-6.237471,-0.059707,-0.232824,1.386327,-2.553796,-38.217707,-6.797177,-0.378741,0.107759,-0.480161,0.530628,-0.041767,0.000000,-15.793607,-1.140847,-29.513882,-0.619716,1.177329,0.077186,-0.507751,0.195618,0.913554,0.244423,1.297278,-2.919419,-0.537235,0.088548,0.701220,-1.159793,1.558759,2.248622,5
3478983282971,-0.032469,-0.245495,1.516160,-3.118762,-37.733744,-6.237472,-0.060068,-0.232733,1.385816,-2.553088,-38.218244,-6.797791,-0.376364,0.108551,-0.477784,0.534425,-0.051259,0.000000,-15.890077,-1.519230,-29.686954,-0.670059,1.210378,0.076925,-0.507692,0.195801,0.913688,0.245949,1.296842,-2.918167,-0.537235,0.088548,0.701220,-1.159793,1.558759,2.248622,5
3478984283271,-0.032842,-0.245390,1.515686,-3.118227,-37.733791,-6.237470,-0.060427,-0.232642,1.385306,-2.552382,-38.218780,-6.798405,-0.373195,0.104590,-0.474615,0.535374,-0.046513,0.000000,-16.019804,-0.786902,-29.537474,-0.642773,1.184290,0.076747,-0.507632,0.195983,0.913823,0.247478,1.296399,-2.916908,-0.537235,0.088548,0.701220,-1.159793,1.558759,2.248622,5
3478985283012,-0.033217,-0.245284,1.515232,-3.117690,-37.733835,-6.237470,-0.060786,-0.232552,1.384797,-2.551677,-38.219314,-6.799017,-0.374779,0.106174,-0.473823,0.537273,-0.044615,0.000000,-15.802116,-1.217299,-29.649610,-0.667157,1.199399,0.076683,-0.507576,0.196166,0.913945,0.249021,1.295974,-2.915638,-0.537235,0.088548,0.701220,-1.159793,1.558759,2.248622,5
3478986283211,-0.033591,-0.245178,1.514740,-3.117149,-37.733887,-6.237471,-0.061144,-0.232461,1.384290,-2.550974,-38.219847,-6.799627,-0.373987,0.106174,-0.469861,0.541070,-0.045564,0.000000,-15.769715,-1.437478,-29.800866,-0.708677,1.223762,0.076473,-0.507514,0.196347,0.914087,0.250539,1.295519,-2.914390,-0.537235,0.088548,0.701220,-1.159793,1.558759,2.248622,5
3478987283148,-0.033959,-0.245072,1.514265,-3.116605,-37.733938,-6.237471,-0.061501,-0.232371,1.383784,-2.550273,-38.220378,-6.800236,-0.368441,0.105382,-0.475407,0.543918,-0.051259,0.000000,-16.090676,-1.116878,-29.541818,-0.665105,1.185665,0.076158,-0.507455,0.196526,0.914219,0.252079,1.295077,-2.913114,-0.537235,0.088548,0.701220,-1.159793,1.558759,2.248622,5
3478988291789,-0.034328,-0.244970,1.513791,-3.116066,-37.733985,-6.237471,-0.061857,-0.232282,1.383279,-2.549574,-38.220908,-6.800843,-0.369233,0.102213,-0.473823,0.539171,-0.047462,0.000000,-15.903754,-0.438338,-29.333950,-0.607148,1.149264,0.076301,-0.507394,0.196706,0.914354,0.253592,1.294630,-2.911865,-0.537235,0.088548,0.701220,-1.159793,1.558759,2.248622,5
3478989311721,-0.034698,-0.244867,1.513315,-3.115521,-37.734036,-6.237471,-0.062213,-0.232192,1.382775,-2.548876,-38.221437,-6.801449,-0.370025,0.103005,-0.476200,0.544867,-0.050310,0.000000,-15.738327,-0.571188,-29.285651,-0.600975,1.141316,0.076098,-0.507334,0.196885,0.914489,0.255121,1.294183,-2.910601,-0.537235,0.088548,0.701220,-1.159793,1.558759,2.248622,5
3478990283144,-0.035063,-0.244763,1.512858,-3.114982,-37.734082,-6.237470,-0.062567,-0.232103,1.382272,-2.548180,-38.221965,-6.802053,-0.364479,0.103797,-0.476992,0.539171,-0.047462,0.000000,-16.075723,-0.760036,-29.268498,-0.603213,1.137626,0.076035,-0.507277,0.197062,0.914612,0.256645,1.293752,-2.909338,-0.537235,0.088548,0.701220,-1.159793,1.558759,2.248622,5
3478991282963,-0.035431,-0.244660,1.512365,-3.114436,-37.734133,-6.237470,-0.062921,-0.232013,1.381771,-2.547486,-38.222491,-6.802656,-0.368441,0.103797,-0.474615,0.545816,-0.050310,0.000000,-15.664733,-0.889555,-29.349162,-0.620117,1.149834,0.075901,-0.507215,0.197241,0.914757,0.258151,1.293287,-2.908094,-0.537235,0.088548,0.701220,-1.159793,1.558759,2.248622,5
3478992283297,-0.035816,-0.244557,1.511890,-3.113866,-37.734182,-6.237471,-0.063273,-0.231925,1.381271,-2.546793,-38.223016,-6.803257,-0.369233,0.099836,-0.474615,0.545816,-0.046513,0.000000,-15.456202,0.014796,-29.046897,-0.546100,1.098047,0.075896,-0.507153,0.197427,0.914886,0.259743,1.292831,-2.906776,-0.537235,0.088548,0.701220,-1.159793,1.558759,2.248622,5
3478993283291,-0.036168,-0.244460,1.511419,-3.113342,-37.734231,-6.237471,-0.063625,-0.231836,1.380772,-2.546103,-38.223540,-6.803857,-0.366064,0.099836,-0.471446,0.546765,-0.050310,0.000000,-15.620116,-0.169905,-29.168681,-0.583169,1.120193,0.075695,-0.507091,0.197597,0.915025,0.261178,1.292384,-2.905591,-0.537235,0.088548,0.701220,-1.159793,1.558759,2.248622,5
3478994325662,-0.036530,-0.244363,1.510942,-3.112793,-37.734280,-6.237470,-0.063976,-0.231747,1.380275,-2.545414,-38.224062,-6.804455,-0.361310,0.097458,-0.476992,0.549613,-0.049361,0.000000,-15.866788,0.557700,-28.778889,-0.507370,1.057348,0.075410,-0.507028,0.197772,0.915162,0.262692,1.291924,-2.904330,-0.537235,0.088548,0.701220,-1.159793,1.558759,2.248622,5
3478995329484,-0.036894,-0.244263,1.510462,-3.112239,-37.734329,-6.237471,-0.064326,-0.231659,1.379779,-2.544726,-38.224584,-6.805052,-0.364479,0.099043,-0.479369,0.553410,-0.048412,0.000000,-15.515392,0.288899,-28.748020,-0.497026,1.048934,0.075344,-0.506966,0.197948,0.915299,0.264205,1.291462,-2.903073,-0.537235,0.088548,0.701220,-1.159793,1.558759,2.248622,5
3478996313442,-0.037255,-0.244165,1.509986,-3.111687,-37.734379,-6.237473,-0.064675,-0.231571,1.379284,-2.544041,-38.225103,-6.805647,-0.361310,0.098251,-0.476200,0.552461,-0.050310,-0.002848,-15.662769,0.298626,-28.803557,-0.516214,1.059509,0.075247,-0.506904,0.198122,0.915434,0.265707,1.291004,-2.901824,-0.537235,0.088548,0.701220,-1.159793,1.558759,2.248622,5
3478997318675,-0.037628,-0.244065,1.509489,-3.111113,-37.734432,-6.237472,-0.065023,-0.231483,1.378790,-2.543357,-38.225622,-6.806241,-0.358932,0.098251,-0.475407,0.551512,-0.050310,-0.002848,-15.735465,0.241754,-28.797375,-0.519334,1.058404,0.075134,-0.506839,0.198302,0.915577,0.267271,1.290524,-2.900520,-0.537235,0.088548,0.701220,-1.159793,1.558759,2.248622,5
3478998284182,-0.038005,-0.243963,1.509020,-3.110563,-37.734485,-6.237470,-0.065371,-0.231396,1.378298,-2.542675,-38.226139,-6.806833,-0.361310,0.101420,-0.469861,0.550562,-0.052209,0.000000,-15.461046,-0.731746,-29.188496,-0.602969,1.120366,0.075120,-0.506777,0.198484,0.915706,0.268787,1.290074,-2.899272,-0.537235,0.088548,0.701220,-1.159793,1.558759,2.248622,5
3478999314178,-0.038351,-0.243864,1.508547,-3.110013,-37.734534,-6.237471,-0.065717,-0.231308,1.377806,-2.541995,-38.226654,-6.807424,-0.359725,0.099043,-0.472238,0.549613,-0.049361,0.000000,-15.469307,-0.099277,-28.895019,-0.536823,1.071118,0.075055,-0.506719,0.198650,0.915840,0.270274,1.289618,-2.898023,-0.537235,0.088548,0.701220,-1.159793,1.558759,2.248622,5
3479000314829,-0.038708,-0.243766,1.508077,-3.109460,-37.734584,-6.237472,-0.066062,-0.231221,1.377317,-2.541316,-38.227169,-6.808013,-0.357348,0.098251,-0.469861,0.553410,-0.050310,0.000000,-15.555163,-0.074142,-28.936564,-0.557147,1.078478,0.074788,-0.506659,0.198822,0.915971,0.271771,1.289163,-2.896774,-0.537235,0.088548,0.701220,-1.159793,1.558759,2.248622,5
3479001283248,-0.039051,-0.243672,1.507620,-3.108929,-37.734632,-6.237471,-0.066407,-0.231134,1.376828,-2.540640,-38.227682,-6.808601,-0.355763,0.098251,-0.477784,0.554359,-0.049361,0.000000,-15.569093,0.241519,-28.583624,-0.480109,1.019866,0.074671,-0.506600,0.198987,0.916102,0.273199,1.288717,-2.895582,-0.537235,0.088548,0.701220,-1.159793,1.558759,2.248622,5
3479002283311,-0.039422,-0.243570,1.507129,-3.108344,-37.734686,-6.237471,-0.066751,-0.231048,1.376341,-2.539965,-38.228193,-6.809187,-0.358140,0.098251,-0.473823,0.560055,-0.053158,0.000000,-15.274365,0.034677,-28.732474,-0.515555,1.044102,0.074497,-0.506538,0.199165,0.916238,0.274778,1.288239,-2.894259,-0.537235,0.088548,0.701220,-1.159793,1.558759,2.248622,5
3479003313536,-0.039780,-0.243470,1.506654,-3.107786,-37.734740,-6.237472,-0.067094,-0.230961,1.375855,-2.539292,-38.228704,-6.809771,-0.358140,0.100628,-0.474615,0.558156,-0.054107,0.000000,-15.177671,-0.493111,-28.810691,-0.531540,1.055650,0.074491,-0.506478,0.199337,0.916369,0.276276,1.287782,-2.893008,-0.537235,0.088548,0.701220,-1.159793,1.558759,2.248622,5
3479004313561,-0.040119,-0.243377,1.506200,-3.107251,-37.734791,-6.237468,-0.067435,-0.230875,1.375370,-2.538620,-38.229213,-6.810354,-0.352594,0.097458,-0.471446,0.558156,-0.052209,0.002848,-15.510782,0.053937,-28.719716,-0.524128,1.042006,0.074197,-0.506420,0.199499,0.916496,0.277720,1.287338,-2.891795,-0.537235,0.088548,0.701220,-1.159793,1.558759,2.248622,5
3479005283444,-0.040475,-0.243279,1.505730,-3.106691,-37.734846,-6.237471,-0.067776,-0.230789,1.374886,-2.537951,-38.229720,-6.810936,-0.355763,0.097458,-0.470653,0.560055,-0.055056,-0.002848,-15.154306,0.012374,-28.717634,-0.517112,1.040748,0.074278,-0.506360,0.199670,0.916625,0.279210,1.286881,-2.890550,-0.537235,0.088548,0.701220,-1.159793,1.558759,2.248622,5
3479006283397,-0.040841,-0.243176,1.505240,-3.106112,-37.734901,-6.237472,-0.068117,-0.230703,1.374404,-2.537283,-38.230227,-6.811516,-0.349424,0.099043,-0.469861,0.554359,-0.052209,0.000000,-15.545795,-0.419884,-28.803598,-0.547007,1.054553,0.074118,-0.506299,0.199845,0.916761,0.280748,1.286405,-2.889262,-0.537235,0.088548,0.701220,-1.159793,1.558759,2.248622,5
3479007283277,-0.041194,-0.243078,1.504769,-3.105547,-37.734957,-6.237470,-0.068456,-0.230618,1.373923,-2.536617,-38.230732,-6.812094,-0.353386,0.098251,-0.471446,0.564801,-0.056005,0.000000,-15.122136,-0.217016,-28.691970,-0.523463,1.035578,0.073870,-0.506241,0.200014,0.916889,0.282259,1.285945,-2.887991,-0.537235,0.088548,0.701220,-1.159793,1.558759,2.248622,5
3479008283059,-0.041530,-0.242984,1.504319,-3.105010,-37.735006,-6.237471,-0.068794,-0.230532,1.373444,-2.535953,-38.231235,-6.812671,-0.353386,0.099043,-0.467484,0.562903,-0.053158,0.000000,-15.040344,-0.571257,-28.858224,-0.559705,1.059774,0.073856,-0.506184,0.200175,0.917014,0.283677,1.285502,-2.886802,-0.537235,0.088548,0.701220,-1.159793,1.558759,2.248622,5
3479009284472,-0.041878,-0.242892,1.503844,-3.104448,-37.735062,-6.237472,-0.069131,-0.230447,1.372966,-2.535290,-38.231737,-6.813246,-0.347840,0.091912,-0.474615,0.561953,-0.056005,0.000000,-15.310911,1.339006,-28.080800,-0.390176,0.938136,0.073686,-0.506122,0.200341,0.917148,0.285149,1.285034,-2.885564,-0.537235,0.088548,0.701220,-1.159793,1.558759,2.248622,5
3479010315589,-0.042227,-0.242796,1.503371,-3.103887,-37.735114,-6.237469,-0.069468,-0.230362,1.372489,-2.534630,-38.232238,-6.813819,-0.349424,0.095874,-0.473030,0.561004,-0.052209,0.002848,-15.105128,0.370773,-28.342447,-0.446575,0.975649,0.073641,-0.506061,0.200508,0.917281,0.286627,1.284565,-2.884322,-0.537235,0.088548,0.701220,-1.159793,1.558759,2.248622,5
3479011313468,-0.042574,-0.242697,1.502892,-3.103332,-37.735170,-6.237471,-0.069803,-0.230278,1.372013,-2.533971,-38.232738,-6.814392,-0.346255,0.099043,-0.478577,0.554359,-0.056005,0.000000,-15.252805,-0.138768,-28.269102,-0.430081,0.965493,0.073728,-0.506002,0.200673,0.917415,0.288064,1.284101,-2.883118,-0.537235,0.088548,0.701220,-1.159793,1.558759,2.248622,5
3479012313140,-0.042921,-0.242602,1.502414,-3.102770,-37.735223,-6.237472,-0.070138,-0.230193,1.371539,-2.533314,-38.233236,-6.814962,-0.347840,0.095081,-0.478577,0.561953,-0.053158,0.000000,-14.998359,0.751939,-27.988724,-0.368986,0.917160,0.073498,-0.505941,0.200838,0.917551,0.289517,1.283627,-2.881899,-0.537235,0.088548,0.701220,-1.159793,1.558759,2.248622,5
3479013313129,-0.043280,-0.242503,1.501916,-3.102193,-37.735278,-6.237472,-0.070471,-0.230109,1.371065,-2.532659,-38.233733,-6.815531,-0.344670,0.096666,-0.476992,0.556258,-0.053158,0.000000,-15.139882,0.314193,-28.093467,-0.394829,0.934338,0.073492,-0.505877,0.201009,0.917694,0.291003,1.283135,-2.880655,-0.537235,0.088548,0.701220,-1.159793,1.558759,2.248622,5
3479014314519,-0.043624,-0.242403,1.501433,-3.101637,-37.735333,-6.237470,-0.070804,-0.230025,1.370594,-2.532005,-38.234228,-6.816098,-0.343878,0.099836,-0.483331,0.556258,-0.055056,0.000000,-15.101160,-0.171811,-28.002576,-0.376647,0.918913,0.073406,-0.505818,0.201173,0.917831,0.292438,1.282662,-2.879449,-0.537235,0.088548,0.701220,-1.159793,1.558759,2.248622,5
3479015313290,-0.043966,-0.242308,1.500953,-3.101083,-37.735385,-6.237471,-0.071136,-0.229942,1.370123,-2.531354,-38.234722,-6.816664,-0.341501,0.095081,-0.480161,0.554359,-0.052209,0.000000,-15.158740,0.783651,-27.770214,-0.324976,0.880868,0.073335,-0.505756,0.201335,0.917970,0.293848,1.282186,-2.878267,-0.537235,0.088548,0.701220,-1.159793,1.558759,2.248622,5
3479016313072,-0.044308,-0.242210,1.500474,-3.100531,-37.735439,-6.237472,-0.071467,-0.229858,1.369654,-2.530704,-38.235215,-6.817228,-0.342293,0.097458,-0.478577,0.551512,-0.053158,0.000000,-15.005368,0.170876,-27.931642,-0.356990,0.905558,0.073378,-0.505696,0.201498,0.918106,0.295249,1.281715,-2.877095,-0.537235,0.088548,0.701220,-1.159793,1.558759,2.248622,5
3479017312814,-0.044650,-0.242117,1.499994,-3.099975,-37.735492,-6.237471,-0.071797,-0.229775,1.369186,-2.530056,-38.235706,-6.817791,-0.342293,0.093497,-0.480161,0.556258,-0.053158,0.000000,-14.871224,1.130087,-27.582096,-0.280267,0.848387,0.073188,-0.505634,0.201661,0.918245,0.296661,1.281236,-2.875911,-0.537235,0.088548,0.701220,-1.159793,1.558759,2.248622,5
3479018313273,-0.044992,-0.242023,1.499519,-3.099422,-37.735545,-6.237472,-0.072126,-0.229692,1.368720,-2.529410,-38.236196,-6.818352,-0.341501,0.094289,-0.475407,0.552461,-0.053158,0.000000,-14.838622,0.748010,-27.769262,-0.320934,0.878032,0.073203,-0.505573,0.201823,0.918381,0.298055,1.280763,-2.874744,-0.537235,0.088548,0.701220,-1.159793,1.558759,2.248622,5
3479019313292,-0.045328,-0.241928,1.499042,-3.098874,-37.735598,-6.237472,-0.072454,-0.229609,1.368255,-2.528765,-38.236684,-6.818911,-0.336747,0.095081,-0.476200,0.548664,-0.053158,0.000000,-15.109893,0.573839,-27.743994,-0.323557,0.875148,0.073090,-0.505512,0.201983,0.918518,0.299436,1.280291,-2.873587,-0.537235,0.088548,0.701220,-1.159793,1.558759,2.248622,5
3479020283050,-0.045665,-0.241834,1.498568,-3.098322,-37.735653,-6.237470,-0.072781,-0.229527,1.367791,-2.528123,-38.237171,-6.819469,-0.336747,0.093497,-0.473823,0.551512,-0.055056,0.000000,-15.001005,0.813387,-27.710730,-0.318700,0.870056,0.072937,-0.505452,0.202142,0.918653,0.300829,1.279819,-2.872415,-0.537235,0.088548,0.701220,-1.159793,1.558759,2.248622,5
3479021283365,-0.046002,-0.241741,1.498096,-3.097770,-37.735711,-6.237470,-0.073107,-0.229445,1.367328,-2.527482,-38.237657,-6.820026,-0.336747,0.093497,-0.472238,0.552461,-0.057904,0.000000,-14.898231,0.726497,-27.742129,-0.326889,0.875640,0.072839,-0.505392,0.202301,0.918787,0.302219,1.279351,-2.871247,-0.537235,0.088548,0.701220,-1.159793,1.558759,2.248622,5
3479022283041,-0.046340,-0.241648,1.497645,-3.097222,-37.735766,-6.237471,-0.073433,-0.229363,1.366867,-2.526844,-38.238141,-6.820580,-0.337539,0.092704,-0.469069,0.547715,-0.055056,0.000000,-14.726049,0.796485,-27.749330,-0.319348,0.873878,0.072955,-0.505335,0.202461,0.918909,0.303605,1.278901,-2.870086,-0.537235,0.088548,0.701220,-1.159793,1.558759,2.248622,5
3479023283246,-0.046660,-0.241556,1.497180,-3.096689,-37.735824,-6.237471,-0.073757,-0.229281,1.366407,-2.526207,-38.238624,-6.821133,-0.336747,0.093497,-0.465107,0.554359,-0.060752,0.000000,-14.712394,0.381270,-27.969875,-0.381652,0.912071,0.072633,-0.505277,0.202613,0.919042,0.304932,1.278442,-2.868968,-0.537235,0.088548,0.701220,-1.159793,1.558759,2.248622,5
3479024322989,-0.046996,-0.241460,1.496737,-3.096135,-37.735877,-6.237472,-0.074081,-0.229199,1.365948,-2.525572,-38.239106,-6.821685,-0.335954,0.095874,-0.464314,0.553410,-0.054107,0.000000,-14.682700,-0.213597,-28.107399,-0.415314,0.929218,0.072557,-0.505224,0.202772,0.919157,0.306338,1.277998,-2.867785,-0.537235,0.088548,0.701220,-1.159793,1.558759,2.248622,5
3479025313451,-0.047328,-0.241367,1.496260,-3.095582,-37.735941,-6.237472,-0.074403,-0.229118,1.365491,-2.524938,-38.239586,-6.822235,-0.331993,0.093497,-0.457183,0.553410,-0.059802,0.000000,-14.891093,-0.021518,-28.228634,-0.453803,0.954116,0.072339,-0.505164,0.202929,0.919291,0.307710,1.277529,-2.866629,-0.537235,0.088548,0.701220,-1.159793,1.558759,2.248622,5
3479026314577,-0.047660,-0.241270,1.495805,-3.095021,-37.736003,-6.237472,-0.074725,-0.229037,1.365035,-2.524307,-38.240064,-6.822783,-0.331200,0.096666,-0.454806,0.561004,-0.062650,0.000000,-14.878797,-0.933943,-28.544664,-0.540597,1.005506,0.071973,-0.505111,0.203085,0.919409,0.309133,1.277080,-2.865420,-0.537235,0.088548,0.701220,-1.159793,1.558759,2.248622,5
3479027314199,-0.048019,-0.241173,1.495337,-3.094445,-37.736066,-6.237472,-0.075045,-0.228956,1.364581,-2.523677,-38.240542,-6.823330,-0.333577,0.098251,-0.448468,0.553410,-0.061701,0.000000,-14.579677,-1.535617,-28.818265,-0.587064,1.046598,0.072216,-0.505051,0.203255,0.919532,0.310582,1.276613,-2.864210,-0.537235,0.088548,0.701220,-1.159793,1.558759,2.248622,5
3479028313250,-0.048335,-0.241075,1.494887,-3.093878,-37.736129,-6.237470,-0.075365,-0.228875,1.364128,-2.523050,-38.241018,-6.823875,-0.328823,0.097458,-0.449260,0.566700,-0.062650,0.002848,-14.862946,-1.452078,-28.786335,-0.611237,1.043566,0.071499,-0.505003,0.203403,0.919646,0.312023,1.276166,-2.862967,-0.537235,0.088548,0.701220,-1.159793,1.558759,2.248622,5
3479029313195,-0.048666,-0.240979,1.494446,-3.093309,-37.736193,-6.237472,-0.075684,-0.228795,1.363676,-2.522424,-38.241492,-6.824418,-0.331200,0.095874,-0.441336,0.568598,-0.064549,0.000000,-14.576092,-1.453126,-28.981091,-0.651170,1.074230,0.071485,-0.504953,0.203559,0.919754,0.313463,1.275727,-2.861741,-0.537235,0.088548,0.701220,-1.159793,1.558759,2.248622,5
3479030323510,-0.048992,-0.240883,1.494001,-3.092742,-37.736260,-6.237472,-0.076001,-0.228715,1.363225,-2.521800,-38.241965,-6.824960,-0.325654,0.095874,-0.445298,0.567649,-0.066447,0.000000,-14.899954,-1.349648,-28.806926,-0.625851,1.049133,0.071253,-0.504902,0.203712,0.919864,0.314899,1.275285,-2.860513,-0.537235,0.088548,0.701220,-1.159793,1.558759,2.248622,5
3479031283181,-0.049320,-0.240787,1.493559,-3.092167,-37.736330,-6.237471,-0.076318,-0.228635,1.362776,-2.521178,-38.242437,-6.825500,-0.328823,0.095874,-0.441336,0.574294,-0.070244,0.000000,-14.555059,-1.569792,-28.966287,-0.662109,1.074043,0.071071,-0.504853,0.203866,0.919969,0.316362,1.274848,-2.859259,-0.537235,0.088548,0.701220,-1.159793,1.558759,2.248622,5
3479032312831,-0.049646,-0.240688,1.493137,-3.091596,-37.736390,-6.237472,-0.076634,-0.228555,1.362328,-2.520557,-38.242907,-6.826039,-0.325654,0.099043,-0.441336,0.571446,-0.064549,0.000000,-14.717298,-2.345103,-29.136629,-0.708776,1.098416,0.070958,-0.504809,0.204019,0.920065,0.317819,1.274422,-2.858010,-0.537235,0.088548,0.701220,-1.159793,1.558759,2.248622,5
3479033312701,-0.049973,-0.240593,1.492685,-3.091018,-37.736464,-6.237471,-0.076949,-0.228476,1.361882,-2.519939,-38.243376,-6.826576,-0.327239,0.095081,-0.437375,0.578091,-0.071193,0.000000,-14.472088,-1.659204,-29.044565,-0.689705,1.086070,0.070737,-0.504758,0.204172,0.920176,0.319276,1.273975,-2.856759,-0.537235,0.088548,0.701220,-1.159793,1.558759,2.248622,5
3479034283128,-0.050288,-0.240503,1.492269,-3.090468,-37.736528,-6.237472,-0.077263,-0.228397,1.361437,-2.519322,-38.243843,-6.827111,-0.329616,0.096666,-0.433413,0.572395,-0.067396,0.000000,-14.199680,-2.169603,-29.237507,-0.720466,1.112327,0.070919,-0.504710,0.204320,0.920275,0.320656,1.273557,-2.855579,-0.537235,0.088548,0.701220,-1.159793,1.558759,2.248622,5
3479035313726,-0.050624,-0.240411,1.491834,-3.089884,-37.736593,-6.237472,-0.077576,-0.228318,1.360993,-2.518708,-38.244309,-6.827645,-0.321692,0.091912,-0.434998,0.583786,-0.064549,0.000000,-14.683204,-1.129053,-28.907099,-0.680595,1.061707,0.070217,-0.504658,0.204477,0.920378,0.322126,1.273111,-2.854323,-0.537235,0.088548,0.701220,-1.159793,1.558759,2.248622,5
3479036283145,-0.050946,-0.240313,1.491401,-3.089278,-37.736668,-6.237472,-0.077888,-0.228239,1.360550,-2.518095,-38.244774,-6.828177,-0.322485,0.091120,-0.432621,0.581888,-0.072143,0.000000,-14.512366,-1.092783,-28.933035,-0.681697,1.068920,0.070220,-0.504615,0.204627,0.920470,0.323678,1.272675,-2.852967,-0.537235,0.088548,0.701220,-1.159793,1.558759,2.248622,5
3479037283259,-0.051257,-0.240223,1.490964,-3.088717,-37.736730,-6.237472,-0.078199,-0.228161,1.360109,-2.517484,-38.245237,-6.828707,-0.322485,0.092704,-0.437375,0.584735,-0.068346,0.000000,-14.413857,-1.276600,-28.808321,-0.657323,1.044673,0.070062,-0.504565,0.204772,0.920581,0.325060,1.272230,-2.851778,-0.537235,0.088548,0.701220,-1.159793,1.558759,2.248622,5
3479038283050,-0.051593,-0.240125,1.490512,-3.088110,-37.736806,-6.237470,-0.078509,-0.228082,1.359669,-2.516875,-38.245699,-6.829236,-0.321692,0.091912,-0.431036,0.582837,-0.072143,0.000000,-14.364123,-1.404177,-28.985208,-0.697949,1.075263,0.069998,-0.504516,0.204928,0.920685,0.326587,1.271774,-2.850459,-0.537235,0.088548,0.701220,-1.159793,1.558759,2.248622,5
3479039318698,-0.051903,-0.240038,1.490090,-3.087552,-37.736868,-6.237470,-0.078818,-0.228004,1.359231,-2.516268,-38.246159,-6.829763,-0.324069,0.091120,-0.440544,0.581888,-0.068346,0.000000,-14.047238,-0.790483,-28.483124,-0.572456,0.988605,0.070080,-0.504466,0.205073,0.920788,0.327964,1.271339,-2.849274,-0.537235,0.088548,0.701220,-1.159793,1.558759,2.248622,5
3479040314296,-0.052222,-0.239944,1.489656,-3.086965,-37.736936,-6.237469,-0.079127,-0.227927,1.358794,-2.515663,-38.246618,-6.830289,-0.318523,0.093497,-0.434205,0.586634,-0.068346,0.000000,-14.411277,-1.713374,-28.914783,-0.697277,1.060720,0.069609,-0.504419,0.205221,0.920889,0.329426,1.270895,-2.848008,-0.537235,0.088548,0.701220,-1.159793,1.558759,2.248622,5
3479041313269,-0.052540,-0.239856,1.489216,-3.086380,-37.737005,-6.237472,-0.079434,-0.227849,1.358358,-2.515059,-38.247075,-6.830813,-0.318523,0.087950,-0.440544,0.585684,-0.068346,-0.002848,-14.250988,-0.154634,-28.243348,-0.537776,0.951632,0.069657,-0.504367,0.205369,0.920996,0.330855,1.270440,-2.846774,-0.537235,0.088548,0.701220,-1.159793,1.558759,2.248622,5
3479042283539,-0.052873,-0.239762,1.488759,-3.085781,-37.737072,-6.237471,-0.079740,-0.227772,1.357924,-2.514458,-38.247531,-6.831335,-0.318523,0.087950,-0.438167,0.575243,-0.062650,0.000000,-14.125582,-0.210026,-28.234079,-0.521862,0.945759,0.069865,-0.504314,0.205524,0.921109,0.332318,1.269969,-2.845515,-0.537235,0.088548,0.701220,-1.159793,1.558759,2.248622,5
3479043312712,-0.053189,-0.239673,1.488320,-3.085192,-37.737142,-6.237471,-0.080046,-0.227695,1.357491,-2.513858,-38.247986,-6.831856,-0.315353,0.088743,-0.439752,0.588532,-0.070244,0.000000,-14.280000,-0.450436,-28.278358,-0.559938,0.957781,0.069238,-0.504264,0.205670,0.921215,0.333758,1.269514,-2.844265,-0.537235,0.088548,0.701220,-1.159793,1.558759,2.248622,5
3479044311939,-0.053501,-0.239585,1.487880,-3.084610,-37.737207,-6.237470,-0.080350,-0.227618,1.357060,-2.513261,-38.248439,-6.832375,-0.312184,0.087950,-0.439752,0.581888,-0.064549,0.000000,-14.412816,-0.254314,-28.152532,-0.531839,0.935377,0.069260,-0.504213,0.205814,0.921324,0.335170,1.269054,-2.843042,-0.537235,0.088548,0.701220,-1.159793,1.558759,2.248622,5
3479045283179,-0.053801,-0.239500,1.487461,-3.084047,-37.737270,-6.237472,-0.080653,-0.227542,1.356630,-2.512665,-38.248891,-6.832892,-0.312184,0.088743,-0.438167,0.586634,-0.065498,0.000000,-14.327805,-0.550636,-28.261645,-0.564022,0.952175,0.069020,-0.504165,0.205953,0.921424,0.336531,1.268617,-2.841861,-0.537235,0.088548,0.701220,-1.159793,1.558759,2.248622,5
3479046312964,-0.054129,-0.239410,1.487003,-3.083433,-37.737338,-6.237471,-0.080956,-0.227465,1.356201,-2.512071,-38.249341,-6.833408,-0.313769,0.087950,-0.438959,0.589481,-0.063599,0.000000,-14.075124,-0.339362,-28.132393,-0.532561,0.927708,0.068911,-0.504111,0.206104,0.921537,0.338014,1.268134,-2.840574,-0.537235,0.088548,0.701220,-1.159793,1.558759,2.248622,5
3479047313276,-0.054440,-0.239324,1.486565,-3.082853,-37.737408,-6.237470,-0.081257,-0.227389,1.355773,-2.511479,-38.249790,-6.833922,-0.310599,0.085573,-0.437375,0.579989,-0.070244,0.000000,-14.199407,0.143699,-27.983533,-0.494394,0.909229,0.069028,-0.504059,0.206247,0.921645,0.339412,1.267678,-2.839362,-0.537235,0.088548,0.701220,-1.159793,1.558759,2.248622,5
3479048305322,-0.054739,-0.239242,1.486148,-3.082289,-37.737474,-6.237469,-0.081558,-0.227314,1.355347,-2.510889,-38.250237,-6.834434,-0.312184,0.083989,-0.435790,0.589481,-0.069295,0.002848,-13.975418,0.401523,-27.944403,-0.492343,0.900178,0.068661,-0.504010,0.206385,0.921746,0.340771,1.267239,-2.838181,-0.537235,0.088548,0.701220,-1.159793,1.558759,2.248622,5
3479049313987,-0.055064,-0.239153,1.485697,-3.081677,-37.737537,-6.237472,-0.081857,-0.227238,1.354923,-2.510301,-38.250683,-6.834945,-0.310599,0.085573,-0.430244,0.587583,-0.063599,0.000000,-13.999247,-0.208961,-28.216099,-0.558813,0.940565,0.068599,-0.503957,0.206535,0.921856,0.342222,1.266757,-2.836924,-0.537235,0.088548,0.701220,-1.159793,1.558759,2.248622,5
3479050283334,-0.055373,-0.239065,1.485263,-3.081086,-37.737603,-6.237472,-0.082156,-0.227163,1.354499,-2.509715,-38.251128,-6.835454,-0.309015,0.087950,-0.433413,0.591380,-0.065498,0.000000,-14.025969,-0.676120,-28.232828,-0.574012,0.943464,0.068332,-0.503908,0.206677,0.921960,0.343642,1.266297,-2.835686,-0.537235,0.088548,0.701220,-1.159793,1.558759,2.248622,5
3479051283295,-0.055681,-0.238983,1.484849,-3.080516,-37.737663,-6.237472,-0.082453,-0.227088,1.354078,-2.509130,-38.251571,-6.835961,-0.308222,0.084781,-0.431828,0.596126,-0.063599,0.000000,-13.966836,-0.041409,-28.073538,-0.544332,0.916463,0.068085,-0.503857,0.206819,0.922060,0.344998,1.265851,-2.834515,-0.537235,0.088548,0.701220,-1.159793,1.558759,2.248622,5
3479052282986,-0.055992,-0.238896,1.484397,-3.079905,-37.737735,-6.237472,-0.082750,-0.227013,1.353657,-2.508548,-38.252012,-6.836467,-0.310599,0.083989,-0.435790,0.586634,-0.067396,0.000000,-13.643877,0.365977,-27.764386,-0.452268,0.865595,0.068410,-0.503806,0.206961,0.922170,0.346450,1.265372,-2.833242,-0.537235,0.088548,0.701220,-1.159793,1.558759,2.248622,5
3479053283114,-0.056283,-0.238813,1.483989,-3.079335,-37.737798,-6.237471,-0.083046,-0.226938,1.353238,-2.507967,-38.252452,-6.836971,-0.305845,0.087158,-0.426282,0.594228,-0.069295,0.000000,-13.971690,-0.884673,-28.395234,-0.625911,0.970824,0.067855,-0.503761,0.207094,0.922264,0.347814,1.264936,-2.832046,-0.537235,0.088548,0.701220,-1.159793,1.558759,2.248622,5
3479054325628,-0.056589,-0.238731,1.483558,-3.078739,-37.737867,-6.237471,-0.083340,-0.226864,1.352820,-2.507389,-38.252891,-6.837474,-0.305845,0.082404,-0.431828,0.596126,-0.068346,0.000000,-13.819415,0.453899,-27.815637,-0.491939,0.875834,0.067753,-0.503710,0.207234,0.922367,0.349225,1.264471,-2.830811,-0.537235,0.088548,0.701220,-1.159793,1.558759,2.248622,5
3479055313278,-0.056890,-0.238643,1.483132,-3.078140,-37.737933,-6.237469,-0.083634,-0.226790,1.352404,-2.506812,-38.253328,-6.837974,-0.301884,0.087158,-0.425490,0.598974,-0.066447,0.000000,-14.071504,-0.990065,-28.380314,-0.642338,0.967117,0.067377,-0.503664,0.207372,0.922465,0.350656,1.264013,-2.829552,-0.537235,0.088548,0.701220,-1.159793,1.558759,2.248622,5
3479056313408,-0.057198,-0.238558,1.482705,-3.077539,-37.738000,-6.237472,-0.083927,-0.226716,1.351989,-2.506237,-38.253764,-6.838473,-0.307430,0.085573,-0.427074,0.601822,-0.066447,-0.003797,-13.508108,-0.538247,-28.161004,-0.576465,0.926023,0.067483,-0.503616,0.207512,0.922563,0.352070,1.263552,-2.828316,-0.537235,0.088548,0.701220,-1.159793,1.558759,2.248622,5
3479057313156,-0.057526,-0.238465,1.482263,-3.076887,-37.738069,-6.237471,-0.084218,-0.226643,1.351575,-2.505664,-38.254198,-6.838971,-0.303468,0.081612,-0.425490,0.599923,-0.066447,0.000000,-13.667105,0.269886,-27.932537,-0.532323,0.891611,0.067257,-0.503568,0.207662,0.922658,0.353634,1.263067,-2.826939,-0.537235,0.088548,0.701220,-1.159793,1.558759,2.248622,5
3479058283300,-0.057814,-0.238380,1.481840,-3.076313,-37.738137,-6.237472,-0.084509,-0.226569,1.351163,-2.505094,-38.254631,-6.839466,-0.301091,0.087158,-0.422320,0.602771,-0.068346,0.000000,-13.800589,-1.214283,-28.419986,-0.660002,0.971100,0.066950,-0.503523,0.207794,0.922758,0.354971,1.262619,-2.825765,-0.537235,0.088548,0.701220,-1.159793,1.558759,2.248622,5
3479059313614,-0.058117,-0.238292,1.481419,-3.075708,-37.738205,-6.237472,-0.084799,-0.226496,1.350752,-2.504525,-38.255062,-6.839960,-0.302676,0.088743,-0.421528,0.604669,-0.067396,0.000000,-13.576831,-1.638963,-28.522240,-0.682091,0.984034,0.066849,-0.503479,0.207931,0.922851,0.356405,1.262163,-2.824502,-0.537235,0.088548,0.701220,-1.159793,1.558759,2.248622,5
3479060313295,-0.058419,-0.238202,1.480997,-3.075107,-37.738274,-6.237471,-0.085087,-0.226424,1.350343,-2.503958,-38.255492,-6.840453,-0.301884,0.089535,-0.421528,0.601822,-0.069295,0.000000,-13.530594,-1.847154,-28.533871,-0.684246,0.986085,0.066819,-0.503435,0.208069,0.922943,0.357830,1.261710,-2.823249,-0.537235,0.088548,0.701220,-1.159793,1.558759,2.248622,5
3479061313622,-0.058708,-0.238120,1.480592,-3.074525,-37.738342,-6.237472,-0.085375,-0.226351,1.349935,-2.503393,-38.255921,-6.840944,-0.300299,0.087950,-0.422320,0.607517,-0.070244,0.000000,-13.546705,-1.503800,-28.398668,-0.665228,0.964901,0.066500,-0.503392,0.208200,0.923033,0.359196,1.261270,-2.822046,-0.537235,0.088548,0.701220,-1.159793,1.558759,2.248622,5
3479062283228,-0.059019,-0.238028,1.480154,-3.073893,-37.738414,-6.237470,-0.085662,-0.226279,1.349528,-2.502829,-38.256348,-6.841433,-0.298714,0.087158,-0.422320,0.606568,-0.068346,0.000000,-13.544653,-1.347863,-28.303761,-0.647241,0.948442,0.066381,-0.503347,0.208341,0.923128,0.360685,1.260795,-2.820729,-0.537235,0.088548,0.701220,-1.159793,1.558759,2.248622,5
3479063313618,-0.059316,-0.237939,1.479737,-3.073277,-37.738481,-6.237471,-0.085948,-0.226207,1.349123,-2.502268,-38.256773,-6.841920,-0.297130,0.088743,-0.417566,0.616060,-0.066447,0.000000,-13.587889,-2.010386,-28.618696,-0.739516,0.997904,0.065896,-0.503305,0.208476,0.923217,0.362132,1.260336,-2.819445,-0.537235,0.088548,0.701220,-1.159793,1.558759,2.248622,5
3479064283359,-0.059616,-0.237851,1.479321,-3.072668,-37.738550,-6.237471,-0.086233,-0.226135,1.348719,-2.501709,-38.257197,-6.842405,-0.300299,0.087950,-0.415981,0.609416,-0.069295,0.000000,-13.216988,-1.870916,-28.558645,-0.705950,0.985998,0.066140,-0.503262,0.208612,0.923305,0.363562,1.259881,-2.818183,-0.537235,0.088548,0.701220,-1.159793,1.558759,2.248622,5
3479065313865,-0.059896,-0.237765,1.478918,-3.072085,-37.738618,-6.237471,-0.086516,-0.226063,1.348317,-2.501152,-38.257620,-6.842889,-0.290791,0.088743,-0.419151,0.609416,-0.069295,0.000000,-13.868737,-2.015817,-28.488892,-0.722823,0.981160,0.065693,-0.503223,0.208738,0.923392,0.364922,1.259443,-2.816974,-0.537235,0.088548,0.701220,-1.159793,1.558759,2.248622,5
3479066283112,-0.060201,-0.237677,1.478483,-3.071449,-37.738689,-6.237470,-0.086799,-0.225992,1.347916,-2.500596,-38.258041,-6.843372,-0.291583,0.086366,-0.416774,0.613213,-0.069295,0.000000,-13.679304,-1.598191,-28.402311,-0.704384,0.965529,0.065509,-0.503178,0.208875,0.923487,0.366400,1.258962,-2.815662,-0.537235,0.088548,0.701220,-1.159793,1.558759,2.248622,5
3479067283329,-0.060484,-0.237596,1.478079,-3.070866,-37.738755,-6.237470,-0.087081,-0.225921,1.347516,-2.500043,-38.258460,-6.843852,-0.294753,0.085573,-0.421528,0.610365,-0.068346,0.000000,-13.308099,-1.179957,-28.088071,-0.616965,0.909964,0.065654,-0.503135,0.209003,0.923577,0.367744,1.258517,-2.814472,-0.537235,0.088548,0.701220,-1.159793,1.558759,2.248622,5
3479068283038,-0.060788,-0.237506,1.477636,-3.070232,-37.738828,-6.237472,-0.087362,-0.225850,1.347118,-2.499491,-38.258878,-6.844331,-0.290791,0.087950,-0.424697,0.604669,-0.070244,-0.002848,-13.502719,-1.622282,-28.064258,-0.618919,0.908552,0.065632,-0.503090,0.209140,0.923675,0.369194,1.258032,-2.813186,-0.537235,0.088548,0.701220,-1.159793,1.558759,2.248622,5
3479069315087,-0.061067,-0.237425,1.477224,-3.069646,-37.738895,-6.237471,-0.087642,-0.225779,1.346721,-2.498942,-38.259295,-6.844808,-0.288414,0.084781,-0.428659,0.612263,-0.067396,0.000000,-13.566561,-0.769834,-27.689932,-0.549333,0.847432,0.065191,-0.503046,0.209265,0.923770,0.370532,1.257577,-2.811997,-0.537235,0.088548,0.701220,-1.159793,1.558759,2.248622,5
3479070313852,-0.061356,-0.237341,1.476795,-3.069039,-37.738961,-6.237472,-0.087921,-0.225709,1.346326,-2.498394,-38.259710,-6.845284,-0.289206,0.083989,-0.429451,0.606568,-0.066447,0.000000,-13.381382,-0.523987,-27.526513,-0.501247,0.818483,0.065319,-0.503000,0.209395,0.923870,0.371899,1.257101,-2.810785,-0.537235,0.088548,0.701220,-1.159793,1.558759,2.248622,5
3479071313289,-0.061647,-0.237259,1.476364,-3.068429,-37.739028,-6.237472,-0.088199,-0.225639,1.345932,-2.497848,-38.260124,-6.845758,-0.290791,0.081612,-0.431036,0.610365,-0.066447,0.000000,-13.127579,0.087867,-27.267541,-0.439916,0.774016,0.065182,-0.502952,0.209525,0.923972,0.373270,1.256619,-2.809568,-0.537235,0.088548,0.701220,-1.159793,1.558759,2.248622,5
3479072312939,-0.061946,-0.237175,1.475935,-3.067795,-37.739093,-6.237470,-0.088475,-0.225569,1.345539,-2.497305,-38.260536,-6.846230,-0.289998,0.081612,-0.428659,0.608466,-0.065498,0.002848,-13.072902,-0.023034,-27.313361,-0.451188,0.780114,0.065062,-0.502906,0.209659,0.924067,0.374713,1.256130,-2.808284,-0.537235,0.088548,0.701220,-1.159793,1.558759,2.248622,5
3479073314055,-0.062231,-0.237094,1.475485,-3.067181,-37.739162,-6.237472,-0.088751,-0.225500,1.345148,-2.496763,-38.260947,-6.846700,-0.284452,0.080819,-0.433413,0.613213,-0.064549,0.000000,-13.388715,0.311549,-27.052205,-0.416319,0.740775,0.064665,-0.502856,0.209786,0.924180,0.376055,1.255631,-2.807087,-0.537235,0.088548,0.701220,-1.159793,1.558759,2.248622,5
3479074313511,-0.062517,-0.237014,1.475053,-3.066582,-37.739231,-6.237472,-0.089026,-0.225430,1.344758,-2.496223,-38.261356,-6.847169,-0.286037,0.080027,-0.431828,0.598974,-0.068346,0.000000,-13.138678,0.501364,-26.949165,-0.367868,0.723811,0.065093,-0.502807,0.209913,0.924284,0.377377,1.255151,-2.805917,-0.537235,0.088548,0.701220,-1.159793,1.558759,2.248622,5
3479075283656,-0.062803,-0.236934,1.474620,-3.065969,-37.739298,-6.237472,-0.089300,-0.225361,1.344370,-2.495685,-38.261764,-6.847636,-0.286037,0.080027,-0.433413,0.613213,-0.067396,0.000000,-13.034154,0.499108,-26.899699,-0.375703,0.713408,0.064543,-0.502759,0.210041,0.924387,0.378735,1.254663,-2.804706,-0.537235,0.088548,0.701220,-1.159793,1.558759,2.248622,5
3479076314314,-0.063083,-0.236855,1.474190,-3.065364,-37.739364,-6.237471,-0.089573,-0.225292,1.343983,-2.495149,-38.262170,-6.848101,-0.280490,0.079235,-0.429451,0.604669,-0.065498,0.000000,-13.360007,0.515761,-26.938352,-0.392925,0.722734,0.064501,-0.502712,0.210165,0.924491,0.380068,1.254178,-2.803518,-0.537235,0.088548,0.701220,-1.159793,1.558759,2.248622,5
3479077311894,-0.063368,-0.236774,1.473758,-3.064758,-37.739430,-6.237471,-0.089845,-0.225224,1.343598,-2.494616,-38.262575,-6.848565,-0.284452,0.080819,-0.432621,0.606568,-0.066447,0.000000,-12.938125,0.299534,-26.857200,-0.363865,0.704337,0.064500,-0.502664,0.210292,0.924595,0.381397,1.253692,-2.802336,-0.537235,0.088548,0.701220,-1.159793,1.558759,2.248622,5
3479078313103,-0.063640,-0.236696,1.473350,-3.064166,-37.739495,-6.237472,-0.090116,-0.225155,1.343214,-2.494084,-38.262978,-6.849027,-0.284452,0.079235,-0.426282,0.615111,-0.066447,0.000000,-12.847373,0.337666,-27.012759,-0.410897,0.728496,0.064118,-0.502622,0.210412,0.924687,0.382705,1.253229,-2.801166,-0.537235,0.088548,0.701220,-1.159793,1.558759,2.248622,5
3479079311207,-0.063928,-0.236610,1.472904,-3.063526,-37.739563,-6.237472,-0.090386,-0.225087,1.342831,-2.493554,-38.263380,-6.849487,-0.276529,0.082404,-0.425490,0.613213,-0.065498,-0.002848,-13.374876,-0.496427,-27.226795,-0.488357,0.767889,0.063795,-0.502576,0.210540,0.924791,0.384108,1.252724,-2.799907,-0.537235,0.088548,0.701220,-1.159793,1.558759,2.248622,5
3479080313785,-0.064209,-0.236529,1.472481,-3.062912,-37.739633,-6.237471,-0.090655,-0.225020,1.342450,-2.493026,-38.263780,-6.849945,-0.280490,0.080819,-0.423112,0.614162,-0.070244,0.000000,-12.946719,-0.226409,-27.172813,-0.462611,0.756977,0.063774,-0.502532,0.210664,0.924886,0.385467,1.252245,-2.798690,-0.537235,0.088548,0.701220,-1.159793,1.558759,2.248622,5
3479081283344,-0.064488,-0.236451,1.472076,-3.062298,-37.739701,-6.237472,-0.090922,-0.224952,1.342070,-2.492500,-38.264179,-6.850402,-0.279698,0.078442,-0.423905,0.613213,-0.067396,0.000000,-12.879508,0.359737,-26.932431,-0.407677,0.716131,0.063693,-0.502489,0.210787,0.924973,0.386827,1.251778,-2.797471,-0.537235,0.088548,0.701220,-1.159793,1.558759,2.248622,5
3479082283279,-0.064762,-0.236370,1.471660,-3.061676,-37.739770,-6.237470,-0.091189,-0.224885,1.341692,-2.491976,-38.264576,-6.850857,-0.274152,0.080819,-0.415981,0.622705,-0.069295,0.000000,-13.250879,-0.654713,-27.448675,-0.561718,0.804289,0.063028,-0.502448,0.210908,0.925063,0.388208,1.251300,-2.796223,-0.537235,0.088548,0.701220,-1.159793,1.558759,2.248622,5
3479083283221,-0.065037,-0.236288,1.471226,-3.061054,-37.739840,-6.237472,-0.091455,-0.224818,1.341315,-2.491453,-38.264972,-6.851311,-0.274152,0.082404,-0.414397,0.621756,-0.070244,0.000000,-13.153717,-1.101481,-27.567035,-0.589488,0.822183,0.062942,-0.502404,0.211028,0.925163,0.389552,1.250809,-2.795013,-0.537235,0.088548,0.701220,-1.159793,1.558759,2.248622,5
3479084316526,-0.065301,-0.236211,1.470831,-3.060456,-37.739907,-6.237470,-0.091720,-0.224751,1.340939,-2.490933,-38.265366,-6.851762,-0.274152,0.082404,-0.412812,0.623654,-0.071193,0.000000,-13.057333,-1.196022,-27.605016,-0.601461,0.827418,0.062777,-0.502365,0.211145,0.925248,0.390874,1.250351,-2.793819,-0.537235,0.088548,0.701220,-1.159793,1.558759,2.248622,5
3479085313498,-0.065571,-0.236132,1.470418,-3.059824,-37.739977,-6.237472,-0.091984,-0.224684,1.340565,-2.490415,-38.265759,-6.852212,-0.270190,0.079235,-0.412812,0.632198,-0.070244,0.000000,-13.249839,-0.537551,-27.405914,-0.580167,0.797663,0.062257,-0.502325,0.211263,0.925335,0.392260,1.249871,-2.792560,-0.537235,0.088548,0.701220,-1.159793,1.558759,2.248622,5
3479086283136,-0.065844,-0.236050,1.470014,-3.059185,-37.740051,-6.237472,-0.092247,-0.224618,1.340192,-2.489899,-38.266151,-6.852660,-0.272567,0.081612,-0.404096,0.638842,-0.074041,0.000000,-12.992997,-1.527055,-27.918033,-0.701121,0.878493,0.061984,-0.502288,0.211382,0.925413,0.393684,1.249401,-2.791265,-0.537235,0.088548,0.701220,-1.159793,1.558759,2.248622,5
3479087313032,-0.066128,-0.235969,1.469594,-3.058529,-37.740124,-6.237472,-0.092509,-0.224552,1.339821,-2.489385,-38.266540,-6.853107,-0.274152,0.079235,-0.404096,0.631248,-0.073092,0.000000,-12.725049,-0.929034,-27.668518,-0.626854,0.834946,0.062195,-0.502246,0.211506,0.925499,0.395128,1.248908,-2.789957,-0.537235,0.088548,0.701220,-1.159793,1.558759,2.248622,5
3479088315369,-0.066397,-0.235886,1.469191,-3.057892,-37.740194,-6.237472,-0.092770,-0.224486,1.339451,-2.488873,-38.266929,-6.853552,-0.269397,0.083196,-0.402511,0.636944,-0.070244,0.000000,-13.024318,-2.011134,-28.001446,-0.732058,0.889492,0.061689,-0.502211,0.211623,0.925577,0.396537,1.248437,-2.788673,-0.537235,0.088548,0.701220,-1.159793,1.558759,2.248622,5
3479089311810,-0.066653,-0.235805,1.468809,-3.057278,-37.740265,-6.237472,-0.093029,-0.224421,1.339083,-2.488362,-38.267316,-6.853995,-0.266228,0.083196,-0.400927,0.640741,-0.074990,0.000000,-13.184016,-2.166790,-28.079467,-0.767725,0.906646,0.061330,-0.502180,0.211735,0.925647,0.397903,1.247990,-2.787424,-0.537235,0.088548,0.701220,-1.159793,1.558759,2.248622,5
3479090314511,-0.066935,-0.235720,1.468394,-3.056611,-37.740337,-6.237472,-0.093288,-0.224355,1.338716,-2.487854,-38.267701,-6.854436,-0.269397,0.081612,-0.399342,0.637893,-0.069295,0.000000,-12.802127,-1.837450,-27.957069,-0.723983,0.879015,0.061437,-0.502142,0.211857,0.925726,0.399371,1.247498,-2.786088,-0.537235,0.088548,0.701220,-1.159793,1.558759,2.248622,5
3479091313466,-0.067200,-0.235640,1.467999,-3.055968,-37.740407,-6.237470,-0.093546,-0.224290,1.338350,-2.487348,-38.268085,-6.854876,-0.264643,0.080027,-0.395380,0.643588,-0.070244,0.000000,-13.074192,-1.732411,-28.028431,-0.765699,0.894898,0.060949,-0.502108,0.211972,0.925800,0.400794,1.247025,-2.784783,-0.537235,0.088548,0.701220,-1.159793,1.558759,2.248622,5
3479092312522,-0.067465,-0.235558,1.467608,-3.055317,-37.740477,-6.237472,-0.093803,-0.224226,1.337986,-2.486843,-38.268467,-6.855314,-0.265436,0.082404,-0.391419,0.651182,-0.070244,0.000000,-12.933116,-2.529058,-28.350886,-0.849964,0.944112,0.060593,-0.502076,0.212087,0.925869,0.402232,1.246555,-2.783464,-0.537235,0.088548,0.701220,-1.159793,1.558759,2.248622,5
3479093313042,-0.067733,-0.235479,1.467215,-3.054666,-37.740549,-6.237469,-0.094059,-0.224161,1.337623,-2.486341,-38.268848,-6.855750,-0.267813,0.079235,-0.393003,0.650233,-0.072143,0.002848,-12.609132,-1.720275,-28.027565,-0.764121,0.889405,0.060581,-0.502041,0.212203,0.925941,0.403671,1.246081,-2.782145,-0.537235,0.088548,0.701220,-1.159793,1.558759,2.248622,5
3479094324515,-0.067995,-0.235396,1.466824,-3.054015,-37.740620,-6.237472,-0.094313,-0.224097,1.337262,-2.485841,-38.269227,-6.856184,-0.262266,0.083196,-0.390626,0.651182,-0.070244,-0.002848,-12.969649,-2.829273,-28.380652,-0.871160,0.948873,0.060277,-0.502011,0.212316,0.926009,0.405099,1.245612,-2.780833,-0.537235,0.088548,0.701220,-1.159793,1.558759,2.248622,5
3479095311722,-0.068253,-0.235313,1.466437,-3.053358,-37.740688,-6.237471,-0.094567,-0.224033,1.336902,-2.485342,-38.269605,-6.856617,-0.258305,0.082404,-0.387457,0.656878,-0.068346,0.000000,-13.183874,-2.872267,-28.466208,-0.914290,0.964482,0.059767,-0.501981,0.212427,0.926075,0.406548,1.245139,-2.779493,-0.537235,0.088548,0.701220,-1.159793,1.558759,2.248622,5
3479096283813,-0.068518,-0.235234,1.466049,-3.052710,-37.740760,-6.237470,-0.094820,-0.223969,1.336544,-2.484846,-38.269981,-6.857048,-0.264643,0.079235,-0.387457,0.648335,-0.072143,0.000000,-12.544395,-2.071617,-28.161150,-0.807576,0.909669,0.060195,-0.501948,0.212541,0.926143,0.407971,1.244670,-2.778187,-0.537235,0.088548,0.701220,-1.159793,1.558759,2.248622,5
3479097283192,-0.068780,-0.235152,1.465661,-3.052057,-37.740829,-6.237471,-0.095072,-0.223906,1.336187,-2.484352,-38.270356,-6.857477,-0.262266,0.081612,-0.388249,0.653081,-0.069295,0.000000,-12.638233,-2.659824,-28.279172,-0.852610,0.927343,0.059822,-0.501917,0.212653,0.926211,0.409395,1.244197,-2.776877,-0.537235,0.088548,0.701220,-1.159793,1.558759,2.248622,5
3479098283224,-0.069039,-0.235071,1.465288,-3.051398,-37.740897,-6.237471,-0.095323,-0.223842,1.335831,-2.483859,-38.270730,-6.857905,-0.259097,0.081612,-0.389834,0.658776,-0.067396,0.000000,-12.781287,-2.676642,-28.222741,-0.860291,0.918741,0.059400,-0.501890,0.212764,0.926268,0.410851,1.243734,-2.775532,-0.537235,0.088548,0.701220,-1.159793,1.558759,2.248622,5
3479099283096,-0.069289,-0.234994,1.464901,-3.050770,-37.740963,-6.237471,-0.095572,-0.223779,1.335477,-2.483369,-38.271101,-6.858331,-0.260682,0.080027,-0.387457,0.655929,-0.068346,0.000000,-12.547156,-2.405633,-28.158918,-0.835871,0.906099,0.059442,-0.501857,0.212871,0.926343,0.412194,1.243263,-2.774294,-0.537235,0.088548,0.701220,-1.159793,1.558759,2.248622,5
3479100283272,-0.069546,-0.234916,1.464510,-3.050116,-37.741030,-6.237470,-0.095821,-0.223717,1.335125,-2.482880,-38.271472,-6.858755,-0.256720,0.077650,-0.390626,0.654030,-0.066447,0.000000,-12.726835,-1.743067,-27.833511,-0.772852,0.855520,0.059253,-0.501824,0.212981,0.926415,0.413601,1.242779,-2.772994,-0.537235,0.088548,0.701220,-1.159793,1.558759,2.248622,5
3479101283027,-0.069805,-0.234839,1.464122,-3.049453,-37.741099,-6.237470,-0.096069,-0.223654,1.334774,-2.482394,-38.271840,-6.859177,-0.259097,0.076858,-0.388249,0.662573,-0.069295,0.000000,-12.436129,-1.717053,-27.879618,-0.786350,0.860364,0.058946,-0.501791,0.213091,0.926483,0.415028,1.242295,-2.771674,-0.537235,0.088548,0.701220,-1.159793,1.558759,2.248622,5
3479102283235,-0.070058,-0.234763,1.463735,-3.048797,-37.741171,-6.237472,-0.096315,-0.223592,1.334424,-2.481910,-38.272208,-6.859598,-0.253551,0.076065,-0.387457,0.655929,-0.072143,0.000000,-12.757221,-1.599665,-27.819705,-0.785522,0.857212,0.058824,-0.501759,0.213198,0.926552,0.416432,1.241816,-2.770374,-0.537235,0.088548,0.701220,-1.159793,1.558759,2.248622,5
3479103282981,-0.070311,-0.234689,1.463346,-3.048140,-37.741239,-6.237472,-0.096561,-0.223530,1.334075,-2.481427,-38.272573,-6.860017,-0.252758,0.074480,-0.388249,0.656878,-0.068346,0.000000,-12.699820,-1.208385,-27.639285,-0.748415,0.825379,0.058653,-0.501725,0.213305,0.926623,0.417831,1.241331,-2.769076,-0.537235,0.088548,0.701220,-1.159793,1.558759,2.248622,5
3479104283265,-0.070562,-0.234613,1.462962,-3.047479,-37.741307,-6.237471,-0.096806,-0.223468,1.333729,-2.480947,-38.272938,-6.860434,-0.250381,0.076065,-0.384288,0.661624,-0.067396,0.000000,-12.803479,-1.817317,-27.902459,-0.827053,0.868133,0.058260,-0.501694,0.213411,0.926690,0.419247,1.240846,-2.767759,-0.537235,0.088548,0.701220,-1.159793,1.558759,2.248622,5
3479105283167,-0.070814,-0.234538,1.462578,-3.046829,-37.741369,-6.237472,-0.097049,-0.223407,1.333383,-2.480468,-38.273300,-6.860849,-0.252758,0.074480,-0.384288,0.650233,-0.062650,0.000000,-12.484546,-1.371499,-27.679991,-0.751483,0.825470,0.058614,-0.501661,0.213518,0.926761,0.420612,1.240360,-2.766496,-0.537235,0.088548,0.701220,-1.159793,1.558759,2.248622,5
3479106283064,-0.071065,-0.234465,1.462196,-3.046165,-37.741432,-6.237472,-0.097292,-0.223346,1.333039,-2.479992,-38.273662,-6.861263,-0.251174,0.072896,-0.381911,0.663523,-0.062650,0.000000,-12.508268,-1.200959,-27.703956,-0.781010,0.829642,0.058000,-0.501628,0.213624,0.926830,0.422017,1.239868,-2.765190,-0.537235,0.088548,0.701220,-1.159793,1.558759,2.248622,5
3479107283072,-0.071315,-0.234390,1.461818,-3.045501,-37.741499,-6.237471,-0.097534,-0.223285,1.332697,-2.479517,-38.274021,-6.861675,-0.249589,0.075273,-0.377949,0.663523,-0.067396,0.000000,-12.549236,-1.981502,-28.009839,-0.860511,0.881539,0.057785,-0.501598,0.213729,0.926893,0.423431,1.239386,-2.763873,-0.537235,0.088548,0.701220,-1.159793,1.558759,2.248622,5
3479108283344,-0.071559,-0.234319,1.461434,-3.044847,-37.741566,-6.237470,-0.097774,-0.223224,1.332355,-2.479045,-38.274380,-6.862085,-0.244042,0.071311,-0.383495,0.654030,-0.066447,0.000000,-12.835333,-0.804110,-27.448849,-0.738686,0.795956,0.057791,-0.501565,0.213831,0.926964,0.424802,1.238897,-2.762594,-0.537235,0.088548,0.701220,-1.159793,1.558759,2.248622,5
3479109289515,-0.071811,-0.234244,1.461055,-3.044186,-37.741631,-6.237473,-0.098014,-0.223164,1.332016,-2.478574,-38.274736,-6.862494,-0.251966,0.074480,-0.379533,0.661624,-0.065498,-0.003797,-12.132865,-1.721345,-27.788038,-0.799214,0.838383,0.057768,-0.501533,0.213937,0.927029,0.426185,1.238412,-2.761311,-0.537235,0.088548,0.701220,-1.159793,1.558759,2.248622,5
3479110313162,-0.072059,-0.234168,1.460678,-3.043525,-37.741695,-6.237470,-0.098252,-0.223104,1.331677,-2.478106,-38.275091,-6.862901,-0.248004,0.076065,-0.377156,0.660675,-0.063599,0.003797,-12.349997,-2.243527,-27.963740,-0.856395,0.868298,0.057380,-0.501504,0.214041,0.927093,0.427583,1.237926,-2.760007,-0.537235,0.088548,0.701220,-1.159793,1.558759,2.248622,5
3479111312830,-0.072304,-0.234095,1.460297,-3.042867,-37.741759,-6.237472,-0.098490,-0.223044,1.331341,-2.477639,-38.275445,-6.863306,-0.244835,0.072896,-0.380326,0.657827,-0.063599,0.000000,-12.462383,-1.382380,-27.580028,-0.775517,0.808906,0.057312,-0.501472,0.214143,0.927162,0.428946,1.237436,-2.758737,-0.537235,0.088548,0.701220,-1.159793,1.558759,2.248622,5
3479112313897,-0.072551,-0.234025,1.459927,-3.042205,-37.741821,-6.237472,-0.098727,-0.222984,1.331005,-2.477175,-38.275797,-6.863709,-0.247212,0.070519,-0.370818,0.662573,-0.062650,0.000000,-12.175276,-1.265992,-27.786583,-0.819743,0.837845,0.057111,-0.501440,0.214246,0.927225,0.430328,1.236949,-2.757449,-0.537235,0.088548,0.701220,-1.159793,1.558759,2.248622,5
3479113283037,-0.072805,-0.233946,1.459557,-3.041518,-37.741885,-6.237473,-0.098962,-0.222925,1.330671,-2.476712,-38.276148,-6.864111,-0.243250,0.074480,-0.369233,0.660675,-0.063599,-0.002848,-12.397434,-2.324184,-28.096787,-0.908181,0.890541,0.056903,-0.501414,0.214353,0.927278,0.431780,1.236461,-2.756094,-0.537235,0.088548,0.701220,-1.159793,1.558759,2.248622,5
3479114283234,-0.073050,-0.233869,1.459172,-3.040864,-37.741950,-6.237472,-0.099197,-0.222866,1.330339,-2.476252,-38.276497,-6.864510,-0.244835,0.076858,-0.369233,0.654030,-0.065498,0.000000,-12.170416,-2.863707,-28.182139,-0.915375,0.901199,0.057000,-0.501384,0.214455,0.927348,0.433128,1.235971,-2.754837,-0.537235,0.088548,0.701220,-1.159793,1.558759,2.248622,5
3479115283035,-0.073292,-0.233793,1.458805,-3.040207,-37.742011,-6.237471,-0.099430,-0.222807,1.330008,-2.475794,-38.276845,-6.864908,-0.241665,0.076858,-0.367648,0.657827,-0.060752,0.000000,-12.318926,-2.996977,-28.234312,-0.946361,0.908887,0.056622,-0.501358,0.214555,0.927407,0.434502,1.235490,-2.753552,-0.537235,0.088548,0.701220,-1.159793,1.558759,2.248622,5
3479116327601,-0.073523,-0.233721,1.458452,-3.039576,-37.742071,-6.237472,-0.099663,-0.222748,1.329678,-2.475337,-38.277191,-6.865305,-0.242458,0.075273,-0.366064,0.657827,-0.064549,0.000000,-12.150863,-2.725195,-28.168659,-0.928062,0.898121,0.056537,-0.501332,0.214652,0.927464,0.435807,1.235029,-2.752332,-0.537235,0.088548,0.701220,-1.159793,1.558759,2.248622,5
3479117314721,-0.073766,-0.233644,1.458088,-3.038919,-37.742132,-6.237472,-0.099894,-0.222690,1.329350,-2.474883,-38.277535,-6.865700,-0.242458,0.076858,-0.364479,0.656878,-0.060752,0.000000,-12.052382,-3.186058,-28.294049,-0.957914,0.913956,0.056430,-0.501306,0.214752,0.927522,0.437170,1.234550,-2.751059,-0.537235,0.088548,0.701220,-1.159793,1.558759,2.248622,5
3479118313564,-0.074001,-0.233569,1.457725,-3.038263,-37.742195,-6.237470,-0.100124,-0.222632,1.329023,-2.474430,-38.277878,-6.866092,-0.235327,0.074480,-0.362894,0.655929,-0.063599,0.000000,-12.498637,-2.782279,-28.199365,-0.963089,0.907962,0.056057,-0.501281,0.214850,0.927579,0.438533,1.234073,-2.749779,-0.537235,0.088548,0.701220,-1.159793,1.558759,2.248622,5
3479119283220,-0.074260,-0.233489,1.457357,-3.037579,-37.742259,-6.237470,-0.100354,-0.222574,1.328698,-2.473980,-38.278220,-6.866484,-0.238496,0.076065,-0.353386,0.658776,-0.064549,0.000000,-12.157680,-3.612076,-28.670520,-1.064610,0.978431,0.055924,-0.501255,0.214958,0.927631,0.439960,1.233584,-2.748452,-0.537235,0.088548,0.701220,-1.159793,1.558759,2.248622,5
3479120313693,-0.074488,-0.233412,1.457004,-3.036925,-37.742321,-6.237470,-0.100582,-0.222516,1.328374,-2.473531,-38.278560,-6.866873,-0.237704,0.076858,-0.353386,0.654030,-0.062650,0.002848,-12.119233,-3.813246,-28.671394,-1.063772,0.976548,0.055869,-0.501234,0.215052,0.927682,0.441320,1.233116,-2.747168,-0.537235,0.088548,0.701220,-1.159793,1.558759,2.248622,5
3479121313165,-0.074722,-0.233335,1.456645,-3.036275,-37.742381,-6.237471,-0.100810,-0.222459,1.328052,-2.473085,-38.278898,-6.867261,-0.233742,0.076858,-0.358140,0.650233,-0.059802,0.000000,-12.310739,-3.639307,-28.435110,-1.021424,0.939733,0.055770,-0.501211,0.215148,0.927737,0.442654,1.232643,-2.745917,-0.537235,0.088548,0.701220,-1.159793,1.558759,2.248622,5
3479122313822,-0.074949,-0.233266,1.456311,-3.035648,-37.742437,-6.237472,-0.101036,-0.222402,1.327731,-2.472640,-38.279235,-6.867647,-0.236119,0.071311,-0.351009,0.652132,-0.061701,0.000000,-12.007220,-2.679449,-28.334380,-0.988293,0.921114,0.055691,-0.501187,0.215242,0.927786,0.443941,1.232191,-2.744710,-0.537235,0.088548,0.701220,-1.159793,1.558759,2.248622,5
3479123313014,-0.075191,-0.233189,1.455940,-3.034975,-37.742500,-6.237470,-0.101261,-0.222345,1.327412,-2.472198,-38.279571,-6.868031,-0.232950,0.074480,-0.357348,0.647385,-0.058853,0.000000,-12.141714,-3.163656,-28.232249,-0.974565,0.904130,0.055593,-0.501161,0.215341,0.927845,0.445316,1.231696,-2.743419,-0.537235,0.088548,0.701220,-1.159793,1.558759,2.248622,5
3479124313239,-0.075423,-0.233117,1.455585,-3.034324,-37.742562,-6.237472,-0.101486,-0.222288,1.327094,-2.471757,-38.279905,-6.868413,-0.232157,0.072103,-0.354971,0.651182,-0.061701,0.000000,-12.092201,-2.770594,-28.166201,-0.967031,0.894749,0.055319,-0.501136,0.215436,0.927899,0.446638,1.231221,-2.742178,-0.537235,0.088548,0.701220,-1.159793,1.558759,2.248622,5
3479125313368,-0.075653,-0.233047,1.455230,-3.033678,-37.742620,-6.237472,-0.101709,-0.222232,1.326777,-2.471319,-38.280237,-6.868794,-0.229780,0.069726,-0.354178,0.646436,-0.057904,0.000000,-12.155299,-2.250426,-27.981292,-0.927333,0.864467,0.055264,-0.501110,0.215530,0.927957,0.447941,1.230742,-2.740952,-0.537235,0.088548,0.701220,-1.159793,1.558759,2.248622,5
3479126283503,-0.075886,-0.232970,1.454876,-3.033030,-37.742678,-6.237471,-0.101931,-0.222176,1.326462,-2.470882,-38.280568,-6.869173,-0.232950,0.076858,-0.354178,0.647385,-0.058853,0.000000,-11.840814,-3.950022,-28.423666,-1.023461,0.928679,0.055196,-0.501087,0.215626,0.928010,0.449256,1.230269,-2.739718,-0.537235,0.088548,0.701220,-1.159793,1.558759,2.248622,5
3479127283561,-0.076115,-0.232899,1.454522,-3.032383,-37.742734,-6.237473,-0.102152,-0.222120,1.326148,-2.470448,-38.280897,-6.869550,-0.228988,0.071311,-0.354178,0.647385,-0.056005,-0.002848,-12.012041,-2.692067,-28.025296,-0.945131,0.867138,0.054989,-0.501062,0.215719,0.928068,0.450546,1.229790,-2.738505,-0.537235,0.088548,0.701220,-1.159793,1.558759,2.248622,5
3479128283239,-0.076341,-0.232828,1.454175,-3.031735,-37.742795,-6.237471,-0.102373,-0.222065,1.325836,-2.470015,-38.281225,-6.869926,-0.225818,0.071311,-0.347047,0.648335,-0.060752,0.002848,-12.175409,-3.080718,-28.318258,-1.028246,0.919674,0.054588,-0.501039,0.215811,0.928119,0.451865,1.229317,-2.737259,-0.537235,0.088548,0.701220,-1.159793,1.558759,2.248622,5
3479129283008,-0.076560,-0.232762,1.453842,-3.031119,-37.742849,-6.237470,-0.102592,-0.222009,1.325525,-2.469585,-38.281552,-6.870300,-0.226611,0.068934,-0.349424,0.646436,-0.055056,0.000000,-11.989603,-2.404443,-28.001674,-0.948762,0.862771,0.054631,-0.501014,0.215901,0.928171,0.453098,1.228861,-2.736099,-0.537235,0.088548,0.701220,-1.159793,1.558759,2.248622,5
3479130283133,-0.076790,-0.232690,1.453492,-3.030467,-37.742902,-6.237471,-0.102810,-0.221954,1.325216,-2.469156,-38.281876,-6.870672,-0.229780,0.071311,-0.350217,0.651182,-0.053158,0.000000,-11.646683,-2.951867,-28.099784,-0.967146,0.870547,0.054470,-0.500989,0.215994,0.928226,0.454392,1.228378,-2.734882,-0.537235,0.088548,0.701220,-1.159793,1.558759,2.248622,5
3479131305955,-0.077021,-0.232618,1.453143,-3.029821,-37.742957,-6.237472,-0.103027,-0.221900,1.324908,-2.468730,-38.282200,-6.871042,-0.230573,0.072896,-0.349424,0.646436,-0.054107,0.000000,-11.479960,-3.362647,-28.182383,-0.978436,0.880946,0.054521,-0.500965,0.216088,0.928280,0.455675,1.227899,-2.733677,-0.537235,0.088548,0.701220,-1.159793,1.558759,2.248622,5
3479132314712,-0.077243,-0.232549,1.452788,-3.029174,-37.743008,-6.237470,-0.103243,-0.221845,1.324601,-2.468305,-38.282522,-6.871411,-0.222649,0.068934,-0.354178,0.647385,-0.051259,0.000000,-11.964997,-2.293836,-27.711773,-0.902715,0.812692,0.054082,-0.500939,0.216178,0.928340,0.456948,1.227408,-2.732472,-0.537235,0.088548,0.701220,-1.159793,1.558759,2.248622,5
3479133314243,-0.077471,-0.232477,1.452440,-3.028524,-37.743062,-6.237471,-0.103458,-0.221791,1.324296,-2.467883,-38.282842,-6.871777,-0.227403,0.072103,-0.348632,0.649284,-0.054107,0.000000,-11.514087,-3.300015,-28.117497,-0.981906,0.870688,0.054050,-0.500915,0.216270,0.928394,0.458230,1.226928,-2.731264,-0.537235,0.088548,0.701220,-1.159793,1.558759,2.248622,5
3479134313138,-0.077702,-0.232406,1.452083,-3.027873,-37.743111,-6.237471,-0.103673,-0.221737,1.323993,-2.467463,-38.283161,-6.872143,-0.222649,0.070519,-0.356555,0.651182,-0.049361,0.000000,-11.748396,-2.627487,-27.661590,-0.899030,0.798675,0.053709,-0.500888,0.216364,0.928454,0.459496,1.226432,-2.730075,-0.537235,0.088548,0.701220,-1.159793,1.558759,2.248622,5
3479135313239,-0.077924,-0.232336,1.451712,-3.027196,-37.743163,-6.237472,-0.103886,-0.221683,1.323691,-2.467044,-38.283478,-6.872506,-0.221857,0.068142,-0.358140,0.653081,-0.046513,0.000000,-11.685677,-2.020704,-27.397372,-0.843775,0.753819,0.053500,-0.500861,0.216452,0.928519,0.460796,1.225914,-2.728835,-0.537235,0.088548,0.701220,-1.159793,1.558759,2.248622,5
3479136313252,-0.078143,-0.232268,1.451350,-3.026545,-37.743212,-6.237470,-0.104098,-0.221630,1.323390,-2.466628,-38.283794,-6.872867,-0.219480,0.068142,-0.361310,0.651182,-0.049361,0.002848,-11.758109,-1.909073,-27.232062,-0.814351,0.729899,0.053301,-0.500834,0.216540,0.928584,0.462051,1.225409,-2.727644,-0.537235,0.088548,0.701220,-1.159793,1.558759,2.248622,5
3479137313319,-0.078362,-0.232200,1.450987,-3.025895,-37.743258,-6.237471,-0.104309,-0.221576,1.323091,-2.466213,-38.284108,-6.873227,-0.218687,0.068142,-0.363687,0.650233,-0.046513,0.000000,-11.706757,-1.810014,-27.081636,-0.782940,0.702895,0.053225,-0.500806,0.216627,0.928651,0.463283,1.224902,-2.726474,-0.537235,0.088548,0.701220,-1.159793,1.558759,2.248622,5
3479138313589,-0.078581,-0.232131,1.450624,-3.025245,-37.743304,-6.237471,-0.104519,-0.221523,1.322793,-2.465801,-38.284421,-6.873586,-0.218687,0.068934,-0.362894,0.650233,-0.045564,0.000000,-11.605590,-2.045811,-27.122329,-0.794009,0.706614,0.053089,-0.500779,0.216714,0.928718,0.464514,1.224395,-2.725306,-0.537235,0.088548,0.701220,-1.159793,1.558759,2.248622,5
3479139313224,-0.078794,-0.232065,1.450258,-3.024596,-37.743348,-6.237472,-0.104728,-0.221471,1.322496,-2.465390,-38.284732,-6.873942,-0.213141,0.066557,-0.365271,0.648335,-0.043665,0.000000,-11.917185,-1.415435,-26.826989,-0.746717,0.664045,0.052818,-0.500751,0.216799,0.928788,0.465726,1.223882,-2.724151,-0.537235,0.088548,0.701220,-1.159793,1.558759,2.248622,5
3479140313197,-0.079015,-0.231998,1.449895,-3.023948,-37.743392,-6.237472,-0.104936,-0.221418,1.322202,-2.464982,-38.285041,-6.874297,-0.221064,0.066557,-0.363687,0.648335,-0.044615,0.000000,-11.184372,-1.439574,-26.816149,-0.711145,0.649455,0.053008,-0.500722,0.216887,0.928856,0.466939,1.223371,-2.723003,-0.537235,0.088548,0.701220,-1.159793,1.558759,2.248622,5
3479141283231,-0.079227,-0.231932,1.449532,-3.023300,-37.743435,-6.237472,-0.105143,-0.221366,1.321908,-2.464575,-38.285350,-6.874650,-0.212349,0.065765,-0.362894,0.648335,-0.042716,0.000000,-11.764078,-1.357269,-26.780838,-0.741093,0.653112,0.052525,-0.500694,0.216971,0.928926,0.468143,1.222857,-2.721854,-0.537235,0.088548,0.701220,-1.159793,1.558759,2.248622,5
3479142312349,-0.079447,-0.231864,1.449169,-3.022650,-37.743477,-6.237471,-0.105349,-0.221314,1.321616,-2.464171,-38.285656,-6.875001,-0.219480,0.068142,-0.362894,0.649284,-0.041767,0.000000,-11.105170,-1.881022,-26.868740,-0.734547,0.653734,0.052644,-0.500665,0.217058,0.928994,0.469355,1.222343,-2.720705,-0.537235,0.088548,0.701220,-1.159793,1.558759,2.248622,5
3479143311842,-0.079658,-0.231800,1.448803,-3.021998,-37.743522,-6.237472,-0.105554,-0.221262,1.321325,-2.463768,-38.285961,-6.875350,-0.210764,0.064180,-0.366064,0.652132,-0.045564,0.000000,-11.660608,-0.899542,-26.481252,-0.684980,0.604527,0.052099,-0.500637,0.217140,0.929065,0.470555,1.221826,-2.719557,-0.537235,0.088548,0.701220,-1.159793,1.558759,2.248622,5
3479144283588,-0.079861,-0.231738,1.448460,-3.021375,-37.743559,-6.237470,-0.105758,-0.221211,1.321036,-2.463368,-38.286265,-6.875698,-0.211556,0.064972,-0.355763,0.650233,-0.039868,0.000000,-11.523270,-1.524576,-26.891428,-0.775281,0.664343,0.052027,-0.500610,0.217220,0.929130,0.471712,1.221329,-2.718452,-0.537235,0.088548,0.701220,-1.159793,1.558759,2.248622,5
3479145283082,-0.080083,-0.231671,1.448078,-3.020694,-37.743604,-6.237471,-0.105961,-0.221160,1.320749,-2.462970,-38.286567,-6.876044,-0.209972,0.065765,-0.365271,0.652132,-0.040818,0.000000,-11.517591,-1.314890,-26.517067,-0.700176,0.603961,0.051794,-0.500579,0.217307,0.929204,0.472956,1.220786,-2.717265,-0.537235,0.088548,0.701220,-1.159793,1.558759,2.248622,5
3479146283860,-0.080296,-0.231610,1.447721,-3.020044,-37.743647,-6.237471,-0.106163,-0.221109,1.320462,-2.462573,-38.286868,-6.876388,-0.213141,0.061011,-0.357348,0.650233,-0.042716,0.000000,-11.145600,-0.520652,-26.458018,-0.667599,0.589963,0.051854,-0.500549,0.217391,0.929272,0.474148,1.220270,-2.716127,-0.537235,0.088548,0.701220,-1.159793,1.558759,2.248622,5
3479147283721,-0.080494,-0.231553,1.447385,-3.019417,-37.743687,-6.237472,-0.106363,-0.221058,1.320178,-2.462179,-38.287167,-6.876731,-0.206802,0.059426,-0.353386,0.651182,-0.039868,0.000000,-11.548910,-0.369678,-26.495488,-0.705290,0.602075,0.051432,-0.500522,0.217467,0.929333,0.475300,1.219777,-2.715021,-0.537235,0.088548,0.701220,-1.159793,1.558759,2.248622,5
3479148310719,-0.080708,-0.231488,1.447031,-3.018761,-37.743731,-6.237472,-0.106563,-0.221008,1.319894,-2.461786,-38.287464,-6.877072,-0.214726,0.064972,-0.353386,0.655929,-0.043665,0.000000,-10.851196,-1.665883,-26.825458,-0.757883,0.642190,0.051439,-0.500496,0.217551,0.929396,0.476511,1.219265,-2.713866,-0.537235,0.088548,0.701220,-1.159793,1.558759,2.248622,5
3479149312541,-0.080917,-0.231426,1.446680,-3.018102,-37.743774,-6.237472,-0.106762,-0.220958,1.319612,-2.461396,-38.287760,-6.877411,-0.209179,0.061803,-0.351009,0.659726,-0.042716,0.000000,-11.170815,-1.090006,-26.703279,-0.757876,0.628580,0.050966,-0.500469,0.217632,0.929458,0.477725,1.218749,-2.712701,-0.537235,0.088548,0.701220,-1.159793,1.558759,2.248622,5
3479150312041,-0.081126,-0.231365,1.446332,-3.017442,-37.743817,-6.237471,-0.106960,-0.220908,1.319332,-2.461007,-38.288055,-6.877748,-0.208387,0.061011,-0.347840,0.659726,-0.042716,0.000000,-11.127420,-1.056855,-26.739372,-0.770153,0.633559,0.050792,-0.500442,0.217713,0.929519,0.478940,1.218234,-2.711534,-0.537235,0.088548,0.701220,-1.159793,1.558759,2.248622,5
3479151312425,-0.081339,-0.231298,1.445977,-3.016751,-37.743860,-6.237471,-0.107157,-0.220858,1.319053,-2.460621,-38.288348,-6.878084,-0.206010,0.065765,-0.343086,0.661624,-0.043665,0.000000,-11.243516,-2.440917,-27.236180,-0.902363,0.714470,0.050446,-0.500419,0.217795,0.929576,0.480222,1.217704,-2.710298,-0.537235,0.088548,0.701220,-1.159793,1.558759,2.248622,5
3479152283528,-0.081546,-0.231234,1.445632,-3.016086,-37.743903,-6.237471,-0.107353,-0.220809,1.318775,-2.460236,-38.288639,-6.878417,-0.206802,0.063388,-0.344670,0.664472,-0.042716,0.000000,-11.057759,-1.829113,-26.976036,-0.842178,0.668893,0.050270,-0.500396,0.217874,0.929632,0.481446,1.217191,-2.709120,-0.537235,0.088548,0.701220,-1.159793,1.558759,2.248622,5
3479153312695,-0.081750,-0.231172,1.445294,-3.015412,-37.743948,-6.237471,-0.107547,-0.220760,1.318499,-2.459854,-38.288929,-6.878750,-0.204425,0.061803,-0.337539,0.673964,-0.044615,0.000000,-11.155496,-1.862510,-27.184585,-0.913419,0.705356,0.049709,-0.500374,0.217952,0.929683,0.482699,1.216680,-2.707909,-0.537235,0.088548,0.701220,-1.159793,1.558759,2.248622,5
3479154312447,-0.081956,-0.231105,1.444960,-3.014745,-37.743987,-6.237472,-0.107741,-0.220711,1.318224,-2.459473,-38.289218,-6.879080,-0.206010,0.067349,-0.334370,0.667320,-0.039868,0.000000,-10.954160,-3.282145,-27.604685,-0.999637,0.764504,0.049809,-0.500355,0.218032,0.929732,0.483936,1.216174,-2.706717,-0.537235,0.088548,0.701220,-1.159793,1.558759,2.248622,5
3479155312394,-0.082150,-0.231042,1.444633,-3.014101,-37.744030,-6.237472,-0.107934,-0.220662,1.317951,-2.459095,-38.289505,-6.879409,-0.201256,0.067349,-0.340709,0.673015,-0.042716,0.000000,-11.223184,-3.091987,-27.360767,-0.973693,0.731649,0.049315,-0.500336,0.218105,0.929782,0.485124,1.215685,-2.705566,-0.537235,0.088548,0.701220,-1.159793,1.558759,2.248622,5
3479156283461,-0.082361,-0.230972,1.444289,-3.013404,-37.744076,-6.237470,-0.108126,-0.220614,1.317679,-2.458718,-38.289790,-6.879736,-0.202048,0.068934,-0.329616,0.673964,-0.041767,0.002848,-11.081092,-3.992585,-27.889008,-1.095398,0.812516,0.049079,-0.500318,0.218186,0.929828,0.486428,1.215162,-2.704305,-0.537235,0.088548,0.701220,-1.159793,1.558759,2.248622,5
3479157312731,-0.082559,-0.230904,1.443959,-3.012734,-37.744119,-6.237472,-0.108316,-0.220566,1.317409,-2.458344,-38.290074,-6.880061,-0.198086,0.068142,-0.329616,0.669218,-0.043665,0.000000,-11.280104,-3.847637,-27.800682,-1.087260,0.803406,0.048977,-0.500302,0.218261,0.929873,0.487668,1.214663,-2.703101,-0.537235,0.088548,0.701220,-1.159793,1.558759,2.248622,5
3479158283164,-0.082760,-0.230838,1.443631,-3.012059,-37.744158,-6.237471,-0.108506,-0.220518,1.317140,-2.457971,-38.290357,-6.880384,-0.200463,0.065765,-0.328031,0.675863,-0.038919,0.000000,-10.981169,-3.391319,-27.681403,-1.057611,0.775825,0.048727,-0.500285,0.218337,0.929917,0.488920,1.214154,-2.701887,-0.537235,0.088548,0.701220,-1.159793,1.558759,2.248622,5
3479159312886,-0.082948,-0.230773,1.443317,-3.011409,-37.744199,-6.237472,-0.108695,-0.220470,1.316872,-2.457600,-38.290638,-6.880706,-0.195709,0.068142,-0.327239,0.678711,-0.040818,0.000000,-11.278582,-4.076212,-27.883246,-1.132592,0.814127,0.048283,-0.500271,0.218408,0.929957,0.490121,1.213671,-2.700719,-0.537235,0.088548,0.701220,-1.159793,1.558759,2.248622,5
3479160283879,-0.083156,-0.230703,1.442980,-3.010701,-37.744241,-6.237472,-0.108883,-0.220423,1.316606,-2.457232,-38.290917,-6.881026,-0.201256,0.065765,-0.326446,0.678711,-0.038919,0.000000,-10.713664,-3.539200,-27.693036,-1.063332,0.771645,0.048375,-0.500255,0.218486,0.929999,0.491435,1.213144,-2.699441,-0.537235,0.088548,0.701220,-1.159793,1.558759,2.248622,5
3479161283261,-0.083341,-0.230637,1.442670,-3.010050,-37.744281,-6.237472,-0.109069,-0.220376,1.316341,-2.456865,-38.291195,-6.881345,-0.194917,0.070519,-0.321692,0.678711,-0.038919,0.000000,-11.156915,-4.961589,-28.210094,-1.216225,0.861825,0.047927,-0.500244,0.218555,0.930036,0.492644,1.212662,-2.698261,-0.537235,0.088548,0.701220,-1.159793,1.558759,2.248622,5
3479162283367,-0.083546,-0.230567,1.442331,-3.009344,-37.744324,-6.237470,-0.109255,-0.220329,1.316078,-2.456501,-38.291471,-6.881661,-0.195709,0.067349,-0.324862,0.679660,-0.042716,0.000000,-10.957052,-4.113886,-27.839830,-1.127659,0.801136,0.047807,-0.500229,0.218632,0.930079,0.493948,1.212134,-2.696990,-0.537235,0.088548,0.701220,-1.159793,1.558759,2.248622,5
3479163283303,-0.083731,-0.230503,1.442041,-3.008694,-37.744359,-6.237471,-0.109440,-0.220282,1.315816,-2.456138,-38.291746,-6.881976,-0.191748,0.068142,-0.319315,0.679660,-0.039868,0.000000,-11.189253,-4.614376,-28.110531,-1.210069,0.847086,0.047479,-0.500219,0.218701,0.930107,0.495162,1.211663,-2.695806,-0.537235,0.088548,0.701220,-1.159793,1.558759,2.248622,5
3479164283264,-0.083924,-0.230435,1.441711,-3.008014,-37.744401,-6.237472,-0.109623,-0.220236,1.315556,-2.455777,-38.292020,-6.882289,-0.193332,0.068142,-0.318523,0.679660,-0.040818,0.000000,-10.960952,-4.675375,-28.104958,-1.203041,0.841814,0.047396,-0.500205,0.218773,0.930149,0.496401,1.211153,-2.694596,-0.537235,0.088548,0.701220,-1.159793,1.558759,2.248622,5
3479165283546,-0.084115,-0.230373,1.441391,-3.007335,-37.744438,-6.237471,-0.109806,-0.220190,1.315297,-2.455419,-38.292292,-6.882601,-0.190163,0.061803,-0.320108,0.678711,-0.037021,0.000000,-11.064043,-3.138020,-27.574021,-1.090860,0.758087,0.047192,-0.500189,0.218843,0.930191,0.497634,1.210641,-2.693388,-0.537235,0.088548,0.701220,-1.159793,1.558759,2.248622,5
3479166324485,-0.084306,-0.230308,1.441081,-3.006653,-37.744476,-6.237471,-0.109988,-0.220144,1.315039,-2.455062,-38.292562,-6.882910,-0.191748,0.064972,-0.309807,0.682508,-0.037970,0.000000,-10.880445,-4.398534,-28.200505,-1.236535,0.854094,0.046933,-0.500178,0.218914,0.930224,0.498892,1.210138,-2.692158,-0.537235,0.088548,0.701220,-1.159793,1.558759,2.248622,5
3479167283667,-0.084493,-0.230243,1.440762,-3.005976,-37.744514,-6.237470,-0.110168,-0.220099,1.314783,-2.454707,-38.292831,-6.883218,-0.186994,0.064972,-0.319315,0.676812,-0.037970,0.000000,-11.125688,-4.006073,-27.766316,-1.152743,0.789274,0.046805,-0.500165,0.218983,0.930264,0.500120,1.209630,-2.690952,-0.537235,0.088548,0.701220,-1.159793,1.558759,2.248622,5
3479168311739,-0.084683,-0.230181,1.440448,-3.005295,-37.744552,-6.237471,-0.110348,-0.220053,1.314528,-2.454354,-38.293099,-6.883525,-0.189371,0.061803,-0.313769,0.680609,-0.037970,0.000000,-10.831142,-3.536706,-27.756642,-1.143521,0.782160,0.046633,-0.500150,0.219052,0.930302,0.501353,1.209122,-2.689744,-0.537235,0.088548,0.701220,-1.159793,1.558759,2.248622,5
3479169312790,-0.084877,-0.230118,1.440124,-3.004587,-37.744587,-6.237471,-0.110527,-0.220008,1.314275,-2.454004,-38.293364,-6.883829,-0.185409,0.061011,-0.312976,0.678711,-0.036071,0.000000,-11.028226,-3.425996,-27.702822,-1.147911,0.776506,0.046378,-0.500136,0.219123,0.930341,0.502630,1.208589,-2.688489,-0.537235,0.088548,0.701220,-1.159793,1.558759,2.248622,5
3479170311969,-0.085054,-0.230056,1.439819,-3.003942,-37.744622,-6.237472,-0.110704,-0.219964,1.314023,-2.453655,-38.293629,-6.884132,-0.185409,0.062595,-0.316938,0.671117,-0.033224,0.000000,-10.923505,-3.603221,-27.571204,-1.110430,0.750989,0.046488,-0.500123,0.219187,0.930380,0.503784,1.208102,-2.687355,-0.537235,0.088548,0.701220,-1.159793,1.558759,2.248622,5
3479171283341,-0.085249,-0.229993,1.439493,-3.003234,-37.744659,-6.237471,-0.110881,-0.219919,1.313773,-2.453308,-38.293892,-6.884433,-0.185409,0.061011,-0.312184,0.674914,-0.032274,0.000000,-10.816748,-3.484858,-27.638992,-1.131202,0.759131,0.046204,-0.500108,0.219258,0.930421,0.505050,1.207567,-2.686112,-0.537235,0.088548,0.701220,-1.159793,1.558759,2.248622,5
3479172312164,-0.085430,-0.229935,1.439178,-3.002561,-37.744691,-6.237472,-0.111056,-0.219875,1.313524,-2.452963,-38.294153,-6.884733,-0.180655,0.058634,-0.314561,0.673015,-0.032274,0.000000,-11.069534,-2.859347,-27.353051,-1.084891,0.719029,0.045942,-0.500092,0.219323,0.930464,0.506237,1.207051,-2.684942,-0.537235,0.088548,0.701220,-1.159793,1.558759,2.248622,5
3479173312158,-0.085615,-0.229874,1.438865,-3.001880,-37.744723,-6.237470,-0.111231,-0.219831,1.313276,-2.452620,-38.294413,-6.885031,-0.184616,0.061011,-0.312976,0.681558,-0.032274,0.000000,-10.679905,-3.535275,-27.570267,-1.131124,0.744308,0.045662,-0.500078,0.219390,0.930503,0.507451,1.206534,-2.683745,-0.537235,0.088548,0.701220,-1.159793,1.558759,2.248622,5
3479174283199,-0.085785,-0.229817,1.438567,-3.001234,-37.744753,-6.237471,-0.111405,-0.219787,1.313030,-2.452279,-38.294672,-6.885327,-0.178278,0.061803,-0.311392,0.676812,-0.030376,0.000000,-11.089074,-3.829964,-27.654484,-1.176150,0.765016,0.045397,-0.500065,0.219451,0.930542,0.508585,1.206040,-2.682625,-0.537235,0.088548,0.701220,-1.159793,1.558759,2.248622,5
3479175283087,-0.085973,-0.229757,1.438254,-3.000560,-37.744780,-6.237471,-0.111577,-0.219743,1.312785,-2.451940,-38.294929,-6.885621,-0.178278,0.060218,-0.312184,0.673964,-0.027528,0.000000,-10.965747,-3.419905,-27.457439,-1.127086,0.729351,0.045357,-0.500049,0.219519,0.930584,0.509764,1.205522,-2.681468,-0.537235,0.088548,0.701220,-1.159793,1.558759,2.248622,5
3479176313984,-0.086151,-0.229693,1.437937,-2.999855,-37.744814,-6.237471,-0.111749,-0.219700,1.312542,-2.451603,-38.295184,-6.885914,-0.178278,0.061803,-0.304261,0.676812,-0.031325,0.000000,-10.895251,-4.210941,-27.882765,-1.231698,0.797362,0.045067,-0.500039,0.219582,0.930619,0.511016,1.204992,-2.680222,-0.537235,0.088548,0.701220,-1.159793,1.558759,2.248622,5
3479177316177,-0.086322,-0.229634,1.437644,-2.999212,-37.744839,-6.237472,-0.111920,-0.219657,1.312300,-2.451268,-38.295438,-6.886204,-0.176693,0.061803,-0.303468,0.668269,-0.026579,0.000000,-10.915536,-4.229880,-27.839300,-1.219358,0.787990,0.045133,-0.500028,0.219643,0.930655,0.512143,1.204501,-2.679111,-0.537235,0.088548,0.701220,-1.159793,1.558759,2.248622,5
3479178283211,-0.086501,-0.229573,1.437339,-2.998534,-37.744872,-6.237471,-0.112089,-0.219614,1.312060,-2.450935,-38.295691,-6.886494,-0.179070,0.061011,-0.305053,0.677761,-0.033224,0.000000,-10.629633,-4.052060,-27.740399,-1.198906,0.769340,0.044785,-0.500017,0.219707,0.930690,0.513341,1.203991,-2.677926,-0.537235,0.088548,0.701220,-1.159793,1.558759,2.248622,5
3479179283503,-0.086684,-0.229509,1.437028,-2.997822,-37.744898,-6.237468,-0.112258,-0.219572,1.311821,-2.450604,-38.295942,-6.886781,-0.175108,0.059426,-0.297922,0.684406,-0.026579,0.000000,-10.847178,-4.080690,-27.927114,-1.269887,0.800070,0.044230,-0.500007,0.219771,0.930723,0.514599,1.203452,-2.676677,-0.537235,0.088548,0.701220,-1.159793,1.558759,2.248622,5
3479180283261,-0.086860,-0.229448,1.436731,-2.997138,-37.744926,-6.237471,-0.112425,-0.219530,1.311583,-2.450275,-38.296191,-6.887067,-0.175901,0.061011,-0.297130,0.683457,-0.028477,-0.002848,-10.693533,-4.519452,-28.035300,-1.292557,0.814327,0.044174,-0.499998,0.219833,0.930753,0.515799,1.202942,-2.675487,-0.537235,0.088548,0.701220,-1.159793,1.558759,2.248622,5
3479181311534,-0.087026,-0.229389,1.436445,-2.996490,-37.744950,-6.237469,-0.112592,-0.219488,1.311347,-2.449948,-38.296439,-6.887351,-0.173524,0.063388,-0.297130,0.677761,-0.024680,0.000000,-10.793992,-5.092810,-28.142177,-1.324548,0.830563,0.044053,-0.499990,0.219892,0.930784,0.516937,1.202451,-2.674357,-0.537235,0.088548,0.701220,-1.159793,1.558759,2.248622,5
3479182283295,-0.087198,-0.229325,1.436151,-2.995812,-37.744978,-6.237471,-0.112758,-0.219446,1.311112,-2.449622,-38.296686,-6.887634,-0.171939,0.063388,-0.293960,0.677761,-0.028477,0.000000,-10.827599,-5.299122,-28.262562,-1.361361,0.852404,0.043822,-0.499983,0.219952,0.930812,0.518128,1.201947,-2.673174,-0.537235,0.088548,0.701220,-1.159793,1.558759,2.248622,5
3479183283388,-0.087373,-0.229263,1.435857,-2.995127,-37.745003,-6.237470,-0.112922,-0.219404,1.310878,-2.449299,-38.296931,-6.887914,-0.175108,0.062595,-0.294753,0.685355,-0.024680,0.000000,-10.476288,-5.122651,-28.162102,-1.334329,0.825901,0.043565,-0.499976,0.220013,0.930841,0.519330,1.201433,-2.671980,-0.537235,0.088548,0.701220,-1.159793,1.558759,2.248622,5
3479184314906,-0.087555,-0.229204,1.435568,-2.994443,-37.745029,-6.237471,-0.113086,-0.219363,1.310646,-2.448978,-38.297175,-6.888193,-0.175901,0.058634,-0.288414,0.684406,-0.025630,0.000000,-10.294554,-4.495248,-28.121566,-1.317638,0.816666,0.043480,-0.499965,0.220078,0.930868,0.520528,1.200922,-2.670798,-0.537235,0.088548,0.701220,-1.159793,1.558759,2.248622,5
3479185283412,-0.087720,-0.229144,1.435278,-2.993757,-37.745052,-6.237470,-0.113249,-0.219322,1.310416,-2.448658,-38.297417,-6.888471,-0.171939,0.060218,-0.290791,0.685355,-0.023731,0.000000,-10.515734,-4.827840,-28.118769,-1.340718,0.819156,0.043124,-0.499959,0.220135,0.930895,0.521724,1.200407,-2.669600,-0.537235,0.088548,0.701220,-1.159793,1.558759,2.248622,5
3479186283322,-0.087889,-0.229088,1.434984,-2.993069,-37.745077,-6.237471,-0.113410,-0.219281,1.310187,-2.448341,-38.297658,-6.888746,-0.169562,0.055464,-0.293960,0.688203,-0.024680,0.000000,-10.571167,-3.617285,-27.657549,-1.247982,0.747977,0.042816,-0.499949,0.220193,0.930927,0.522908,1.199885,-2.668417,-0.537235,0.088548,0.701220,-1.159793,1.558759,2.248622,5
3479187283090,-0.088066,-0.229023,1.434686,-2.992357,-37.745099,-6.237471,-0.113571,-0.219241,1.309959,-2.448025,-38.297897,-6.889020,-0.167977,0.061803,-0.285244,0.681558,-0.019934,0.000000,-10.636417,-5.520418,-28.384577,-1.420454,0.861097,0.042734,-0.499944,0.220254,0.930952,0.524148,1.199353,-2.667181,-0.537235,0.088548,0.701220,-1.159793,1.558759,2.248622,5
3479188283234,-0.088224,-0.228968,1.434415,-2.991698,-37.745123,-6.237472,-0.113731,-0.219200,1.309732,-2.447712,-38.298135,-6.889293,-0.164808,0.059426,-0.285244,0.686305,-0.023731,0.000000,-10.787655,-5.049087,-28.243250,-1.409588,0.844225,0.042308,-0.499938,0.220307,0.930975,0.525292,1.198863,-2.666035,-0.537235,0.088548,0.701220,-1.159793,1.558759,2.248622,5
3479189283298,-0.088392,-0.228910,1.434126,-2.991011,-37.745146,-6.237471,-0.113889,-0.219160,1.309507,-2.447400,-38.298371,-6.889563,-0.168770,0.057841,-0.288414,0.687254,-0.023731,0.000000,-10.358308,-4.537924,-27.963210,-1.327758,0.789619,0.042310,-0.499930,0.220365,0.931002,0.526477,1.198345,-2.664850,-0.537235,0.088548,0.701220,-1.159793,1.558759,2.248622,5
3479190283456,-0.088556,-0.228853,1.433843,-2.990330,-37.745164,-6.237471,-0.114047,-0.219121,1.309284,-2.447091,-38.298606,-6.889832,-0.163223,0.057049,-0.283660,0.680609,-0.018036,0.000000,-10.694268,-4.586342,-28.053536,-1.367705,0.808508,0.042123,-0.499923,0.220420,0.931030,0.527641,1.197828,-2.663683,-0.537235,0.088548,0.701220,-1.159793,1.558759,2.248622,5
3479191283046,-0.088721,-0.228799,1.433562,-2.989642,-37.745183,-6.237471,-0.114204,-0.219081,1.309062,-2.446783,-38.298839,-6.890099,-0.164808,0.053879,-0.280490,0.688203,-0.018985,0.000000,-10.467214,-4.037085,-27.972271,-1.350484,0.791069,0.041794,-0.499915,0.220476,0.931055,0.528819,1.197308,-2.662502,-0.537235,0.088548,0.701220,-1.159793,1.558759,2.248622,5
3479192283023,-0.088884,-0.228745,1.433273,-2.988956,-37.745202,-6.237472,-0.114360,-0.219042,1.308841,-2.446477,-38.299071,-6.890365,-0.163223,0.054672,-0.289206,0.686305,-0.018985,0.000000,-10.475986,-3.854860,-27.629752,-1.279814,0.735867,0.041658,-0.499906,0.220530,0.931086,0.529976,1.196783,-2.661341,-0.537235,0.088548,0.701220,-1.159793,1.558759,2.248622,5
3479193283242,-0.089049,-0.228690,1.432991,-2.988266,-37.745221,-6.237472,-0.114514,-0.219003,1.308621,-2.446173,-38.299301,-6.890629,-0.164808,0.054672,-0.282075,0.690102,-0.018985,0.000000,-10.270043,-4.213861,-27.906810,-1.342159,0.774861,0.041418,-0.499898,0.220586,0.931112,0.531149,1.196260,-2.660163,-0.537235,0.088548,0.701220,-1.159793,1.558759,2.248622,5
3479194283021,-0.089210,-0.228638,1.432704,-2.987583,-37.745239,-6.237470,-0.114668,-0.218964,1.308403,-2.445871,-38.299530,-6.890891,-0.161638,0.052295,-0.286829,0.682508,-0.017086,0.000000,-10.386617,-3.431213,-27.485628,-1.250816,0.709594,0.041404,-0.499888,0.220639,0.931144,0.532294,1.195732,-2.659012,-0.537235,0.088548,0.701220,-1.159793,1.558759,2.248622,5
3479195283207,-0.089369,-0.228586,1.432419,-2.986898,-37.745256,-6.237473,-0.114821,-0.218925,1.308187,-2.445571,-38.299758,-6.891151,-0.159261,0.051502,-0.285244,0.685355,-0.017086,-0.003797,-10.478153,-3.366043,-27.486497,-1.267600,0.711594,0.041112,-0.499878,0.220692,0.931175,0.533430,1.195205,-2.657867,-0.537235,0.088548,0.701220,-1.159793,1.558759,2.248622,5
3479196283284,-0.089529,-0.228531,1.432135,-2.986210,-37.745270,-6.237472,-0.114973,-0.218887,1.307971,-2.445273,-38.299984,-6.891410,-0.159261,0.054672,-0.283660,0.688203,-0.014239,0.000000,-10.404046,-4.223002,-27.742763,-1.334793,0.747760,0.040776,-0.499870,0.220744,0.931204,0.534585,1.194676,-2.656703,-0.537235,0.088548,0.701220,-1.159793,1.558759,2.248622,5
3479197283125,-0.089690,-0.228483,1.431849,-2.985529,-37.745282,-6.237473,-0.115124,-0.218849,1.307758,-2.444977,-38.300208,-6.891668,-0.161638,0.048333,-0.286037,0.680609,-0.012340,0.000000,-10.063243,-2.559641,-27.124533,-1.167280,0.641342,0.041015,-0.499857,0.220798,0.931239,0.535695,1.194142,-2.655586,-0.537235,0.088548,0.701220,-1.159793,1.558759,2.248622,5
3479198293356,-0.089846,-0.228430,1.431568,-2.984842,-37.745301,-6.237469,-0.115273,-0.218811,1.307545,-2.444682,-38.300431,-6.891923,-0.155300,0.053087,-0.281283,0.687254,-0.018985,0.004746,-10.514549,-4.025398,-27.687462,-1.342555,0.743898,0.040246,-0.499850,0.220848,0.931266,0.536854,1.193615,-2.654413,-0.537235,0.088548,0.701220,-1.159793,1.558759,2.248622,5
3479199312733,-0.090006,-0.228382,1.431284,-2.984160,-37.745311,-6.237470,-0.115422,-0.218774,1.307334,-2.444390,-38.300653,-6.892177,-0.160054,0.048333,-0.283660,0.681558,-0.009492,0.000000,-9.995597,-2.711309,-27.157801,-1.187437,0.642458,0.040592,-0.499838,0.220901,0.931301,0.537962,1.193080,-2.653297,-0.537235,0.088548,0.701220,-1.159793,1.558759,2.248622,5
3479200321471,-0.090160,-0.228333,1.431003,-2.983474,-37.745324,-6.237470,-0.115570,-0.218737,1.307124,-2.444100,-38.300873,-6.892429,-0.154507,0.048333,-0.281283,0.686305,-0.013289,0.000000,-10.347616,-2.907756,-27.275245,-1.250097,0.671238,0.040032,-0.499828,0.220950,0.931332,0.539087,1.192546,-2.652157,-0.537235,0.088548,0.701220,-1.159793,1.558759,2.248622,5
3479201313898,-0.090315,-0.228281,1.430725,-2.982790,-37.745337,-6.237472,-0.115717,-0.218699,1.306916,-2.443811,-38.301092,-6.892680,-0.154507,0.052295,-0.277321,0.684406,-0.013289,0.000000,-10.279031,-4.039858,-27.668223,-1.342713,0.730892,0.039895,-0.499821,0.221000,0.931359,0.540211,1.192020,-2.651019,-0.537235,0.088548,0.701220,-1.159793,1.558759,2.248622,5
3479202313396,-0.090476,-0.228232,1.430445,-2.982075,-37.745351,-6.237471,-0.115863,-0.218663,1.306709,-2.443525,-38.301309,-6.892929,-0.154507,0.049125,-0.280490,0.686305,-0.014239,0.000000,-10.152302,-3.174062,-27.298774,-1.259722,0.669722,0.039698,-0.499812,0.221052,0.931384,0.541395,1.191472,-2.649820,-0.537235,0.088548,0.701220,-1.159793,1.558759,2.248622,5
3479203313489,-0.090625,-0.228180,1.430154,-2.981388,-37.745363,-6.237471,-0.116008,-0.218626,1.306503,-2.443240,-38.301525,-6.893176,-0.148961,0.050710,-0.280490,0.686305,-0.010442,0.000000,-10.502739,-3.598082,-27.381788,-1.310115,0.688411,0.039290,-0.499804,0.221099,0.931420,0.542498,1.190930,-2.648695,-0.537235,0.088548,0.701220,-1.159793,1.558759,2.248622,5
3479204313343,-0.090775,-0.228127,1.429885,-2.980708,-37.745378,-6.237472,-0.116152,-0.218590,1.306299,-2.442957,-38.301739,-6.893421,-0.150546,0.053087,-0.269397,0.680609,-0.015188,0.000000,-10.313860,-4.664799,-27.952850,-1.428794,0.776851,0.039325,-0.499800,0.221146,0.931442,0.543622,1.190413,-2.647555,-0.537235,0.088548,0.701220,-1.159793,1.558759,2.248622,5
3479205312874,-0.090925,-0.228076,1.429615,-2.980020,-37.745389,-6.237469,-0.116295,-0.218554,1.306096,-2.442676,-38.301952,-6.893665,-0.149753,0.050710,-0.269397,0.688203,-0.011391,0.002848,-10.274605,-4.162863,-27.790940,-1.405865,0.747796,0.038853,-0.499794,0.221194,0.931465,0.544758,1.189884,-2.646399,-0.537235,0.088548,0.701220,-1.159793,1.558759,2.248622,5
3479206313201,-0.091071,-0.228024,1.429341,-2.979335,-37.745407,-6.237471,-0.116437,-0.218518,1.305895,-2.442397,-38.302164,-6.893908,-0.146584,0.052295,-0.274152,0.684406,-0.017086,0.000000,-10.426033,-4.366716,-27.679869,-1.394802,0.736315,0.038729,-0.499790,0.221239,0.931489,0.545875,1.189362,-2.645259,-0.537235,0.088548,0.701220,-1.159793,1.558759,2.248622,5
3479207313175,-0.091216,-0.227974,1.429077,-2.978657,-37.745416,-6.237471,-0.116578,-0.218482,1.305695,-2.442120,-38.302374,-6.894148,-0.144207,0.049918,-0.264643,0.678711,-0.009492,0.000000,-10.518099,-4.225395,-27.845246,-1.436811,0.761010,0.038631,-0.499786,0.221284,0.931512,0.546982,1.188840,-2.644130,-0.537235,0.088548,0.701220,-1.159793,1.558759,2.248622,5
3479208283235,-0.091360,-0.227924,1.428810,-2.977972,-37.745428,-6.237472,-0.116718,-0.218447,1.305496,-2.441845,-38.302583,-6.894387,-0.144207,0.049918,-0.267020,0.684406,-0.012340,0.000000,-10.427346,-4.180209,-27.751103,-1.425021,0.744752,0.038291,-0.499782,0.221328,0.931534,0.548095,1.188316,-2.642992,-0.537235,0.088548,0.701220,-1.159793,1.558759,2.248622,5
3479209313575,-0.091506,-0.227871,1.428541,-2.977292,-37.745441,-6.237471,-0.116858,-0.218412,1.305299,-2.441571,-38.302790,-6.894625,-0.145792,0.053087,-0.268605,0.679660,-0.012340,0.000000,-10.215987,-4.853178,-27.843050,-1.436374,0.753006,0.038338,-0.499779,0.221373,0.931556,0.549202,1.187794,-2.641864,-0.537235,0.088548,0.701220,-1.159793,1.558759,2.248622,5
3479210283473,-0.091651,-0.227824,1.428282,-2.976612,-37.745455,-6.237471,-0.116996,-0.218377,1.305103,-2.441300,-38.302996,-6.894860,-0.144999,0.046748,-0.259097,0.680609,-0.014239,0.000000,-10.169139,-3.817843,-27.787626,-1.424868,0.745343,0.038114,-0.499774,0.221418,0.931576,0.550312,1.187276,-2.640730,-0.537235,0.088548,0.701220,-1.159793,1.558759,2.248622,5
3479211283277,-0.091785,-0.227775,1.428027,-2.975964,-37.745466,-6.237470,-0.117133,-0.218342,1.304908,-2.441030,-38.303200,-6.895094,-0.137868,0.050710,-0.265436,0.675863,-0.012340,0.000000,-10.647606,-4.516467,-27.767993,-1.456292,0.751741,0.037805,-0.499771,0.221458,0.931597,0.551360,1.186777,-2.639656,-0.537235,0.088548,0.701220,-1.159793,1.558759,2.248622,5
3479212287043,-0.091933,-0.227723,1.427755,-2.975261,-37.745478,-6.237472,-0.117270,-0.218308,1.304715,-2.440763,-38.303403,-6.895327,-0.141830,0.049125,-0.261474,0.674914,-0.008543,0.000000,-10.232248,-4.303292,-27.762740,-1.433904,0.738292,0.037835,-0.499767,0.221504,0.931619,0.552490,1.186238,-2.638502,-0.537235,0.088548,0.701220,-1.159793,1.558759,2.248622,5
3479213317010,-0.092070,-0.227675,1.427509,-2.974617,-37.745490,-6.237470,-0.117405,-0.218274,1.304523,-2.440497,-38.303604,-6.895558,-0.143415,0.047541,-0.257512,0.673964,-0.012340,0.002848,-10.017638,-4.129384,-27.791794,-1.431320,0.739692,0.037729,-0.499765,0.221545,0.931636,0.553539,1.185747,-2.637430,-0.537235,0.088548,0.701220,-1.159793,1.558759,2.248622,5
3479214314479,-0.092210,-0.227627,1.427249,-2.973950,-37.745499,-6.237471,-0.117539,-0.218240,1.304332,-2.440233,-38.303805,-6.895787,-0.140245,0.047541,-0.259097,0.666370,-0.008543,0.000000,-10.159705,-4.050075,-27.661899,-1.409533,0.720160,0.037732,-0.499760,0.221588,0.931659,0.554598,1.185230,-2.636345,-0.537235,0.088548,0.701220,-1.159793,1.558759,2.248622,5
3479215313525,-0.092351,-0.227579,1.426986,-2.973282,-37.745506,-6.237472,-0.117673,-0.218206,1.304143,-2.439971,-38.304003,-6.896014,-0.141037,0.048333,-0.263851,0.668269,-0.007594,0.000000,-9.998724,-4.045403,-27.490004,-1.371310,0.687352,0.037559,-0.499755,0.221631,0.931685,0.555652,1.184709,-2.635267,-0.537235,0.088548,0.701220,-1.159793,1.558759,2.248622,5
3479216313024,-0.092498,-0.227533,1.426717,-2.972592,-37.745520,-6.237472,-0.117805,-0.218173,1.303955,-2.439711,-38.304201,-6.896240,-0.139453,0.045164,-0.259097,0.664472,-0.009492,0.000000,-10.011137,-3.519681,-27.428440,-1.358886,0.679476,0.037451,-0.499748,0.221675,0.931709,0.556745,1.184173,-2.634148,-0.537235,0.088548,0.701220,-1.159793,1.558759,2.248622,5
3479217313935,-0.092635,-0.227486,1.426459,-2.971935,-37.745528,-6.237472,-0.117937,-0.218140,1.303769,-2.439452,-38.304396,-6.896464,-0.137868,0.047541,-0.258305,0.656878,-0.008543,0.000000,-10.048049,-4.108549,-27.559237,-1.390584,0.699866,0.037455,-0.499744,0.221716,0.931733,0.557780,1.183661,-2.633088,-0.537235,0.088548,0.701220,-1.159793,1.558759,2.248622,5
3479218313466,-0.092773,-0.227442,1.426197,-2.971277,-37.745538,-6.237474,-0.118067,-0.218107,1.303584,-2.439196,-38.304591,-6.896687,-0.137076,0.043579,-0.261474,0.657827,-0.009492,-0.002848,-9.989162,-3.048831,-27.131874,-1.296399,0.631357,0.037314,-0.499736,0.221757,0.931761,0.558797,1.183144,-2.632044,-0.537235,0.088548,0.701220,-1.159793,1.558759,2.248622,5
3479219283288,-0.092908,-0.227398,1.425934,-2.970616,-37.745545,-6.237472,-0.118197,-0.218074,1.303400,-2.438941,-38.304784,-6.896908,-0.135491,0.044371,-0.263059,0.660675,-0.007594,0.002848,-10.025412,-3.198750,-27.099349,-1.303709,0.625260,0.036907,-0.499729,0.221797,0.931789,0.559826,1.182620,-2.630985,-0.537235,0.088548,0.701220,-1.159793,1.558759,2.248622,5
3479220314089,-0.093041,-0.227353,1.425671,-2.969968,-37.745555,-6.237471,-0.118326,-0.218042,1.303217,-2.438689,-38.304975,-6.897128,-0.133114,0.044371,-0.263059,0.648335,-0.009492,0.000000,-10.106172,-3.165242,-27.017638,-1.282437,0.615396,0.037092,-0.499722,0.221836,0.931819,0.560825,1.182104,-2.629956,-0.537235,0.088548,0.701220,-1.159793,1.558759,2.248622,5
3479221313453,-0.093177,-0.227309,1.425407,-2.969312,-37.745561,-6.237472,-0.118453,-0.218009,1.303036,-2.438438,-38.305166,-6.897345,-0.136283,0.044371,-0.263851,0.655929,-0.006645,0.000000,-9.768770,-3.151849,-26.964167,-1.265548,0.595748,0.036832,-0.499715,0.221876,0.931849,0.561827,1.181582,-2.628925,-0.537235,0.088548,0.701220,-1.159793,1.558759,2.248622,5
3479222313229,-0.093307,-0.227268,1.425154,-2.968683,-37.745568,-6.237472,-0.118580,-0.217977,1.302856,-2.438189,-38.305354,-6.897562,-0.134699,0.043579,-0.266228,0.654979,-0.006645,0.000000,-9.793876,-2.867704,-26.776329,-1.230580,0.566267,0.036658,-0.499707,0.221914,0.931879,0.562785,1.181079,-2.627938,-0.537235,0.088548,0.701220,-1.159793,1.558759,2.248622,5
3479223313333,-0.093442,-0.227224,1.424882,-2.968004,-37.745575,-6.237470,-0.118706,-0.217946,1.302678,-2.437942,-38.305542,-6.897776,-0.131529,0.043579,-0.259889,0.652132,-0.007594,0.000000,-9.958349,-3.174684,-27.000607,-1.296192,0.606476,0.036424,-0.499699,0.221952,0.931910,0.563821,1.180536,-2.626866,-0.537235,0.088548,0.701220,-1.159793,1.558759,2.248622,5
3479224283424,-0.093577,-0.227182,1.424622,-2.967351,-37.745581,-6.237470,-0.118831,-0.217914,1.302501,-2.437696,-38.305728,-6.897989,-0.134699,0.041994,-0.259889,0.653081,-0.006645,0.000000,-9.605380,-2.786248,-26.844044,-1.245076,0.571626,0.036386,-0.499691,0.221992,0.931940,0.564813,1.180015,-2.625844,-0.537235,0.088548,0.701220,-1.159793,1.558759,2.248622,5
3479225283238,-0.093707,-0.227142,1.424359,-2.966696,-37.745586,-6.237470,-0.118955,-0.217883,1.302325,-2.437453,-38.305912,-6.898201,-0.129945,0.040410,-0.263059,0.654979,-0.004746,0.000000,-9.874507,-2.308086,-26.587286,-1.214465,0.536652,0.035983,-0.499683,0.222028,0.931972,0.565796,1.179487,-2.624825,-0.537235,0.088548,0.701220,-1.159793,1.558759,2.248622,5
3479226283270,-0.093835,-0.227102,1.424101,-2.966047,-37.745594,-6.237470,-0.119078,-0.217852,1.302151,-2.437211,-38.306096,-6.898411,-0.128360,0.039617,-0.258305,0.649284,-0.007594,0.000000,-9.907554,-2.326890,-26.677060,-1.236409,0.553419,0.035928,-0.499675,0.222064,0.932002,0.566775,1.178967,-2.623810,-0.537235,0.088548,0.701220,-1.159793,1.558759,2.248622,5
3479227322789,-0.093961,-0.227062,1.423853,-2.965415,-37.745600,-6.237472,-0.119200,-0.217821,1.301977,-2.436971,-38.306277,-6.898619,-0.129945,0.041994,-0.257512,0.659726,-0.005695,0.000000,-9.721530,-2.976612,-26.875624,-1.291258,0.577573,0.035490,-0.499668,0.222100,0.932028,0.567728,1.178466,-2.622824,-0.537235,0.088548,0.701220,-1.159793,1.558759,2.248622,5
3479228314502,-0.094090,-0.227023,1.423586,-2.964754,-37.745605,-6.237472,-0.119322,-0.217791,1.301806,-2.436733,-38.306458,-6.898826,-0.129152,0.038825,-0.266228,0.660675,-0.004746,0.000000,-9.655433,-1.834209,-26.260163,-1.155341,0.477649,0.035319,-0.499659,0.222136,0.932062,0.568705,1.177931,-2.621809,-0.537235,0.088548,0.701220,-1.159793,1.558759,2.248622,5
3479229311845,-0.094215,-0.226982,1.423329,-2.964097,-37.745611,-6.237470,-0.119442,-0.217760,1.301635,-2.436497,-38.306637,-6.899031,-0.124398,0.041202,-0.257512,0.656878,-0.005695,0.002848,-9.968066,-2.818379,-26.748739,-1.290847,0.563376,0.034980,-0.499653,0.222169,0.932090,0.569697,1.177405,-2.620775,-0.537235,0.088548,0.701220,-1.159793,1.558759,2.248622,5
3479230283545,-0.094347,-0.226939,1.423061,-2.963416,-37.745617,-6.237471,-0.119561,-0.217730,1.301466,-2.436263,-38.306815,-6.899234,-0.125983,0.042787,-0.256720,0.656878,-0.006645,0.000000,-9.757224,-3.229704,-26.845583,-1.307654,0.572796,0.034917,-0.499647,0.222206,0.932120,0.570714,1.176861,-2.619719,-0.537235,0.088548,0.701220,-1.159793,1.558759,2.248622,5
3479231314382,-0.094474,-0.226897,1.422808,-2.962757,-37.745619,-6.237471,-0.119680,-0.217700,1.301298,-2.436030,-38.306991,-6.899436,-0.126775,0.041994,-0.263851,0.659726,-0.002848,0.000000,-9.585440,-2.728560,-26.460615,-1.220752,0.504357,0.034732,-0.499642,0.222241,0.932145,0.571701,1.176335,-2.618692,-0.537235,0.088548,0.701220,-1.159793,1.558759,2.248622,5
3479232313197,-0.094598,-0.226855,1.422541,-2.962101,-37.745624,-6.237470,-0.119797,-0.217671,1.301131,-2.435799,-38.307166,-6.899636,-0.124398,0.041994,-0.254343,0.655929,-0.002848,0.000000,-9.696737,-3.163218,-26.803986,-1.308108,0.561639,0.034556,-0.499635,0.222274,0.932179,0.572666,1.175802,-2.617685,-0.537235,0.088548,0.701220,-1.159793,1.558759,2.248622,5
3479233326165,-0.094715,-0.226815,1.422294,-2.961473,-37.745627,-6.237470,-0.119914,-0.217641,1.300966,-2.435571,-38.307339,-6.899835,-0.122021,0.042787,-0.258305,0.655929,-0.002848,0.000000,-9.795582,-3.195796,-26.666335,-1.292195,0.541777,0.034308,-0.499630,0.222305,0.932207,0.573591,1.175297,-2.616716,-0.537235,0.088548,0.701220,-1.159793,1.558759,2.248622,5
3479234283254,-0.094846,-0.226772,1.422024,-2.960786,-37.745631,-6.237472,-0.120029,-0.217612,1.300802,-2.435343,-38.307512,-6.900032,-0.125983,0.042787,-0.259097,0.657827,-0.000000,0.000000,-9.384766,-3.143539,-26.578399,-1.255207,0.514393,0.034257,-0.499624,0.222341,0.932237,0.574599,1.174746,-2.615667,-0.537235,0.088548,0.701220,-1.159793,1.558759,2.248622,5
3479235313638,-0.094970,-0.226731,1.421772,-2.960126,-37.745633,-6.237470,-0.120144,-0.217583,1.300639,-2.435118,-38.307682,-6.900228,-0.123606,0.040410,-0.251966,0.659726,-0.002848,0.002848,-9.485684,-2.947543,-26.699742,-1.297451,0.538123,0.033872,-0.499619,0.222374,0.932263,0.575582,1.174217,-2.614640,-0.537235,0.088548,0.701220,-1.159793,1.558759,2.248622,5
3479236313429,-0.095093,-0.226690,1.421520,-2.959470,-37.745640,-6.237472,-0.120258,-0.217554,1.300478,-2.434895,-38.307852,-6.900422,-0.120437,0.041202,-0.251966,0.655929,-0.006645,0.000000,-9.644102,-3.158420,-26.720732,-1.316529,0.547460,0.033736,-0.499615,0.222406,0.932287,0.576552,1.173697,-2.613628,-0.537235,0.088548,0.701220,-1.159793,1.558759,2.248622,5
3479237313242,-0.095206,-0.226651,1.421278,-2.958839,-37.745643,-6.237472,-0.120371,-0.217526,1.300318,-2.434673,-38.308020,-6.900615,-0.120437,0.041994,-0.251174,0.656878,-0.000000,0.000000,-9.565608,-3.379240,-26.759810,-1.329465,0.546978,0.033543,-0.499611,0.222435,0.932312,0.577481,1.173192,-2.612651,-0.537235,0.088548,0.701220,-1.159793,1.558759,2.248622,5
3479238313799,-0.095329,-0.226608,1.421016,-2.958157,-37.745647,-6.237470,-0.120483,-0.217498,1.300159,-2.434453,-38.308187,-6.900806,-0.121229,0.043579,-0.251966,0.654030,-0.002848,0.000000,-9.413839,-3.719289,-26.787032,-1.330965,0.547937,0.033493,-0.499608,0.222467,0.932338,0.578489,1.172645,-2.611594,-0.537235,0.088548,0.701220,-1.159793,1.558759,2.248622,5
3479239283566,-0.095452,-0.226566,1.420768,-2.957499,-37.745651,-6.237471,-0.120594,-0.217470,1.300002,-2.434235,-38.308352,-6.900995,-0.118059,0.041202,-0.248004,0.657827,-0.004746,0.000000,-9.571630,-3.396420,-26.788123,-1.352723,0.553573,0.033070,-0.499605,0.222499,0.932361,0.579459,1.172124,-2.610580,-0.537235,0.088548,0.701220,-1.159793,1.558759,2.248622,5
3479240283010,-0.095563,-0.226523,1.420522,-2.956844,-37.745653,-6.237472,-0.120704,-0.217442,1.299846,-2.434019,-38.308516,-6.901183,-0.118059,0.043579,-0.245627,0.654979,-0.000000,0.000000,-9.500542,-4.061474,-26.990338,-1.399421,0.579973,0.032975,-0.499606,0.222526,0.932382,0.580424,1.171605,-2.609560,-0.537235,0.088548,0.701220,-1.159793,1.558759,2.248622,5
3479241283156,-0.095680,-0.226479,1.420271,-2.956180,-37.745661,-6.237472,-0.120813,-0.217414,1.299691,-2.433804,-38.308679,-6.901369,-0.116475,0.043579,-0.251966,0.663523,-0.007594,0.000000,-9.537472,-3.868883,-26.758150,-1.368888,0.547762,0.032486,-0.499606,0.222554,0.932404,0.581403,1.171080,-2.608530,-0.537235,0.088548,0.701220,-1.159793,1.558759,2.248622,5
3479242283264,-0.095788,-0.226440,1.420035,-2.955554,-37.745663,-6.237471,-0.120922,-0.217387,1.299537,-2.433591,-38.308840,-6.901554,-0.113305,0.042787,-0.247212,0.654030,-0.002848,0.000000,-9.695948,-3.869150,-26.822463,-1.389029,0.559723,0.032486,-0.499605,0.222581,0.932425,0.582321,1.170580,-2.607561,-0.537235,0.088548,0.701220,-1.159793,1.558759,2.248622,5
3479243312827,-0.095900,-0.226398,1.419789,-2.954895,-37.745668,-6.237471,-0.121029,-0.217360,1.299385,-2.433380,-38.309000,-6.901737,-0.111721,0.041202,-0.246419,0.658776,-0.004746,0.000000,-9.734773,-3.585756,-26.744984,-1.387036,0.549388,0.032104,-0.499604,0.222607,0.932447,0.583286,1.170057,-2.606541,-0.537235,0.088548,0.701220,-1.159793,1.558759,2.248622,5
3479244314479,-0.096015,-0.226356,1.419538,-2.954233,-37.745672,-6.237471,-0.121136,-0.217333,1.299234,-2.433171,-38.309159,-6.901919,-0.114890,0.042787,-0.250381,0.661624,-0.004746,0.000000,-9.400166,-3.791578,-26.654060,-1.356488,0.524547,0.031991,-0.499604,0.222635,0.932469,0.584250,1.169530,-2.605523,-0.537235,0.088548,0.701220,-1.159793,1.558759,2.248622,5
3479245313268,-0.096127,-0.226315,1.419293,-2.953572,-37.745674,-6.237472,-0.121241,-0.217306,1.299084,-2.432964,-38.309316,-6.902099,-0.112513,0.040410,-0.245627,0.661624,-0.000000,0.000000,-9.494917,-3.460739,-26.649612,-1.368103,0.523883,0.031720,-0.499603,0.222662,0.932491,0.585209,1.169003,-2.604509,-0.537235,0.088548,0.701220,-1.159793,1.558759,2.248622,5
3479246314465,-0.096241,-0.226272,1.419034,-2.952885,-37.745680,-6.237472,-0.121346,-0.217280,1.298935,-2.432758,-38.309472,-6.902278,-0.110928,0.041202,-0.248796,0.661624,-0.003797,0.000000,-9.529070,-3.540482,-26.549705,-1.357172,0.510525,0.031483,-0.499603,0.222688,0.932514,0.586204,1.168457,-2.603453,-0.537235,0.088548,0.701220,-1.159793,1.558759,2.248622,5
3479247313982,-0.096352,-0.226233,1.418787,-2.952219,-37.745683,-6.237469,-0.121450,-0.217254,1.298788,-2.432554,-38.309626,-6.902455,-0.110928,0.039617,-0.247212,0.665421,-0.002848,0.003797,-9.440945,-3.265418,-26.485216,-1.348194,0.497013,0.031136,-0.499602,0.222713,0.932536,0.587172,1.167923,-2.602426,-0.537235,0.088548,0.701220,-1.159793,1.558759,2.248622,5
3479248312772,-0.096464,-0.226193,1.418546,-2.951565,-37.745688,-6.237472,-0.121553,-0.217228,1.298642,-2.432352,-38.309780,-6.902630,-0.111721,0.039617,-0.241665,0.654030,-0.005695,-0.002848,-9.287269,-3.470839,-26.628936,-1.362577,0.516941,0.031459,-0.499601,0.222739,0.932556,0.588114,1.167406,-2.601430,-0.537235,0.088548,0.701220,-1.159793,1.558759,2.248622,5
3479249313463,-0.096574,-0.226152,1.418302,-2.950904,-37.745691,-6.237471,-0.121655,-0.217202,1.298497,-2.432151,-38.309932,-6.902804,-0.110136,0.041202,-0.244042,0.660675,-0.002848,0.000000,-9.336489,-3.795215,-26.633976,-1.385245,0.516421,0.030964,-0.499602,0.222765,0.932577,0.589069,1.166879,-2.600417,-0.537235,0.088548,0.701220,-1.159793,1.558759,2.248622,5
3479250312380,-0.096683,-0.226112,1.418062,-2.950243,-37.745696,-6.237471,-0.121756,-0.217177,1.298354,-2.431952,-38.310082,-6.902977,-0.108551,0.039617,-0.239288,0.661624,-0.004746,0.000000,-9.377882,-3.671698,-26.703347,-1.411385,0.529573,0.030687,-0.499603,0.222789,0.932594,0.590028,1.166357,-2.599398,-0.537235,0.088548,0.701220,-1.159793,1.558759,2.248622,5
3479251313931,-0.096790,-0.226073,1.417821,-2.949585,-37.745697,-6.237471,-0.121856,-0.217151,1.298212,-2.431755,-38.310232,-6.903148,-0.106967,0.039617,-0.240873,0.657827,-0.000000,0.000000,-9.406630,-3.590783,-26.577832,-1.388678,0.507403,0.030581,-0.499604,0.222813,0.932615,0.590970,1.165831,-2.598396,-0.537235,0.088548,0.701220,-1.159793,1.558759,2.248622,5
3479252283266,-0.096897,-0.226035,1.417582,-2.948921,-37.745702,-6.237471,-0.121956,-0.217126,1.298071,-2.431560,-38.310380,-6.903318,-0.106967,0.038033,-0.239288,0.663523,-0.004746,0.000000,-9.324334,-3.341672,-26.538157,-1.387794,0.501172,0.030231,-0.499604,0.222836,0.932633,0.591925,1.165305,-2.597379,-0.537235,0.088548,0.701220,-1.159793,1.558759,2.248622,5
3479253313582,-0.097001,-0.225996,1.417348,-2.948257,-37.745707,-6.237471,-0.122054,-0.217101,1.297931,-2.431367,-38.310527,-6.903486,-0.104590,0.038825,-0.233742,0.664472,-0.005695,0.000000,-9.444441,-3.823644,-26.805416,-1.465865,0.546878,0.029900,-0.499607,0.222858,0.932647,0.592890,1.164785,-2.596350,-0.537235,0.088548,0.701220,-1.159793,1.558759,2.248622,5
3479254283369,-0.097104,-0.225957,1.417114,-2.947597,-37.745710,-6.237472,-0.122152,-0.217077,1.297792,-2.431175,-38.310672,-6.903652,-0.103005,0.038825,-0.234534,0.659726,-0.002848,0.000000,-9.476124,-3.780270,-26.714905,-1.449973,0.531498,0.029819,-0.499610,0.222879,0.932663,0.593834,1.164264,-2.595341,-0.537235,0.088548,0.701220,-1.159793,1.558759,2.248622,5
3479255283641,-0.097206,-0.225922,1.416894,-2.946963,-37.745717,-6.237472,-0.122249,-0.217052,1.297655,-2.430985,-38.310816,-6.903817,-0.105382,0.036448,-0.228195,0.662573,-0.005695,-0.002848,-9.211179,-3.522796,-26.794627,-1.457863,0.538000,0.029706,-0.499612,0.222901,0.932675,0.594753,1.163768,-2.594362,-0.537235,0.088548,0.701220,-1.159793,1.558759,2.248622,5
3479256283036,-0.097315,-0.225883,1.416651,-2.946276,-37.745721,-6.237469,-0.122345,-0.217028,1.297519,-2.430796,-38.310959,-6.903981,-0.103005,0.037240,-0.231365,0.660675,-0.006645,0.000000,-9.303715,-3.589791,-26.683957,-1.446512,0.523113,0.029449,-0.499614,0.222924,0.932691,0.595744,1.163223,-2.593304,-0.537235,0.088548,0.701220,-1.159793,1.558759,2.248622,5
3479257283280,-0.097411,-0.225849,1.416435,-2.945643,-37.745725,-6.237471,-0.122440,-0.217004,1.297384,-2.430610,-38.311100,-6.904143,-0.099836,0.037240,-0.228195,0.659726,-0.005695,0.000000,-9.479322,-3.760424,-26.789470,-1.489046,0.544035,0.029165,-0.499617,0.222943,0.932702,0.596654,1.162728,-2.592330,-0.537235,0.088548,0.701220,-1.159793,1.558759,2.248622,5
3479258288056,-0.097513,-0.225809,1.416208,-2.944980,-37.745730,-6.237470,-0.122534,-0.216980,1.297251,-2.430425,-38.311241,-6.904303,-0.098251,0.039617,-0.226611,0.662573,-0.004746,0.000000,-9.539298,-4.443742,-27.004863,-1.555278,0.578248,0.028812,-0.499622,0.222963,0.932712,0.597614,1.162212,-2.591304,-0.537235,0.088548,0.701220,-1.159793,1.558759,2.248622,5
3479259316593,-0.097608,-0.225769,1.415985,-2.944321,-37.745735,-6.237471,-0.122627,-0.216957,1.297118,-2.430241,-38.311380,-6.904463,-0.099836,0.039617,-0.223441,0.658776,-0.004746,0.000000,-9.336198,-4.579843,-27.082736,-1.561214,0.584176,0.028822,-0.499629,0.222981,0.932720,0.598566,1.161700,-2.590280,-0.537235,0.088548,0.701220,-1.159793,1.558759,2.248622,5
3479260315167,-0.097712,-0.225732,1.415772,-2.943657,-37.745737,-6.237472,-0.122720,-0.216934,1.296987,-2.430060,-38.311517,-6.904620,-0.103797,0.037240,-0.221857,0.664472,-0.003797,0.000000,-8.935184,-4.110407,-26.968481,-1.520100,0.553409,0.028654,-0.499635,0.223002,0.932723,0.599535,1.161190,-2.589248,-0.537235,0.088548,0.701220,-1.159793,1.558759,2.248622,5
3479261312842,-0.097808,-0.225695,1.415539,-2.942992,-37.745743,-6.237472,-0.122812,-0.216910,1.296857,-2.429880,-38.311654,-6.904776,-0.095874,0.037240,-0.223441,0.664472,-0.005695,0.000000,-9.475754,-4.111915,-26.903204,-1.552599,0.559866,0.028135,-0.499639,0.223019,0.932737,0.600475,1.160666,-2.588234,-0.537235,0.088548,0.701220,-1.159793,1.558759,2.248622,5
3479262314035,-0.097908,-0.225654,1.415314,-2.942310,-37.745746,-6.237472,-0.122902,-0.216888,1.296729,-2.429702,-38.311789,-6.904931,-0.095081,0.038033,-0.217895,0.655929,-0.002848,0.000000,-9.456177,-4.530188,-27.113861,-1.596290,0.590565,0.028173,-0.499647,0.223037,0.932743,0.601464,1.160137,-2.587173,-0.537235,0.088548,0.701220,-1.159793,1.558759,2.248622,5
3479263283645,-0.098008,-0.225615,1.415095,-2.941649,-37.745751,-6.237472,-0.122992,-0.216865,1.296601,-2.429525,-38.311923,-6.905084,-0.099836,0.039617,-0.219480,0.660675,-0.004746,0.000000,-9.009492,-4.857914,-27.137457,-1.584810,0.580912,0.028058,-0.499654,0.223057,0.932749,0.602414,1.159626,-2.586155,-0.537235,0.088548,0.701220,-1.159793,1.558759,2.248622,5
3479264314455,-0.098107,-0.225577,1.414885,-2.940993,-37.745756,-6.237472,-0.123081,-0.216842,1.296475,-2.429350,-38.312055,-6.905236,-0.099043,0.038033,-0.209972,0.655929,-0.004746,0.000000,-8.991943,-4.920529,-27.377742,-1.637363,0.618365,0.027981,-0.499662,0.223076,0.932750,0.603369,1.159123,-2.585133,-0.537235,0.088548,0.701220,-1.159793,1.558759,2.248622,5
3479265313335,-0.098202,-0.225540,1.414673,-2.940336,-37.745763,-6.237472,-0.123169,-0.216820,1.296350,-2.429177,-38.312186,-6.905387,-0.095081,0.036448,-0.212349,0.656878,-0.006645,0.000000,-9.210996,-4.493712,-27.167226,-1.614136,0.592636,0.027622,-0.499670,0.223093,0.932754,0.604316,1.158618,-2.584115,-0.537235,0.088548,0.701220,-1.159793,1.558759,2.248622,5
3479266325615,-0.098291,-0.225505,1.414473,-2.939703,-37.745765,-6.237472,-0.123257,-0.216798,1.296226,-2.429006,-38.312316,-6.905536,-0.094289,0.036448,-0.208387,0.662573,-0.002848,-0.002848,-9.210887,-4.723487,-27.327121,-1.664717,0.615032,0.027269,-0.499678,0.223108,0.932755,0.605232,1.158130,-2.583129,-0.537235,0.088548,0.701220,-1.159793,1.558759,2.248622,5
3479267283308,-0.098390,-0.225467,1.414256,-2.939017,-37.745771,-6.237472,-0.123343,-0.216776,1.296104,-2.428836,-38.312445,-6.905683,-0.094289,0.036448,-0.208387,0.657827,-0.003797,0.000000,-9.118523,-4.723880,-27.279297,-1.649676,0.604832,0.027199,-0.499687,0.223126,0.932756,0.606224,1.157604,-2.582063,-0.537235,0.088548,0.701220,-1.159793,1.558759,2.248622,5
3479268283125,-0.098482,-0.225429,1.414054,-2.938364,-37.745775,-6.237470,-0.123429,-0.216755,1.295982,-2.428668,-38.312573,-6.905829,-0.091912,0.038825,-0.202048,0.653081,-0.003797,0.000000,-9.245089,-5.601229,-27.669224,-1.749721,0.669428,0.027036,-0.499698,0.223141,0.932753,0.607177,1.157106,-2.581037,-0.537235,0.088548,0.701220,-1.159793,1.558759,2.248622,5
3479269313599,-0.098577,-0.225390,1.413844,-2.937703,-37.745775,-6.237472,-0.123514,-0.216733,1.295862,-2.428501,-38.312699,-6.905974,-0.092704,0.038825,-0.209972,0.660675,-0.000000,0.000000,-9.092535,-5.292860,-27.338266,-1.682956,0.609463,0.026687,-0.499707,0.223158,0.932755,0.608117,1.156597,-2.580026,-0.537235,0.088548,0.701220,-1.159793,1.558759,2.248622,5
3479270311990,-0.098660,-0.225354,1.413647,-2.937079,-37.745780,-6.237471,-0.123598,-0.216712,1.295743,-2.428336,-38.312824,-6.906117,-0.089535,0.037240,-0.206010,0.652132,-0.002848,0.000000,-9.257924,-5.105070,-27.348624,-1.692485,0.617969,0.026649,-0.499717,0.223170,0.932754,0.609016,1.156117,-2.579051,-0.537235,0.088548,0.701220,-1.159793,1.558759,2.248622,5
3479271314035,-0.098749,-0.225316,1.413443,-2.936422,-37.745782,-6.237472,-0.123681,-0.216691,1.295625,-2.428173,-38.312948,-6.906259,-0.089535,0.038033,-0.204425,0.656878,-0.002848,0.000000,-9.192856,-5.421284,-27.467026,-1.728895,0.633808,0.026313,-0.499728,0.223184,0.932753,0.609957,1.155614,-2.578034,-0.537235,0.088548,0.701220,-1.159793,1.558759,2.248622,5
3479272283280,-0.098844,-0.225276,1.413241,-2.935735,-37.745782,-6.237471,-0.123763,-0.216670,1.295508,-2.428011,-38.313070,-6.906399,-0.089535,0.038033,-0.202048,0.658776,-0.000000,0.000000,-9.115727,-5.569984,-27.547131,-1.751934,0.641787,0.026064,-0.499742,0.223200,0.932745,0.610956,1.155095,-2.576958,-0.537235,0.088548,0.701220,-1.159793,1.558759,2.248622,5
3479273283238,-0.098931,-0.225238,1.413028,-2.935080,-37.745787,-6.237470,-0.123845,-0.216650,1.295393,-2.427851,-38.313192,-6.906538,-0.087950,0.037240,-0.206010,0.655929,-0.002848,0.000000,-9.146174,-5.226238,-27.299338,-1.702751,0.605003,0.025931,-0.499751,0.223213,0.932749,0.611881,1.154585,-2.575953,-0.537235,0.088548,0.701220,-1.159793,1.558759,2.248622,5
3479274283117,-0.099019,-0.225203,1.412826,-2.934426,-37.745788,-6.237472,-0.123925,-0.216630,1.295278,-2.427693,-38.313312,-6.906675,-0.087158,0.035656,-0.201256,0.654030,-0.000000,0.000000,-9.127293,-5.078710,-27.349463,-1.716606,0.610556,0.025778,-0.499762,0.223225,0.932748,0.612806,1.154082,-2.574950,-0.537235,0.088548,0.701220,-1.159793,1.558759,2.248622,5
3479275311031,-0.099102,-0.225166,1.412631,-2.933795,-37.745790,-6.237470,-0.124005,-0.216609,1.295165,-2.427536,-38.313431,-6.906812,-0.085573,0.035656,-0.203633,0.655929,-0.000000,0.000000,-9.174728,-5.019865,-27.242632,-1.706590,0.594599,0.025488,-0.499773,0.223237,0.932747,0.613705,1.153596,-2.573974,-0.537235,0.088548,0.701220,-1.159793,1.558759,2.248622,5
3479276313517,-0.099187,-0.225130,1.412432,-2.933140,-37.745790,-6.237471,-0.124084,-0.216589,1.295053,-2.427381,-38.313548,-6.906946,-0.085573,0.036448,-0.199671,0.654979,-0.000000,0.000000,-9.107686,-5.412082,-27.432656,-1.751374,0.621799,0.025326,-0.499785,0.223249,0.932745,0.614631,1.153093,-2.572969,-0.537235,0.088548,0.701220,-1.159793,1.558759,2.248622,5
3479277314318,-0.099275,-0.225095,1.412235,-2.932484,-37.745789,-6.237472,-0.124162,-0.216570,1.294942,-2.427228,-38.313665,-6.907080,-0.087158,0.034863,-0.204425,0.655929,-0.000000,0.000000,-8.886382,-4.836736,-27.101015,-1.669101,0.562254,0.025222,-0.499795,0.223262,0.932741,0.615558,1.152589,-2.571964,-0.537235,0.088548,0.701220,-1.159793,1.558759,2.248622,5
3479278305794,-0.099363,-0.225060,1.412027,-2.931826,-37.745789,-6.237473,-0.124240,-0.216550,1.294833,-2.427076,-38.313780,-6.907212,-0.083989,0.034863,-0.201256,0.658776,-0.000000,-0.002848,-9.065125,-5.039132,-27.228969,-1.722458,0.587440,0.024848,-0.499804,0.223275,0.932745,0.616468,1.152075,-2.570975,-0.537235,0.088548,0.701220,-1.159793,1.558759,2.248622,5
3479279326458,-0.099449,-0.225022,1.411818,-2.931146,-37.745789,-6.237472,-0.124316,-0.216531,1.294724,-2.426925,-38.313894,-6.907342,-0.085573,0.034863,-0.202048,0.654979,-0.000000,0.000000,-8.853676,-4.999491,-27.145848,-1.691824,0.567185,0.024819,-0.499816,0.223285,0.932744,0.617424,1.151548,-2.569932,-0.537235,0.088548,0.701220,-1.159793,1.558759,2.248622,5
3479280283173,-0.099533,-0.224988,1.411620,-2.930491,-37.745788,-6.237472,-0.124392,-0.216512,1.294617,-2.426777,-38.314007,-6.907471,-0.083989,0.034071,-0.197294,0.654979,-0.000000,0.000000,-8.905772,-5.062578,-27.269378,-1.730338,0.587918,0.024561,-0.499827,0.223296,0.932742,0.618340,1.151042,-2.568934,-0.537235,0.088548,0.701220,-1.159793,1.558759,2.248622,5
3479281323911,-0.099614,-0.224956,1.411429,-2.929859,-37.745789,-6.237472,-0.124467,-0.216493,1.294510,-2.426629,-38.314118,-6.907599,-0.081612,0.033279,-0.199671,0.659726,-0.000000,0.000000,-9.014543,-4.826541,-27.121972,-1.718852,0.567627,0.024149,-0.499836,0.223307,0.932741,0.619219,1.150552,-2.567976,-0.537235,0.088548,0.701220,-1.159793,1.558759,2.248622,5
3479282313913,-0.099702,-0.224923,1.411227,-2.929176,-37.745787,-6.237472,-0.124541,-0.216474,1.294405,-2.426484,-38.314229,-6.907726,-0.082404,0.030901,-0.193332,0.653081,-0.000000,0.000000,-8.860733,-4.529184,-27.160410,-1.713357,0.568899,0.024209,-0.499847,0.223318,0.932738,0.620172,1.150024,-2.566938,-0.537235,0.088548,0.701220,-1.159793,1.558759,2.248622,5
3479283314939,-0.099778,-0.224891,1.411039,-2.928551,-37.745785,-6.237470,-0.124614,-0.216456,1.294301,-2.426340,-38.314338,-6.907851,-0.080819,0.031694,-0.194917,0.654030,-0.000000,0.000000,-8.914942,-4.683828,-27.135226,-1.721518,0.565920,0.023941,-0.499858,0.223326,0.932736,0.621043,1.149538,-2.565985,-0.537235,0.088548,0.701220,-1.159793,1.558759,2.248622,5
3479284321117,-0.099866,-0.224857,1.410833,-2.927868,-37.745784,-6.237469,-0.124687,-0.216437,1.294198,-2.426197,-38.314446,-6.907974,-0.081612,0.034071,-0.195709,0.655929,0.002848,0.002848,-8.781925,-5.231269,-27.236183,-1.747150,0.574773,0.023679,-0.499868,0.223337,0.932735,0.621987,1.149006,-2.564955,-0.537235,0.088548,0.701220,-1.159793,1.558759,2.248622,5
3479285283412,-0.099941,-0.224827,1.410636,-2.927216,-37.745786,-6.237472,-0.124759,-0.216419,1.294097,-2.426056,-38.314553,-6.908097,-0.079235,0.029317,-0.197294,0.652132,-0.000000,0.000000,-8.863812,-4.042228,-26.813014,-1.657906,0.512952,0.023599,-0.499878,0.223343,0.932735,0.622877,1.148500,-2.563973,-0.537235,0.088548,0.701220,-1.159793,1.558759,2.248622,5
3479286283078,-0.100023,-0.224796,1.410445,-2.926562,-37.745786,-6.237472,-0.124830,-0.216401,1.293996,-2.425917,-38.314658,-6.908218,-0.081612,0.030901,-0.190955,0.654030,-0.000000,0.000000,-8.622124,-4.722760,-27.159255,-1.728314,0.558719,0.023437,-0.499889,0.223352,0.932731,0.623783,1.147995,-2.562983,-0.537235,0.088548,0.701220,-1.159793,1.558759,2.248622,5
3479287283459,-0.100100,-0.224766,1.410254,-2.925905,-37.745787,-6.237471,-0.124900,-0.216384,1.293897,-2.425779,-38.314763,-6.908337,-0.077650,0.030109,-0.190955,0.656878,-0.000000,0.000000,-8.858776,-4.594197,-27.107349,-1.745599,0.557727,0.022995,-0.499901,0.223359,0.932726,0.624694,1.147488,-2.561983,-0.537235,0.088548,0.701220,-1.159793,1.558759,2.248622,5
3479288283346,-0.100179,-0.224740,1.410073,-2.925278,-37.745786,-6.237472,-0.124969,-0.216366,1.293798,-2.425643,-38.314866,-6.908456,-0.080027,0.028524,-0.188578,0.653081,-0.000000,0.000000,-8.586076,-4.299174,-27.043821,-1.712079,0.538744,0.023059,-0.499909,0.223367,0.932723,0.625554,1.147002,-2.561041,-0.537235,0.088548,0.701220,-1.159793,1.558759,2.248622,5
3479289283056,-0.100253,-0.224713,1.409884,-2.924625,-37.745789,-6.237472,-0.125038,-0.216349,1.293701,-2.425508,-38.314968,-6.908573,-0.074480,0.026940,-0.189371,0.653081,-0.002848,0.000000,-8.940665,-3.941488,-26.902351,-1.713989,0.529467,0.022645,-0.499919,0.223372,0.932719,0.626450,1.146497,-2.560053,-0.537235,0.088548,0.701220,-1.159793,1.558759,2.248622,5
3479290282998,-0.100331,-0.224685,1.409706,-2.923965,-37.745789,-6.237472,-0.125106,-0.216332,1.293605,-2.425375,-38.315069,-6.908688,-0.077650,0.028524,-0.186201,0.659726,-0.000000,0.000000,-8.637977,-4.491360,-27.133529,-1.760338,0.553200,0.022375,-0.499933,0.223379,0.932707,0.627376,1.145996,-2.559039,-0.537235,0.088548,0.701220,-1.159793,1.558759,2.248622,5
3479291316929,-0.100407,-0.224659,1.409514,-2.923316,-37.745792,-6.237471,-0.125173,-0.216315,1.293510,-2.425243,-38.315169,-6.908803,-0.076065,0.025355,-0.183032,0.648335,-0.002848,0.000000,-8.661111,-3.842508,-26.975835,-1.717268,0.531245,0.022504,-0.499941,0.223385,0.932706,0.628256,1.145489,-2.558068,-0.537235,0.088548,0.701220,-1.159793,1.558759,2.248622,5
3479292283431,-0.100485,-0.224632,1.409334,-2.922663,-37.745793,-6.237471,-0.125239,-0.216298,1.293416,-2.425113,-38.315268,-6.908916,-0.078442,0.027732,-0.180655,0.653081,-0.000000,0.000000,-8.419357,-4.536032,-27.220037,-1.769308,0.558857,0.022261,-0.499952,0.223392,0.932698,0.629159,1.144989,-2.557079,-0.537235,0.088548,0.701220,-1.159793,1.558759,2.248622,5
3479293283005,-0.100560,-0.224607,1.409158,-2.922008,-37.745796,-6.237470,-0.125305,-0.216282,1.293323,-2.424985,-38.315365,-6.909027,-0.074480,0.024563,-0.175901,0.654979,-0.002848,0.000000,-8.653710,-4.055536,-27.206561,-1.791311,0.566105,0.021844,-0.499964,0.223397,0.932687,0.630069,1.144489,-2.556077,-0.537235,0.088548,0.701220,-1.159793,1.558759,2.248622,5
3479294283402,-0.100640,-0.224579,1.408975,-2.921327,-37.745799,-6.237472,-0.125369,-0.216265,1.293231,-2.424857,-38.315462,-6.909138,-0.075273,0.026147,-0.175901,0.652132,-0.000000,0.000000,-8.514452,-4.420719,-27.267962,-1.800536,0.568696,0.021781,-0.499977,0.223403,0.932674,0.631011,1.143972,-2.555042,-0.537235,0.088548,0.701220,-1.159793,1.558759,2.248622,5
3479295282985,-0.100707,-0.224555,1.408812,-2.920699,-37.745800,-6.237470,-0.125433,-0.216249,1.293140,-2.424732,-38.315557,-6.909247,-0.072103,0.025355,-0.169562,0.653081,-0.002848,0.002848,-8.706305,-4.571183,-27.479299,-1.869918,0.609501,0.021370,-0.499990,0.223406,0.932660,0.631888,1.143496,-2.554074,-0.537235,0.088548,0.701220,-1.159793,1.558759,2.248622,5
3479296283222,-0.100784,-0.224529,1.408648,-2.920043,-37.745802,-6.237470,-0.125497,-0.216233,1.293051,-2.424608,-38.315651,-6.909355,-0.076858,0.026147,-0.170354,0.656878,-0.000000,0.000000,-8.261585,-4.725142,-27.475472,-1.848562,0.591567,0.021331,-0.500005,0.223412,0.932641,0.632812,1.143005,-2.553062,-0.537235,0.088548,0.701220,-1.159793,1.558759,2.248622,5
3479297294761,-0.100856,-0.224503,1.408475,-2.919393,-37.745800,-6.237471,-0.125559,-0.216218,1.292962,-2.424485,-38.315744,-6.909461,-0.072103,0.026147,-0.164808,0.649284,-0.000000,0.000000,-8.562221,-4.985871,-27.664910,-1.911669,0.631000,0.021163,-0.500018,0.223416,0.932630,0.633700,1.142508,-2.552082,-0.537235,0.088548,0.701220,-1.159793,1.558759,2.248622,5
3479298283094,-0.100930,-0.224479,1.408305,-2.918743,-37.745801,-6.237472,-0.125621,-0.216202,1.292875,-2.424364,-38.315836,-6.909566,-0.073688,0.023770,-0.169562,0.650233,-0.000000,0.000000,-8.341475,-4.208194,-27.279843,-1.816274,0.562919,0.021064,-0.500030,0.223420,0.932617,0.634591,1.142014,-2.551100,-0.537235,0.088548,0.701220,-1.159793,1.558759,2.248622,5
3479299307234,-0.101002,-0.224453,1.408140,-2.918091,-37.745805,-6.237471,-0.125682,-0.216187,1.292788,-2.424244,-38.315927,-6.909670,-0.072103,0.026147,-0.164808,0.652132,-0.003797,0.000000,-8.418737,-5.044298,-27.645952,-1.915723,0.624110,0.020718,-0.500045,0.223424,0.932598,0.635505,1.141523,-2.550094,-0.537235,0.088548,0.701220,-1.159793,1.558759,2.248622,5
3479300316586,-0.101075,-0.224429,1.407977,-2.917446,-37.745810,-6.237471,-0.125742,-0.216171,1.292703,-2.424126,-38.316016,-6.909773,-0.072896,0.024563,-0.163223,0.644538,-0.004746,0.000000,-8.265211,-4.711448,-27.546142,-1.878231,0.603764,0.020830,-0.500059,0.223428,0.932581,0.636401,1.141039,-2.549108,-0.537235,0.088548,0.701220,-1.159793,1.558759,2.248622,5
3479301283577,-0.101144,-0.224403,1.407820,-2.916800,-37.745807,-6.237471,-0.125801,-0.216156,1.292618,-2.424009,-38.316105,-6.909874,-0.069726,0.026147,-0.164016,0.646436,-0.000000,0.000000,-8.449997,-5.095206,-27.614616,-1.919659,0.617014,0.020444,-0.500076,0.223431,0.932560,0.637300,1.140554,-2.548116,-0.537235,0.088548,0.701220,-1.159793,1.558759,2.248622,5
3479302283557,-0.101219,-0.224379,1.407652,-2.916154,-37.745807,-6.237470,-0.125860,-0.216142,1.292535,-2.423894,-38.316192,-6.909975,-0.072103,0.023770,-0.161638,0.645487,-0.000000,0.000000,-8.176648,-4.629364,-27.513569,-1.880285,0.591744,0.020415,-0.500088,0.223436,0.932547,0.638180,1.140060,-2.547147,-0.537235,0.088548,0.701220,-1.159793,1.558759,2.248622,5
3479303340970,-0.101288,-0.224354,1.407487,-2.915488,-37.745809,-6.237471,-0.125918,-0.216127,1.292453,-2.423780,-38.316279,-6.910074,-0.068934,0.023770,-0.159261,0.638842,-0.004746,0.000000,-8.350357,-4.752961,-27.584419,-1.908825,0.611081,0.020292,-0.500104,0.223437,0.932529,0.639098,1.139558,-2.546130,-0.537235,0.088548,0.701220,-1.159793,1.558759,2.248622,5
3479304294789,-0.101353,-0.224333,1.407331,-2.914875,-37.745808,-6.237472,-0.125975,-0.216113,1.292372,-2.423667,-38.316364,-6.910171,-0.068934,0.022186,-0.162431,0.641690,-0.000000,0.000000,-8.268635,-4.244395,-27.324383,-1.854638,0.564346,0.020059,-0.500116,0.223438,0.932515,0.639930,1.139090,-2.545208,-0.537235,0.088548,0.701220,-1.159793,1.558759,2.248622,5
3479305324829,-0.101418,-0.224309,1.407172,-2.914233,-37.745809,-6.237472,-0.126032,-0.216098,1.292292,-2.423556,-38.316448,-6.910268,-0.064972,0.023770,-0.159261,0.641690,-0.000000,0.000000,-8.525514,-4.810980,-27.560162,-1.936063,0.609219,0.019680,-0.500132,0.223438,0.932497,0.640810,1.138605,-2.544231,-0.537235,0.088548,0.701220,-1.159793,1.558759,2.248622,5
3479306314510,-0.101488,-0.224288,1.407003,-2.913552,-37.745812,-6.237472,-0.126088,-0.216084,1.292212,-2.423447,-38.316531,-6.910363,-0.063388,0.020601,-0.162431,0.630299,-0.000000,0.000000,-8.535099,-3.866571,-27.139122,-1.834360,0.543826,0.019822,-0.500146,0.223439,0.932480,0.641738,1.138088,-2.543200,-0.537235,0.088548,0.701220,-1.159793,1.558759,2.248622,5
3479307283579,-0.101546,-0.224267,1.406853,-2.912972,-37.745811,-6.237471,-0.126143,-0.216070,1.292134,-2.423338,-38.316613,-6.910457,-0.063388,0.020601,-0.160054,0.633147,-0.000000,0.000000,-8.480078,-4.002089,-27.230087,-1.860791,0.555566,0.019562,-0.500158,0.223438,0.932468,0.642519,1.137642,-2.542330,-0.537235,0.088548,0.701220,-1.159793,1.558759,2.248622,5
3479308314619,-0.101617,-0.224242,1.406687,-2.912289,-37.745812,-6.237471,-0.126197,-0.216057,1.292057,-2.423232,-38.316694,-6.910549,-0.064180,0.020601,-0.161638,0.630299,-0.000000,0.000000,-8.334725,-3.926025,-27.127745,-1.831479,0.533962,0.019510,-0.500175,0.223439,0.932448,0.643451,1.137127,-2.541296,-0.537235,0.088548,0.701220,-1.159793,1.558759,2.248622,5
3479309283309,-0.101679,-0.224225,1.406528,-2.911695,-37.745813,-6.237471,-0.126251,-0.216043,1.291981,-2.423126,-38.316774,-6.910641,-0.064180,0.019016,-0.158469,0.622705,-0.000000,0.000000,-8.252286,-3.651394,-27.087826,-1.812001,0.524830,0.019591,-0.500184,0.223440,0.932440,0.644234,1.136665,-2.540422,-0.537235,0.088548,0.701220,-1.159793,1.558759,2.248622,5
3479310313544,-0.101740,-0.224204,1.406379,-2.911099,-37.745814,-6.237471,-0.126304,-0.216030,1.291906,-2.423022,-38.316853,-6.910731,-0.062595,0.020601,-0.155300,0.622705,-0.000000,0.002848,-8.324232,-4.196807,-27.313973,-1.876383,0.561919,0.019289,-0.500197,0.223440,0.932425,0.645038,1.136211,-2.539528,-0.537235,0.088548,0.701220,-1.159793,1.558759,2.248622,5
3479311283253,-0.101806,-0.224183,1.406214,-2.910453,-37.745816,-6.237472,-0.126356,-0.216017,1.291832,-2.422920,-38.316931,-6.910820,-0.065765,0.019016,-0.158469,0.622705,-0.000000,0.000000,-7.987869,-3.661837,-27.037815,-1.795166,0.506621,0.019325,-0.500210,0.223440,0.932411,0.645899,1.135717,-2.538568,-0.537235,0.088548,0.701220,-1.159793,1.558759,2.248622,5
3479312313367,-0.101862,-0.224164,1.406065,-2.909869,-37.745817,-6.237471,-0.126408,-0.216004,1.291759,-2.422819,-38.317007,-6.910908,-0.059426,0.018224,-0.156092,0.613213,-0.000000,0.000000,-8.409383,-3.579480,-27.038381,-1.822597,0.521257,0.019177,-0.500223,0.223438,0.932399,0.646678,1.135268,-2.537697,-0.537235,0.088548,0.701220,-1.159793,1.558759,2.248622,5
3479313313424,-0.101925,-0.224141,1.405904,-2.909232,-37.745818,-6.237472,-0.126458,-0.215991,1.291687,-2.422719,-38.317083,-6.910995,-0.061011,0.022186,-0.153715,0.612263,-0.000000,0.000000,-8.238188,-4.631026,-27.377595,-1.894454,0.567162,0.019070,-0.500238,0.223436,0.932383,0.647528,1.134782,-2.536747,-0.537235,0.088548,0.701220,-1.159793,1.558759,2.248622,5
3479314313131,-0.101985,-0.224120,1.405760,-2.908651,-37.745820,-6.237471,-0.126509,-0.215978,1.291616,-2.422620,-38.317158,-6.911080,-0.061803,0.022186,-0.149753,0.608466,-0.000000,0.000000,-8.110275,-4.800003,-27.501835,-1.913842,0.581711,0.019055,-0.500252,0.223436,0.932367,0.648312,1.134340,-2.535875,-0.537235,0.088548,0.701220,-1.159793,1.558759,2.248622,5
3479315325640,-0.102049,-0.224101,1.405607,-2.908017,-37.745819,-6.237471,-0.126558,-0.215966,1.291546,-2.422523,-38.317231,-6.911165,-0.060218,0.021393,-0.145792,0.607517,-0.000000,0.000000,-8.166535,-4.808261,-27.591991,-1.943692,0.597330,0.018830,-0.500266,0.223435,0.932350,0.649156,1.133856,-2.534933,-0.537235,0.088548,0.701220,-1.159793,1.558759,2.248622,5
3479316314588,-0.102110,-0.224078,1.405463,-2.907413,-37.745821,-6.237471,-0.126607,-0.215953,1.291477,-2.422428,-38.317304,-6.911248,-0.061803,0.022978,-0.143415,0.604669,-0.000000,0.000000,-7.980963,-5.289506,-27.764097,-1.972172,0.616961,0.018810,-0.500282,0.223435,0.932329,0.649976,1.133402,-2.534022,-0.537235,0.088548,0.701220,-1.159793,1.558759,2.248622,5
3479317283262,-0.102171,-0.224056,1.405322,-2.906814,-37.745822,-6.237471,-0.126655,-0.215941,1.291408,-2.422333,-38.317375,-6.911330,-0.061011,0.021393,-0.141037,0.598974,-0.000000,0.000000,-7.962467,-5.012638,-27.713047,-1.957703,0.608143,0.018795,-0.500298,0.223435,0.932308,0.650785,1.132951,-2.533123,-0.537235,0.088548,0.701220,-1.159793,1.558759,2.248622,5
3479318283434,-0.102232,-0.224034,1.405183,-2.906206,-37.745824,-6.237471,-0.126702,-0.215929,1.291341,-2.422240,-38.317446,-6.911410,-0.057841,0.022186,-0.139453,0.607517,-0.000000,0.000000,-8.163992,-5.363790,-27.870258,-2.027404,0.638835,0.018197,-0.500315,0.223434,0.932284,0.651611,1.132497,-2.532205,-0.537235,0.088548,0.701220,-1.159793,1.558759,2.248622,5
3479319283320,-0.102288,-0.224013,1.405041,-2.905603,-37.745828,-6.237472,-0.126749,-0.215917,1.291275,-2.422148,-38.317515,-6.911490,-0.056257,0.021393,-0.141830,0.603720,-0.003797,0.000000,-8.211477,-5.083837,-27.697652,-1.994728,0.615350,0.018092,-0.500332,0.223431,0.932263,0.652425,1.132044,-2.531294,-0.537235,0.088548,0.701220,-1.159793,1.558759,2.248622,5
3479320323553,-0.102343,-0.223991,1.404911,-2.905028,-37.745830,-6.237470,-0.126795,-0.215906,1.291210,-2.422058,-38.317584,-6.911569,-0.055464,0.022186,-0.137868,0.597075,-0.003797,0.000000,-8.211101,-5.446845,-27.875224,-2.033031,0.642618,0.018091,-0.500350,0.223429,0.932239,0.653210,1.131616,-2.530419,-0.537235,0.088548,0.701220,-1.159793,1.558759,2.248622,5
3479321313344,-0.102404,-0.223968,1.404780,-2.904427,-37.745831,-6.237470,-0.126840,-0.215894,1.291145,-2.421969,-38.317651,-6.911646,-0.060218,0.022978,-0.134699,0.601822,-0.000000,0.000000,-7.783989,-5.792694,-28.045458,-2.050565,0.650934,0.017976,-0.500369,0.223428,0.932210,0.654034,1.131170,-2.529505,-0.537235,0.088548,0.701220,-1.159793,1.558759,2.248622,5
3479322313485,-0.102459,-0.223942,1.404640,-2.903829,-37.745831,-6.237470,-0.126885,-0.215883,1.291082,-2.421881,-38.317718,-6.911722,-0.055464,0.025355,-0.138660,0.597075,-0.000000,0.000000,-8.090785,-6.210248,-28.025218,-2.074388,0.657814,0.017746,-0.500389,0.223425,0.932188,0.654837,1.130722,-2.528607,-0.537235,0.088548,0.701220,-1.159793,1.558759,2.248622,5
3479323313302,-0.102520,-0.223920,1.404500,-2.903199,-37.745833,-6.237471,-0.126929,-0.215872,1.291020,-2.421795,-38.317784,-6.911797,-0.056257,0.020601,-0.134699,0.604669,-0.000000,0.000000,-7.954048,-5.319175,-27.881713,-2.044060,0.630360,0.017379,-0.500408,0.223423,0.932160,0.655689,1.130253,-2.527657,-0.537235,0.088548,0.701220,-1.159793,1.558759,2.248622,5
3479324313027,-0.102575,-0.223898,1.404367,-2.902594,-37.745833,-6.237470,-0.126972,-0.215861,1.290958,-2.421709,-38.317848,-6.911871,-0.055464,0.022186,-0.133114,0.604669,-0.000000,0.000000,-7.962463,-5.799082,-28.046536,-2.089917,0.655514,0.017159,-0.500427,0.223420,0.932134,0.656508,1.129801,-2.526742,-0.537235,0.088548,0.701220,-1.159793,1.558759,2.248622,5
3479325312103,-0.102633,-0.223875,1.404232,-2.901997,-37.745834,-6.237472,-0.127015,-0.215850,1.290898,-2.421626,-38.317912,-6.911944,-0.057841,0.022978,-0.135491,0.597075,-0.000000,0.000000,-7.695433,-5.845367,-27.943790,-2.044210,0.629312,0.017354,-0.500446,0.223417,0.932109,0.657306,1.129355,-2.525851,-0.537235,0.088548,0.701220,-1.159793,1.558759,2.248622,5
3479326312977,-0.102685,-0.223851,1.404094,-2.901397,-37.745832,-6.237472,-0.127057,-0.215840,1.290838,-2.421543,-38.317974,-6.912016,-0.051502,0.023770,-0.137868,0.600872,-0.000000,0.000000,-8.138083,-6.013750,-27.926427,-2.089014,0.641620,0.016776,-0.500465,0.223412,0.932086,0.658106,1.128902,-2.524951,-0.537235,0.088548,0.701220,-1.159793,1.558759,2.248622,5
3479327313196,-0.102739,-0.223830,1.403955,-2.900797,-37.745832,-6.237471,-0.127099,-0.215829,1.290779,-2.421462,-38.318036,-6.912086,-0.053879,0.021393,-0.138660,0.599923,-0.000000,0.000000,-7.871215,-5.409848,-27.700660,-2.021373,0.596470,0.016768,-0.500483,0.223408,0.932064,0.658902,1.128447,-2.524057,-0.537235,0.088548,0.701220,-1.159793,1.558759,2.248622,5
3479328313158,-0.102790,-0.223805,1.403816,-2.900201,-37.745834,-6.237472,-0.127139,-0.215819,1.290721,-2.421382,-38.318097,-6.912156,-0.051502,0.024563,-0.139453,0.595177,-0.000000,0.000000,-8.002954,-6.144797,-27.857375,-2.070988,0.624733,0.016629,-0.500503,0.223402,0.932042,0.659690,1.128000,-2.523170,-0.537235,0.088548,0.701220,-1.159793,1.558759,2.248622,5
3479329283560,-0.102843,-0.223784,1.403680,-2.899601,-37.745834,-6.237472,-0.127180,-0.215809,1.290664,-2.421303,-38.318156,-6.912224,-0.053087,0.021393,-0.135491,0.600872,-0.000000,0.000000,-7.814690,-5.614351,-27.810271,-2.056479,0.610209,0.016356,-0.500522,0.223398,0.932018,0.660487,1.127548,-2.522274,-0.537235,0.088548,0.701220,-1.159793,1.558759,2.248622,5
3479330313571,-0.102893,-0.223764,1.403543,-2.899008,-37.745829,-6.237470,-0.127219,-0.215799,1.290608,-2.421225,-38.318215,-6.912292,-0.049918,0.019809,-0.137868,0.592329,0.004746,0.002848,-7.974248,-5.103941,-27.544140,-2.005650,0.571550,0.016297,-0.500539,0.223392,0.931999,0.661261,1.127091,-2.521399,-0.537235,0.088548,0.701220,-1.159793,1.558759,2.248622,5
3479331313782,-0.102945,-0.223745,1.403401,-2.898412,-37.745831,-6.237471,-0.127258,-0.215789,1.290553,-2.421149,-38.318273,-6.912358,-0.052295,0.019016,-0.141830,0.596126,-0.000000,0.000000,-7.719755,-4.764138,-27.326627,-1.948293,0.530417,0.016182,-0.500555,0.223386,0.931980,0.662034,1.126637,-2.520526,-0.537235,0.088548,0.701220,-1.159793,1.558759,2.248622,5
3479332283391,-0.102995,-0.223723,1.403264,-2.897842,-37.745826,-6.237472,-0.127296,-0.215779,1.290499,-2.421074,-38.318330,-6.912423,-0.049918,0.021393,-0.143415,0.596126,0.003797,0.000000,-7.853091,-5.282266,-27.406164,-1.986159,0.544486,0.015906,-0.500572,0.223381,0.931963,0.662768,1.126198,-2.519696,-0.537235,0.088548,0.701220,-1.159793,1.558759,2.248622,5
3479333283311,-0.103047,-0.223704,1.403119,-2.897222,-37.745827,-6.237471,-0.127334,-0.215770,1.290446,-2.421000,-38.318386,-6.912487,-0.049918,0.020601,-0.141830,0.595177,-0.000000,0.000000,-7.788081,-5.185324,-27.403139,-1.985464,0.543313,0.015761,-0.500589,0.223374,0.931943,0.663573,1.125724,-2.518785,-0.537235,0.088548,0.701220,-1.159793,1.558759,2.248622,5
3479334283055,-0.103095,-0.223685,1.402974,-2.896631,-37.745829,-6.237472,-0.127371,-0.215761,1.290393,-2.420927,-38.318441,-6.912550,-0.048333,0.018224,-0.144207,0.590431,-0.000000,0.000000,-7.827738,-4.503316,-27.102675,-1.921244,0.497766,0.015701,-0.500605,0.223366,0.931928,0.664327,1.125269,-2.517928,-0.537235,0.088548,0.701220,-1.159793,1.558759,2.248622,5
3479335322410,-0.103140,-0.223666,1.402841,-2.896072,-37.745830,-6.237471,-0.127407,-0.215752,1.290342,-2.420856,-38.318495,-6.912612,-0.045956,0.019016,-0.144207,0.582837,-0.000000,0.000000,-7.949306,-4.680344,-27.111969,-1.931110,0.503215,0.015674,-0.500622,0.223359,0.931910,0.665049,1.124840,-2.517106,-0.537235,0.088548,0.701220,-1.159793,1.558759,2.248622,5
3479336314857,-0.103189,-0.223649,1.402693,-2.895481,-37.745829,-6.237472,-0.127443,-0.215742,1.290291,-2.420786,-38.318549,-6.912673,-0.049125,0.017432,-0.144999,0.591380,-0.000000,0.000000,-7.641565,-4.298898,-26.975030,-1.892245,0.469830,0.015393,-0.500636,0.223351,0.931898,0.665788,1.124380,-2.516263,-0.537235,0.088548,0.701220,-1.159793,1.558759,2.248622,5
3479337325299,-0.103235,-0.223632,1.402548,-2.894894,-37.745829,-6.237471,-0.127478,-0.215734,1.290241,-2.420716,-38.318601,-6.912733,-0.046748,0.016639,-0.144999,0.586634,-0.000000,0.000000,-7.757018,-4.104377,-26.883437,-1.881707,0.459445,0.015276,-0.500650,0.223343,0.931885,0.666530,1.123922,-2.515417,-0.537235,0.088548,0.701220,-1.159793,1.558759,2.248622,5
3479338283163,-0.103286,-0.223613,1.402402,-2.894284,-37.745831,-6.237471,-0.127513,-0.215725,1.290192,-2.420649,-38.318652,-6.912792,-0.049125,0.016639,-0.138660,0.583786,-0.000000,0.000000,-7.513480,-4.375992,-27.104307,-1.913774,0.484296,0.015282,-0.500667,0.223336,0.931867,0.667309,1.123452,-2.514531,-0.537235,0.088548,0.701220,-1.159793,1.558759,2.248622,5
3479339283181,-0.103332,-0.223595,1.402260,-2.893699,-37.745832,-6.237471,-0.127547,-0.215716,1.290144,-2.420582,-38.318703,-6.912850,-0.045956,0.018224,-0.142622,0.584735,-0.000000,0.000000,-7.705485,-4.607557,-27.043242,-1.926140,0.480992,0.014946,-0.500683,0.223327,0.931852,0.668048,1.123000,-2.513687,-0.537235,0.088548,0.701220,-1.159793,1.558759,2.248622,5
3479340283600,-0.103380,-0.223579,1.402121,-2.893118,-37.745830,-6.237472,-0.127580,-0.215708,1.290097,-2.420516,-38.318753,-6.912907,-0.046748,0.015847,-0.138660,0.580938,-0.000000,0.000000,-7.571547,-4.202702,-27.002013,-1.905534,0.469394,0.014943,-0.500697,0.223319,0.931837,0.668777,1.122549,-2.512857,-0.537235,0.088548,0.701220,-1.159793,1.558759,2.248622,5
3479341283511,-0.103420,-0.223563,1.401989,-2.892555,-37.745832,-6.237472,-0.127613,-0.215700,1.290050,-2.420452,-38.318802,-6.912963,-0.044371,0.017432,-0.136283,0.587583,-0.000000,0.000000,-7.726879,-4.751978,-27.230622,-1.985341,0.509758,0.014439,-0.500714,0.223309,0.931819,0.669493,1.122117,-2.512036,-0.537235,0.088548,0.701220,-1.159793,1.558759,2.248622,5
3479342313109,-0.103467,-0.223542,1.401851,-2.891971,-37.745835,-6.237472,-0.127645,-0.215692,1.290004,-2.420389,-38.318849,-6.913018,-0.046748,0.020601,-0.137868,0.583786,-0.002848,0.000000,-7.487309,-5.423645,-27.345807,-1.996421,0.519406,0.014492,-0.500733,0.223301,0.931799,0.670239,1.121671,-2.511187,-0.537235,0.088548,0.701220,-1.159793,1.558759,2.248622,5
3479343283627,-0.103510,-0.223529,1.401715,-2.891387,-37.745837,-6.237472,-0.127677,-0.215684,1.289960,-2.420327,-38.318897,-6.913072,-0.043579,0.013470,-0.136283,0.584735,-0.000000,0.000000,-7.646632,-3.817205,-26.907777,-1.913963,0.455837,0.014191,-0.500748,0.223291,0.931783,0.670975,1.121219,-2.510343,-0.537235,0.088548,0.701220,-1.159793,1.558759,2.248622,5
3479344321728,-0.103552,-0.223510,1.401589,-2.890799,-37.745840,-6.237470,-0.127708,-0.215676,1.289916,-2.420266,-38.318943,-6.913125,-0.041994,0.019016,-0.125983,0.587583,-0.003797,0.000000,-7.768555,-5.668859,-27.732952,-2.121293,0.589617,0.013779,-0.500769,0.223280,0.931756,0.671745,1.120777,-2.509466,-0.537235,0.088548,0.701220,-1.159793,1.558759,2.248622,5
3479345313472,-0.103598,-0.223491,1.401451,-2.890189,-37.745841,-6.237471,-0.127738,-0.215668,1.289872,-2.420206,-38.318988,-6.913177,-0.043579,0.019016,-0.132322,0.586634,-0.002848,0.000000,-7.569515,-5.373322,-27.438943,-2.046601,0.535116,0.013736,-0.500788,0.223269,0.931733,0.672520,1.120311,-2.508580,-0.537235,0.088548,0.701220,-1.159793,1.558759,2.248622,5
3479346312930,-0.103638,-0.223475,1.401326,-2.889629,-37.745846,-6.237472,-0.127768,-0.215660,1.289830,-2.420147,-38.319033,-6.913228,-0.041994,0.017432,-0.132322,0.583786,-0.002848,0.000000,-7.627419,-5.004045,-27.306200,-2.023612,0.516323,0.013606,-0.500806,0.223259,0.931711,0.673238,1.119888,-2.507759,-0.537235,0.088548,0.701220,-1.159793,1.558759,2.248622,5
3479347283147,-0.103684,-0.223455,1.401196,-2.889019,-37.745846,-6.237472,-0.127797,-0.215653,1.289788,-2.420089,-38.319076,-6.913278,-0.042787,0.019809,-0.125983,0.586634,-0.000000,0.000000,-7.531887,-5.886194,-27.723252,-2.120473,0.574852,0.013338,-0.500827,0.223249,0.931683,0.674023,1.119428,-2.506864,-0.537235,0.088548,0.701220,-1.159793,1.558759,2.248622,5
3479348283317,-0.103727,-0.223437,1.401074,-2.888436,-37.745849,-6.237473,-0.127826,-0.215646,1.289748,-2.420033,-38.319119,-6.913327,-0.042787,0.017432,-0.122814,0.582837,-0.002848,0.000000,-7.464208,-5.469778,-27.667158,-2.101866,0.564969,0.013298,-0.500848,0.223238,0.931656,0.674773,1.118991,-2.506009,-0.537235,0.088548,0.701220,-1.159793,1.558759,2.248622,5
3479349283255,-0.103764,-0.223420,1.400947,-2.887848,-37.745856,-6.237472,-0.127854,-0.215639,1.289708,-2.419977,-38.319161,-6.913375,-0.037240,0.017432,-0.126775,0.588532,-0.006645,0.000000,-7.852161,-5.382049,-27.543832,-2.121371,0.561874,0.012701,-0.500869,0.223224,0.931630,0.675534,1.118548,-2.505134,-0.537235,0.088548,0.701220,-1.159793,1.558759,2.248622,5
3479350291942,-0.103804,-0.223401,1.400828,-2.887289,-37.745856,-6.237470,-0.127882,-0.215632,1.289668,-2.419923,-38.319203,-6.913422,-0.039617,0.021393,-0.123606,0.585684,-0.004746,0.000000,-7.630236,-6.457610,-27.909489,-2.190315,0.608113,0.012705,-0.500890,0.223214,0.931604,0.676258,1.118125,-2.504308,-0.537235,0.088548,0.701220,-1.159793,1.558759,2.248622,5
3479351317687,-0.103840,-0.223384,1.400709,-2.886703,-37.745860,-6.237471,-0.127909,-0.215625,1.289630,-2.419870,-38.319243,-6.913469,-0.036448,0.016639,-0.118852,0.585684,-0.003797,0.000000,-7.812867,-5.579370,-27.776868,-2.178125,0.593875,0.012402,-0.500912,0.223200,0.931574,0.677015,1.117688,-2.503438,-0.537235,0.088548,0.701220,-1.159793,1.558759,2.248622,5
3479352315931,-0.103880,-0.223369,1.400585,-2.886113,-37.745868,-6.237472,-0.127936,-0.215618,1.289592,-2.419817,-38.319283,-6.913514,-0.039617,0.015847,-0.124398,0.590431,-0.007594,0.000000,-7.503597,-5.165906,-27.497535,-2.103329,0.540102,0.012253,-0.500933,0.223187,0.931546,0.677772,1.117246,-2.502570,-0.537235,0.088548,0.701220,-1.159793,1.558759,2.248622,5
3479353313181,-0.103914,-0.223352,1.400463,-2.885531,-37.745868,-6.237471,-0.127962,-0.215612,1.289555,-2.419766,-38.319321,-6.913559,-0.034071,0.016639,-0.121229,0.581888,-0.000000,0.000000,-7.882140,-5.484743,-27.631014,-2.161177,0.570442,0.012087,-0.500955,0.223172,0.931519,0.678516,1.116804,-2.501711,-0.537235,0.088548,0.701220,-1.159793,1.558759,2.248622,5
3479354314885,-0.103950,-0.223334,1.400340,-2.884921,-37.745873,-6.237472,-0.127988,-0.215605,1.289519,-2.419716,-38.319359,-6.913602,-0.035656,0.016639,-0.118852,0.584735,-0.000000,0.000000,-7.713858,-5.619158,-27.725526,-2.178538,0.577892,0.011883,-0.500978,0.223156,0.931488,0.679301,1.116349,-2.500808,-0.537235,0.088548,0.701220,-1.159793,1.558759,2.248622,5
3479355313232,-0.103984,-0.223318,1.400216,-2.884340,-37.745876,-6.237472,-0.128013,-0.215599,1.289483,-2.419667,-38.319397,-6.913645,-0.033279,0.016639,-0.123606,0.581888,-0.003797,0.000000,-7.839169,-5.426252,-27.518042,-2.146923,0.552078,0.011712,-0.501000,0.223141,0.931462,0.680040,1.115909,-2.499954,-0.537235,0.088548,0.701220,-1.159793,1.558759,2.248622,5
3479356314065,-0.104017,-0.223303,1.400093,-2.883756,-37.745877,-6.237471,-0.128037,-0.215593,1.289449,-2.419619,-38.319433,-6.913687,-0.032486,0.015055,-0.122814,0.583786,-0.000000,0.000000,-7.847208,-5.103023,-27.429226,-2.135814,0.535859,0.011453,-0.501021,0.223125,0.931437,0.680777,1.115464,-2.499100,-0.537235,0.088548,0.701220,-1.159793,1.558759,2.248622,5
3479357312829,-0.104051,-0.223286,1.399975,-2.883170,-37.745881,-6.237472,-0.128061,-0.215587,1.289415,-2.419572,-38.319469,-6.913727,-0.034071,0.016639,-0.118852,0.585684,-0.003797,0.000000,-7.692188,-5.692005,-27.703915,-2.193742,0.573799,0.011267,-0.501044,0.223110,0.931407,0.681524,1.115025,-2.498237,-0.537235,0.088548,0.701220,-1.159793,1.558759,2.248622,5
3479358314024,-0.104083,-0.223273,1.399850,-2.882592,-37.745882,-6.237470,-0.128084,-0.215581,1.289381,-2.419526,-38.319504,-6.913767,-0.032486,0.012678,-0.124398,0.578091,-0.000000,0.000000,-7.723564,-4.456348,-27.143304,-2.066736,0.485791,0.011320,-0.501063,0.223093,0.931385,0.682245,1.114580,-2.497400,-0.537235,0.088548,0.701220,-1.159793,1.558759,2.248622,5
3479359312542,-0.104116,-0.223257,1.399726,-2.882012,-37.745890,-6.237471,-0.128107,-0.215575,1.289349,-2.419481,-38.319538,-6.913807,-0.032486,0.016639,-0.124398,0.579989,-0.007594,0.000000,-7.700805,-5.447343,-27.429385,-2.140835,0.532517,0.011060,-0.501085,0.223077,0.931359,0.682977,1.114143,-2.496551,-0.537235,0.088548,0.701220,-1.159793,1.558759,2.248622,5
3479360313704,-0.104145,-0.223243,1.399602,-2.881433,-37.745891,-6.237474,-0.128130,-0.215569,1.289317,-2.419437,-38.319571,-6.913845,-0.029317,0.014262,-0.123606,0.579040,-0.000000,-0.003797,-7.888184,-4.921959,-27.270474,-2.124996,0.510389,0.010850,-0.501106,0.223059,0.931335,0.683690,1.113702,-2.495719,-0.537235,0.088548,0.701220,-1.159793,1.558759,2.248622,5
3479361312671,-0.104176,-0.223230,1.399481,-2.880855,-37.745891,-6.237471,-0.128152,-0.215564,1.289286,-2.419393,-38.319604,-6.913882,-0.030901,0.012678,-0.121229,0.578091,-0.000000,0.003797,-7.710492,-4.645648,-27.234071,-2.105873,0.497349,0.010666,-0.501125,0.223042,0.931311,0.684413,1.113256,-2.494878,-0.537235,0.088548,0.701220,-1.159793,1.558759,2.248622,5
3479362283774,-0.104206,-0.223216,1.399353,-2.880279,-37.745892,-6.237470,-0.128173,-0.215558,1.289255,-2.419351,-38.319636,-6.913919,-0.030109,0.013470,-0.127568,0.576192,-0.000000,0.000000,-7.714481,-4.543913,-27.000377,-2.060487,0.460501,0.010602,-0.501145,0.223025,0.931291,0.685119,1.112810,-2.494053,-0.537235,0.088548,0.701220,-1.159793,1.558759,2.248622,5
3479363283374,-0.104234,-0.223205,1.399227,-2.879714,-37.745894,-6.237470,-0.128194,-0.215553,1.289226,-2.419310,-38.319667,-6.913955,-0.027732,0.011885,-0.126775,0.564801,-0.002848,0.000000,-7.832718,-4.164654,-26.866552,-2.031504,0.445911,0.010699,-0.501163,0.223007,0.931273,0.685806,1.112372,-2.493246,-0.537235,0.088548,0.701220,-1.159793,1.558759,2.248622,5
3479364283269,-0.104264,-0.223189,1.399103,-2.879144,-37.745891,-6.237471,-0.128215,-0.215548,1.289197,-2.419270,-38.319698,-6.913990,-0.030109,0.015055,-0.123606,0.569547,0.003797,0.000000,-7.623705,-5.070266,-27.197882,-2.102519,0.484026,0.010459,-0.501183,0.222990,0.931252,0.686498,1.111931,-2.492438,-0.537235,0.088548,0.701220,-1.159793,1.558759,2.248622,5
3479365283087,-0.104288,-0.223178,1.398985,-2.878603,-37.745892,-6.237471,-0.128235,-0.215543,1.289168,-2.419230,-38.319728,-6.914024,-0.026147,0.011885,-0.125191,0.564801,-0.000000,0.000000,-7.870000,-4.254599,-26.897077,-2.054436,0.449126,0.010293,-0.501201,0.222971,0.931233,0.687156,1.111512,-2.491664,-0.537235,0.088548,0.701220,-1.159793,1.558759,2.248622,5
3479366283243,-0.104313,-0.223166,1.398861,-2.878035,-37.745894,-6.237469,-0.128254,-0.215538,1.289141,-2.419192,-38.319757,-6.914057,-0.025355,0.012678,-0.123606,0.568598,-0.000000,0.000000,-7.902161,-4.548528,-27.020752,-2.096535,0.468698,0.009953,-0.501221,0.222951,0.931211,0.687852,1.111072,-2.490845,-0.537235,0.088548,0.701220,-1.159793,1.558759,2.248622,5
3479367283059,-0.104339,-0.223152,1.398737,-2.877466,-37.745894,-6.237472,-0.128273,-0.215533,1.289113,-2.419155,-38.319785,-6.914090,-0.026147,0.013470,-0.124398,0.568598,-0.000000,-0.002848,-7.798161,-4.703549,-27.022322,-2.095548,0.464061,0.009865,-0.501241,0.222932,0.931191,0.688538,1.110634,-2.490038,-0.537235,0.088548,0.701220,-1.159793,1.558759,2.248622,5
3479368283216,-0.104365,-0.223142,1.398613,-2.876901,-37.745896,-6.237472,-0.128292,-0.215528,1.289087,-2.419118,-38.319813,-6.914121,-0.026147,0.010300,-0.123606,0.564801,-0.000000,0.000000,-7.734122,-3.963835,-26.800010,-2.039746,0.426883,0.009794,-0.501260,0.222913,0.931171,0.689219,1.110195,-2.489236,-0.537235,0.088548,0.701220,-1.159793,1.558759,2.248622,5
3479369305335,-0.104391,-0.223129,1.398487,-2.876334,-37.745895,-6.237471,-0.128310,-0.215524,1.289061,-2.419082,-38.319840,-6.914152,-0.025355,0.012678,-0.125983,0.567649,-0.000000,0.000000,-7.765210,-4.446737,-26.862401,-2.069028,0.436718,0.009490,-0.501279,0.222893,0.931153,0.689900,1.109752,-2.488433,-0.537235,0.088548,0.701220,-1.159793,1.558759,2.248622,5
3479370312859,-0.104414,-0.223119,1.398364,-2.875776,-37.745896,-6.237472,-0.128328,-0.215519,1.289036,-2.419048,-38.319866,-6.914182,-0.023770,0.010300,-0.123606,0.557207,-0.000000,0.000000,-7.823669,-3.941376,-26.734609,-2.036560,0.419168,0.009594,-0.501297,0.222873,0.931135,0.690564,1.109317,-2.487648,-0.537235,0.088548,0.701220,-1.159793,1.558759,2.248622,5
3479371325321,-0.104438,-0.223107,1.398245,-2.875213,-37.745898,-6.237471,-0.128345,-0.215515,1.289012,-2.419014,-38.319892,-6.914212,-0.023770,0.011885,-0.118852,0.562903,-0.000000,0.000000,-7.807902,-4.575408,-27.052227,-2.119962,0.466719,0.009213,-0.501317,0.222853,0.931112,0.691249,1.108883,-2.486840,-0.537235,0.088548,0.701220,-1.159793,1.558759,2.248622,5
3479372313593,-0.104464,-0.223096,1.398124,-2.874650,-37.745899,-6.237471,-0.128362,-0.215511,1.288988,-2.418981,-38.319917,-6.914241,-0.023770,0.011093,-0.121229,0.563852,-0.000000,0.000000,-7.758541,-4.285777,-26.885577,-2.086304,0.438299,0.009030,-0.501337,0.222833,0.931092,0.691926,1.108446,-2.486042,-0.537235,0.088548,0.701220,-1.159793,1.558759,2.248622,5
3479373283560,-0.104486,-0.223085,1.398002,-2.874063,-37.745898,-6.237472,-0.128378,-0.215507,1.288965,-2.418949,-38.319941,-6.914268,-0.022186,0.011885,-0.117267,0.563852,-0.000000,0.000000,-7.853999,-4.670934,-27.094019,-2.147521,0.473577,0.008759,-0.501358,0.222810,0.931068,0.692631,1.107992,-2.485208,-0.537235,0.088548,0.701220,-1.159793,1.558759,2.248622,5
3479374313731,-0.104510,-0.223074,1.397884,-2.873494,-37.745900,-6.237469,-0.128394,-0.215503,1.288942,-2.418917,-38.319965,-6.914296,-0.022978,0.011093,-0.117267,0.568598,-0.000000,0.000000,-7.754491,-4.508983,-27.043480,-2.139666,0.461004,0.008479,-0.501379,0.222790,0.931044,0.693324,1.107553,-2.484391,-0.537235,0.088548,0.701220,-1.159793,1.558759,2.248622,5
3479375313324,-0.104532,-0.223062,1.397768,-2.872932,-37.745901,-6.237471,-0.128410,-0.215499,1.288920,-2.418887,-38.319988,-6.914322,-0.021393,0.011885,-0.116475,0.561953,-0.000000,0.000000,-7.833509,-4.714577,-27.090443,-2.155601,0.470857,0.008443,-0.501400,0.222768,0.931021,0.694000,1.107121,-2.483592,-0.537235,0.088548,0.701220,-1.159793,1.558759,2.248622,5
3479376313096,-0.104554,-0.223051,1.397654,-2.872394,-37.745901,-6.237471,-0.128425,-0.215495,1.288899,-2.418857,-38.320011,-6.914348,-0.022978,0.011093,-0.118852,0.563852,-0.000000,0.000000,-7.664206,-4.422255,-26.924514,-2.112646,0.437701,0.008311,-0.501419,0.222748,0.931000,0.694643,1.106704,-2.482831,-0.537235,0.088548,0.701220,-1.159793,1.558759,2.248622,5
3479377313428,-0.104576,-0.223039,1.397536,-2.871810,-37.745903,-6.237471,-0.128440,-0.215491,1.288878,-2.418828,-38.320032,-6.914373,-0.022186,0.010300,-0.113305,0.561953,-0.000000,0.000000,-7.689959,-4.490880,-27.080501,-2.152067,0.462288,0.008143,-0.501442,0.222726,0.930974,0.695350,1.106256,-2.481996,-0.537235,0.088548,0.701220,-1.159793,1.558759,2.248622,5
3479378283478,-0.104598,-0.223026,1.397419,-2.871246,-37.745905,-6.237470,-0.128454,-0.215488,1.288858,-2.418800,-38.320054,-6.914397,-0.021393,0.012678,-0.116475,0.564801,-0.000000,0.000000,-7.723954,-4.941940,-27.114340,-2.175315,0.467823,0.007841,-0.501464,0.222704,0.930949,0.696033,1.105821,-2.481188,-0.537235,0.088548,0.701220,-1.159793,1.558759,2.248622,5
3479379283361,-0.104618,-0.223012,1.397302,-2.870681,-37.745905,-6.237471,-0.128468,-0.215484,1.288838,-2.418773,-38.320074,-6.914421,-0.020601,0.014262,-0.117267,0.564801,-0.000000,0.000000,-7.754489,-5.301120,-27.180002,-2.200605,0.478307,0.007627,-0.501487,0.222682,0.930924,0.696710,1.105387,-2.480386,-0.537235,0.088548,0.701220,-1.159793,1.558759,2.248622,5
3479380283241,-0.104640,-0.222998,1.397182,-2.870119,-37.745905,-6.237471,-0.128481,-0.215481,1.288819,-2.418747,-38.320094,-6.914444,-0.022186,0.013470,-0.119644,0.561953,-0.000000,0.000000,-7.577538,-4.987086,-26.992748,-2.146486,0.441600,0.007640,-0.501508,0.222660,0.930902,0.697378,1.104951,-2.479594,-0.537235,0.088548,0.701220,-1.159793,1.558759,2.248622,5
3479381290687,-0.104662,-0.222988,1.397077,-2.869575,-37.745905,-6.237472,-0.128494,-0.215477,1.288800,-2.418721,-38.320114,-6.914466,-0.022978,0.012678,-0.117267,0.567649,-0.000000,0.000000,-7.487263,-4.941991,-27.049067,-2.163387,0.445819,0.007327,-0.501530,0.222640,0.930876,0.698033,1.104535,-2.478820,-0.537235,0.088548,0.701220,-1.159793,1.558759,2.248622,5
3479382283789,-0.104681,-0.222976,1.396953,-2.869012,-37.745905,-6.237472,-0.128507,-0.215474,1.288783,-2.418696,-38.320133,-6.914488,-0.019016,0.012678,-0.118852,0.562903,-0.000000,0.000000,-7.752010,-4.873312,-26.957299,-2.166850,0.441800,0.007131,-0.501551,0.222616,0.930857,0.698691,1.104094,-2.478034,-0.537235,0.088548,0.701220,-1.159793,1.558759,2.248622,5
3479383312727,-0.104701,-0.222964,1.396835,-2.868449,-37.745905,-6.237471,-0.128519,-0.215471,1.288765,-2.418672,-38.320151,-6.914509,-0.019809,0.011885,-0.117267,0.562903,-0.000000,0.000000,-7.651826,-4.759694,-26.951295,-2.162295,0.436122,0.006997,-0.501572,0.222593,0.930834,0.699359,1.103656,-2.477240,-0.537235,0.088548,0.701220,-1.159793,1.558759,2.248622,5
3479384283514,-0.104720,-0.222952,1.396721,-2.867883,-37.745905,-6.237470,-0.128531,-0.215468,1.288748,-2.418649,-38.320169,-6.914529,-0.019809,0.011885,-0.114098,0.565750,-0.000000,0.000000,-7.625776,-4.930165,-27.083484,-2.198755,0.454640,0.006722,-0.501595,0.222570,0.930809,0.700034,1.103219,-2.476437,-0.537235,0.088548,0.701220,-1.159793,1.558759,2.248622,5
3479385313553,-0.104739,-0.222938,1.396606,-2.867319,-37.745906,-6.237471,-0.128543,-0.215465,1.288732,-2.418626,-38.320186,-6.914549,-0.019016,0.013470,-0.114890,0.564801,-0.000000,0.000000,-7.656864,-5.283362,-27.145618,-2.222051,0.464617,0.006538,-0.501618,0.222547,0.930783,0.700707,1.102785,-2.475638,-0.537235,0.088548,0.701220,-1.159793,1.558759,2.248622,5
3479386313350,-0.104762,-0.222926,1.396488,-2.866727,-37.745907,-6.237471,-0.128554,-0.215462,1.288716,-2.418604,-38.320202,-6.914568,-0.019809,0.014262,-0.113305,0.564801,-0.000000,0.000000,-7.562615,-5.550532,-27.250804,-2.244257,0.476119,0.006386,-0.501642,0.222524,0.930756,0.701412,1.102330,-2.474802,-0.537235,0.088548,0.701220,-1.159793,1.558759,2.248622,5
3479387313773,-0.104778,-0.222915,1.396379,-2.866189,-37.745907,-6.237472,-0.128565,-0.215460,1.288701,-2.418583,-38.320218,-6.914586,-0.019809,0.011885,-0.113305,0.561004,-0.000000,0.000000,-7.511562,-4.968809,-27.055879,-2.195876,0.443512,0.006361,-0.501663,0.222500,0.930733,0.702045,1.101914,-2.474046,-0.537235,0.088548,0.701220,-1.159793,1.558759,2.248622,5
3479388283332,-0.104800,-0.222903,1.396262,-2.865602,-37.745906,-6.237472,-0.128575,-0.215457,1.288686,-2.418562,-38.320234,-6.914604,-0.019809,0.013470,-0.111721,0.565750,-0.000000,0.000000,-7.492691,-5.456545,-27.241093,-2.248938,0.470209,0.006015,-0.501686,0.222477,0.930706,0.702740,1.101461,-2.473221,-0.537235,0.088548,0.701220,-1.159793,1.558759,2.248622,5
3479389312499,-0.104819,-0.222892,1.396148,-2.865039,-37.745909,-6.237471,-0.128585,-0.215454,1.288672,-2.418543,-38.320249,-6.914621,-0.019016,0.011093,-0.114890,0.562903,-0.002848,0.000000,-7.499959,-4.747762,-26.928234,-2.181524,0.423393,0.005927,-0.501709,0.222453,0.930681,0.703405,1.101026,-2.472427,-0.537235,0.088548,0.701220,-1.159793,1.558759,2.248622,5
3479390315321,-0.104834,-0.222878,1.396036,-2.864476,-37.745908,-6.237471,-0.128595,-0.215452,1.288658,-2.418524,-38.320264,-6.914638,-0.015847,0.013470,-0.111721,0.563852,-0.000000,0.000000,-7.734313,-5.490979,-27.221553,-2.276136,0.475658,0.005548,-0.501733,0.222428,0.930654,0.704073,1.100591,-2.471630,-0.537235,0.088548,0.701220,-1.159793,1.558759,2.248622,5
3479391313420,-0.104854,-0.222869,1.395930,-2.863935,-37.745908,-6.237471,-0.128604,-0.215450,1.288644,-2.418505,-38.320278,-6.914654,-0.019016,0.011885,-0.109344,0.565750,-0.000000,0.000000,-7.449571,-5.217494,-27.196985,-2.252306,0.459394,0.005474,-0.501754,0.222406,0.930629,0.704710,1.100173,-2.470872,-0.537235,0.088548,0.701220,-1.159793,1.558759,2.248622,5
3479392314018,-0.104874,-0.222856,1.395817,-2.863351,-37.745909,-6.237470,-0.128613,-0.215447,1.288632,-2.418487,-38.320291,-6.914669,-0.018224,0.012678,-0.108551,0.560055,-0.000000,0.002848,-7.472236,-5.430174,-27.250687,-2.266165,0.467881,0.005390,-0.501779,0.222382,0.930600,0.705405,1.099725,-2.470046,-0.537235,0.088548,0.701220,-1.159793,1.558759,2.248622,5
3479393283366,-0.104889,-0.222845,1.395710,-2.862787,-37.745909,-6.237471,-0.128622,-0.215445,1.288619,-2.418470,-38.320304,-6.914684,-0.015055,0.011093,-0.106967,0.563852,-0.000000,0.000000,-7.693084,-5.176541,-27.226269,-2.289486,0.472516,0.004995,-0.501803,0.222356,0.930571,0.706072,1.099293,-2.469248,-0.537235,0.088548,0.701220,-1.159793,1.558759,2.248622,5
3479394283463,-0.104908,-0.222834,1.395604,-2.862230,-37.745906,-6.237470,-0.128630,-0.215443,1.288607,-2.418454,-38.320317,-6.914698,-0.019016,0.011093,-0.106174,0.557207,0.002848,0.000000,-7.335329,-5.154018,-27.197632,-2.249469,0.450909,0.005226,-0.501826,0.222333,0.930544,0.706728,1.098862,-2.468467,-0.537235,0.088548,0.701220,-1.159793,1.558759,2.248622,5
3479395283283,-0.104926,-0.222823,1.395497,-2.861674,-37.745907,-6.237472,-0.128639,-0.215441,1.288596,-2.418438,-38.320329,-6.914712,-0.017432,0.011093,-0.106967,0.555309,-0.000000,-0.002848,-7.424820,-5.134299,-27.158041,-2.252397,0.449423,0.005092,-0.501849,0.222309,0.930516,0.707379,1.098437,-2.467691,-0.537235,0.088548,0.701220,-1.159793,1.558759,2.248622,5
3479396283348,-0.104941,-0.222811,1.395400,-2.861141,-37.745909,-6.237470,-0.128646,-0.215439,1.288585,-2.418422,-38.320340,-6.914725,-0.017432,0.012678,-0.104590,0.552461,-0.000000,0.000000,-7.401046,-5.620765,-27.346519,-2.295284,0.476637,0.004955,-0.501874,0.222285,0.930485,0.708023,1.098031,-2.466925,-0.537235,0.088548,0.701220,-1.159793,1.558759,2.248622,5
3479397323390,-0.104960,-0.222800,1.395284,-2.860584,-37.745909,-6.237470,-0.128654,-0.215437,1.288574,-2.418408,-38.320351,-6.914738,-0.019016,0.010300,-0.110136,0.557207,-0.000000,0.000000,-7.230191,-4.819461,-26.954044,-2.204556,0.408200,0.004747,-0.501894,0.222262,0.930464,0.708661,1.097594,-2.466160,-0.537235,0.088548,0.701220,-1.159793,1.558759,2.248622,5
3479398314160,-0.104976,-0.222788,1.395179,-2.860028,-37.745908,-6.237471,-0.128661,-0.215435,1.288564,-2.418394,-38.320362,-6.914750,-0.015847,0.012678,-0.110928,0.555309,-0.000000,0.000000,-7.456082,-5.373019,-27.078831,-2.258165,0.435913,0.004477,-0.501919,0.222237,0.930434,0.709314,1.097168,-2.465380,-0.537235,0.088548,0.701220,-1.159793,1.558759,2.248622,5
3479399312516,-0.104994,-0.222777,1.395068,-2.859467,-37.745908,-6.237471,-0.128668,-0.215434,1.288554,-2.418380,-38.320372,-6.914762,-0.017432,0.010300,-0.106967,0.561004,-0.000000,0.000000,-7.305668,-5.017272,-27.089706,-2.257654,0.430451,0.004197,-0.501942,0.222212,0.930409,0.709963,1.096733,-2.464602,-0.537235,0.088548,0.701220,-1.159793,1.558759,2.248622,5
3479400313545,-0.105011,-0.222767,1.394957,-2.858891,-37.745910,-6.237472,-0.128674,-0.215432,1.288545,-2.418367,-38.320382,-6.914773,-0.016639,0.010300,-0.106174,0.556258,-0.000000,0.000000,-7.329929,-5.039512,-27.092585,-2.260632,0.431191,0.004135,-0.501965,0.222186,0.930381,0.710632,1.096290,-2.463801,-0.537235,0.088548,0.701220,-1.159793,1.558759,2.248622,5
3479401314097,-0.105025,-0.222754,1.394850,-2.858333,-37.745912,-6.237471,-0.128681,-0.215430,1.288536,-2.418355,-38.320391,-6.914784,-0.015847,0.013470,-0.107759,0.558156,-0.002848,0.000000,-7.381586,-5.760627,-27.255581,-2.312823,0.458953,0.003848,-0.501991,0.222160,0.930352,0.711290,1.095861,-2.463011,-0.537235,0.088548,0.701220,-1.159793,1.558759,2.248622,5
3479402313081,-0.105043,-0.222743,1.394748,-2.857782,-37.745911,-6.237472,-0.128687,-0.215429,1.288527,-2.418343,-38.320400,-6.914794,-0.018224,0.012678,-0.104590,0.550562,-0.000000,0.000000,-7.150284,-5.665169,-27.275049,-2.291757,0.449932,0.004033,-0.502015,0.222136,0.930322,0.711932,1.095438,-2.462245,-0.537235,0.088548,0.701220,-1.159793,1.558759,2.248622,5
3479403314307,-0.105058,-0.222731,1.394638,-2.857234,-37.745911,-6.237471,-0.128693,-0.215427,1.288519,-2.418332,-38.320409,-6.914804,-0.015055,0.010300,-0.103005,0.548664,-0.000000,0.000000,-7.360256,-5.190422,-27.168743,-2.288096,0.441848,0.003786,-0.502038,0.222111,0.930298,0.712563,1.095010,-2.461486,-0.537235,0.088548,0.701220,-1.159793,1.558759,2.248622,5
3479404283408,-0.105073,-0.222719,1.394530,-2.856683,-37.745911,-6.237469,-0.128698,-0.215426,1.288512,-2.418321,-38.320417,-6.914814,-0.015055,0.011885,-0.107759,0.550562,-0.000000,0.000000,-7.334480,-5.371063,-27.079465,-2.276875,0.425949,0.003564,-0.502062,0.222085,0.930271,0.713201,1.094582,-2.460719,-0.537235,0.088548,0.701220,-1.159793,1.558759,2.248622,5
3479405283477,-0.105086,-0.222707,1.394424,-2.856137,-37.745912,-6.237471,-0.128703,-0.215425,1.288504,-2.418311,-38.320425,-6.914822,-0.012678,0.011885,-0.106174,0.545816,-0.000000,0.000000,-7.490479,-5.443812,-27.122760,-2.299995,0.438536,0.003431,-0.502086,0.222059,0.930245,0.713829,1.094162,-2.459963,-0.537235,0.088548,0.701220,-1.159793,1.558759,2.248622,5
3479406283590,-0.105104,-0.222693,1.394316,-2.855589,-37.745912,-6.237470,-0.128708,-0.215423,1.288497,-2.418301,-38.320432,-6.914831,-0.018224,0.013470,-0.108551,0.548664,-0.000000,0.000000,-7.031616,-5.708700,-27.119140,-2.269678,0.417333,0.003434,-0.502110,0.222035,0.930218,0.714462,1.093737,-2.459204,-0.537235,0.088548,0.701220,-1.159793,1.558759,2.248622,5
3479407312759,-0.105117,-0.222683,1.394217,-2.855062,-37.745912,-6.237470,-0.128713,-0.215422,1.288490,-2.418292,-38.320439,-6.914839,-0.015055,0.011093,-0.103797,0.549613,-0.000000,0.000000,-7.255573,-5.395617,-27.161065,-2.302656,0.432636,0.003088,-0.502134,0.222010,0.930191,0.715070,1.093330,-2.458472,-0.537235,0.088548,0.701220,-1.159793,1.558759,2.248622,5
3479408313905,-0.105130,-0.222670,1.394118,-2.854522,-37.745914,-6.237470,-0.128717,-0.215421,1.288484,-2.418283,-38.320446,-6.914847,-0.013470,0.013470,-0.103005,0.540121,-0.000000,0.000000,-7.350754,-5.973822,-27.314454,-2.340896,0.459524,0.003134,-0.502160,0.221984,0.930160,0.715704,1.092918,-2.457712,-0.537235,0.088548,0.701220,-1.159793,1.558759,2.248622,5
3479409312133,-0.105144,-0.222658,1.394014,-2.853977,-37.745919,-6.237471,-0.128722,-0.215420,1.288478,-2.418275,-38.320452,-6.914854,-0.014262,0.011885,-0.100628,0.544867,-0.004746,0.000000,-7.270736,-5.753026,-27.328611,-2.346544,0.460139,0.002849,-0.502185,0.221958,0.930131,0.716335,1.092501,-2.456953,-0.537235,0.088548,0.701220,-1.159793,1.558759,2.248622,5
3479410313695,-0.105158,-0.222645,1.393910,-2.853419,-37.745922,-6.237470,-0.128726,-0.215419,1.288472,-2.418267,-38.320458,-6.914861,-0.013470,0.011885,-0.099043,0.537273,-0.000000,0.000000,-7.294885,-5.791192,-27.344534,-2.348476,0.460192,0.002881,-0.502211,0.221931,0.930100,0.716986,1.092073,-2.456171,-0.537235,0.088548,0.701220,-1.159793,1.558759,2.248622,5
3479411314931,-0.105171,-0.222632,1.393813,-2.852880,-37.745922,-6.237471,-0.128729,-0.215418,1.288467,-2.418259,-38.320464,-6.914867,-0.013470,0.013470,-0.097458,0.539171,-0.000000,0.000000,-7.284046,-6.271443,-27.525172,-2.396577,0.486408,0.002636,-0.502237,0.221905,0.930068,0.717612,1.091662,-2.455419,-0.537235,0.088548,0.701220,-1.159793,1.558759,2.248622,5
3479412314992,-0.105182,-0.222616,1.393713,-2.852344,-37.745925,-6.237472,-0.128733,-0.215417,1.288462,-2.418252,-38.320469,-6.914873,-0.011093,0.015847,-0.099043,0.535374,-0.002848,0.000000,-7.452507,-6.790032,-27.617799,-2.435483,0.508597,0.002469,-0.502266,0.221879,0.930036,0.718238,1.091255,-2.454666,-0.537235,0.088548,0.701220,-1.159793,1.558759,2.248622,5
3479413314021,-0.105193,-0.222603,1.393614,-2.851810,-37.745930,-6.237472,-0.128736,-0.215416,1.288457,-2.418246,-38.320474,-6.914879,-0.011093,0.012678,-0.099043,0.534425,-0.004746,0.000000,-7.415938,-6.051330,-27.395429,-2.384659,0.473336,0.002355,-0.502292,0.221852,0.930005,0.718860,1.090847,-2.453917,-0.537235,0.088548,0.701220,-1.159793,1.558759,2.248622,5
3479414316662,-0.105207,-0.222590,1.393520,-2.851281,-37.745931,-6.237471,-0.128740,-0.215416,1.288453,-2.418239,-38.320479,-6.914884,-0.013470,0.013470,-0.094289,0.528730,-0.000000,0.000000,-7.204447,-6.420110,-27.599748,-2.408944,0.492038,0.002466,-0.502318,0.221826,0.929973,0.719477,1.090444,-2.453176,-0.537235,0.088548,0.701220,-1.159793,1.558759,2.248622,5
3479415314994,-0.105219,-0.222576,1.393426,-2.850752,-37.745935,-6.237469,-0.128742,-0.215415,1.288449,-2.418234,-38.320483,-6.914889,-0.011885,0.013470,-0.094289,0.528730,-0.004746,0.000000,-7.310798,-6.462767,-27.614930,-2.427247,0.500830,0.002224,-0.502345,0.221800,0.929940,0.720100,1.090042,-2.452428,-0.537235,0.088548,0.701220,-1.159793,1.558759,2.248622,5
3479416283153,-0.105229,-0.222563,1.393338,-2.850226,-37.745939,-6.237472,-0.128745,-0.215414,1.288445,-2.418228,-38.320487,-6.914894,-0.010300,0.013470,-0.093497,0.525882,-0.004746,-0.002848,-7.412346,-6.515945,-27.640802,-2.443806,0.508392,0.002119,-0.502374,0.221773,0.929904,0.720719,1.089649,-2.451684,-0.537235,0.088548,0.701220,-1.159793,1.558759,2.248622,5
3479417283537,-0.105239,-0.222548,1.393239,-2.849707,-37.745942,-6.237471,-0.128748,-0.215413,1.288441,-2.418223,-38.320491,-6.914898,-0.010300,0.015055,-0.094289,0.519237,-0.004746,0.000000,-7.386826,-6.841447,-27.682955,-2.449540,0.512943,0.002120,-0.502400,0.221747,0.929875,0.721318,1.089250,-2.450961,-0.537235,0.088548,0.701220,-1.159793,1.558759,2.248622,5
3479418312310,-0.105249,-0.222533,1.393145,-2.849187,-37.745943,-6.237472,-0.128750,-0.215413,1.288438,-2.418218,-38.320495,-6.914903,-0.009508,0.015055,-0.094289,0.520187,-0.000000,0.000000,-7.429777,-6.862155,-27.677407,-2.458982,0.510260,0.001892,-0.502428,0.221720,0.929844,0.721917,1.088854,-2.450237,-0.537235,0.088548,0.701220,-1.159793,1.558759,2.248622,5
3479419312635,-0.105258,-0.222518,1.393059,-2.848703,-37.745946,-6.237470,-0.128752,-0.215412,1.288434,-2.418214,-38.320498,-6.914906,-0.009508,0.014262,-0.091120,0.506897,-0.002848,0.000000,-7.392608,-6.776702,-27.700678,-2.447537,0.513445,0.002160,-0.502454,0.221695,0.929812,0.722487,1.088486,-2.449550,-0.537235,0.088548,0.701220,-1.159793,1.558759,2.248622,5
3479420283539,-0.105267,-0.222504,1.392962,-2.848196,-37.745947,-6.237471,-0.128754,-0.215412,1.288431,-2.418210,-38.320501,-6.914910,-0.009508,0.014262,-0.097458,0.506897,-0.000000,0.000000,-7.362335,-6.496682,-27.426201,-2.391020,0.467434,0.002029,-0.502480,0.221669,0.929785,0.723061,1.088095,-2.448854,-0.537235,0.088548,0.701220,-1.159793,1.558759,2.248622,5
3479421312512,-0.105277,-0.222487,1.392863,-2.847675,-37.745949,-6.237469,-0.128756,-0.215411,1.288429,-2.418206,-38.320504,-6.914913,-0.007923,0.015055,-0.095081,0.500252,-0.000000,0.000000,-7.465765,-6.794914,-27.553958,-2.425837,0.490777,0.001990,-0.502508,0.221642,0.929755,0.723663,1.087695,-2.448126,-0.537235,0.088548,0.701220,-1.159793,1.558759,2.248622,5
3479422283634,-0.105284,-0.222471,1.392772,-2.847175,-37.745952,-6.237472,-0.128758,-0.215411,1.288426,-2.418203,-38.320507,-6.914916,-0.007923,0.015847,-0.091120,0.500252,-0.003797,-0.002848,-7.463158,-7.202195,-27.783821,-2.481059,0.527183,0.001855,-0.502536,0.221615,0.929723,0.724239,1.087317,-2.447428,-0.537235,0.088548,0.701220,-1.159793,1.558759,2.248622,5
3479423313453,-0.105292,-0.222457,1.392687,-2.846700,-37.745954,-6.237470,-0.128760,-0.215410,1.288424,-2.418200,-38.320509,-6.914919,-0.007923,0.016639,-0.087950,0.493608,-0.002848,0.000000,-7.444853,-7.520697,-27.938252,-2.509991,0.548775,0.001857,-0.502562,0.221590,0.929693,0.724791,1.086955,-2.446762,-0.537235,0.088548,0.701220,-1.159793,1.558759,2.248622,5
3479424314000,-0.105301,-0.222441,1.392592,-2.846182,-37.745958,-6.237469,-0.128761,-0.215410,1.288422,-2.418197,-38.320511,-6.914921,-0.007131,0.017432,-0.088743,0.497405,-0.003797,0.000000,-7.501651,-7.726466,-27.982813,-2.535894,0.557555,0.001532,-0.502591,0.221563,0.929662,0.725389,1.086559,-2.446038,-0.537235,0.088548,0.701220,-1.159793,1.558759,2.248622,5
3479425314692,-0.105307,-0.222427,1.392506,-2.845715,-37.745960,-6.237471,-0.128762,-0.215410,1.288420,-2.418194,-38.320513,-6.914923,-0.007923,0.014262,-0.091120,0.488861,-0.000000,0.000000,-7.391127,-6.819943,-27.613463,-2.436190,0.493418,0.001731,-0.502616,0.221537,0.929634,0.725919,1.086202,-2.445392,-0.537235,0.088548,0.701220,-1.159793,1.558759,2.248622,5
3479426313999,-0.105314,-0.222413,1.392414,-2.845204,-37.745963,-6.237472,-0.128764,-0.215409,1.288419,-2.418192,-38.320515,-6.914925,-0.007131,0.014262,-0.088743,0.489811,-0.000000,0.000000,-7.446207,-6.961562,-27.720231,-2.470539,0.511241,0.001492,-0.502643,0.221509,0.929603,0.726503,1.085813,-2.444683,-0.537235,0.088548,0.701220,-1.159793,1.558759,2.248622,5
3479427283588,-0.105319,-0.222396,1.392326,-2.844727,-37.745966,-6.237472,-0.128765,-0.215409,1.288417,-2.418190,-38.320516,-6.914927,-0.005546,0.017432,-0.087950,0.477471,-0.002848,0.000000,-7.554811,-7.731490,-27.929325,-2.518438,0.548998,0.001638,-0.502672,0.221483,0.929573,0.727052,1.085451,-2.444016,-0.537235,0.088548,0.701220,-1.159793,1.558759,2.248622,5
3479428283324,-0.105324,-0.222382,1.392240,-2.844238,-37.745968,-6.237471,-0.128766,-0.215409,1.288416,-2.418188,-38.320518,-6.914929,-0.004754,0.013470,-0.086366,0.488861,-0.000000,0.000000,-7.611139,-6.942535,-27.772568,-2.504357,0.524792,0.001098,-0.502699,0.221455,0.929542,0.727614,1.085076,-2.443332,-0.537235,0.088548,0.701220,-1.159793,1.558759,2.248622,5
3479429312545,-0.105330,-0.222367,1.392153,-2.843759,-37.745969,-6.237471,-0.128766,-0.215409,1.288415,-2.418187,-38.320519,-6.914930,-0.006339,0.015055,-0.086366,0.478420,-0.000000,0.000000,-7.463348,-7.277452,-27.830266,-2.496616,0.526363,0.001349,-0.502726,0.221429,0.929512,0.728160,1.084710,-2.442668,-0.537235,0.088548,0.701220,-1.159793,1.558759,2.248622,5
3479430311789,-0.105334,-0.222353,1.392073,-2.843300,-37.745969,-6.237470,-0.128767,-0.215409,1.288413,-2.418185,-38.320520,-6.914931,-0.003169,0.014262,-0.083989,0.481267,-0.000000,0.000000,-7.711141,-7.256991,-27.901596,-2.541849,0.547335,0.000954,-0.502752,0.221402,0.929483,0.728688,1.084359,-2.442025,-0.537235,0.088548,0.701220,-1.159793,1.558759,2.248622,5
3479431314949,-0.105341,-0.222339,1.391983,-2.842822,-37.745969,-6.237470,-0.128768,-0.215408,1.288413,-2.418184,-38.320521,-6.914933,-0.007131,0.013470,-0.089535,0.477471,-0.000000,0.000000,-7.368283,-6.787875,-27.585182,-2.441194,0.482847,0.001143,-0.502777,0.221377,0.929456,0.729222,1.083990,-2.441374,-0.537235,0.088548,0.701220,-1.159793,1.558759,2.248622,5
3479432314297,-0.105344,-0.222324,1.391893,-2.842322,-37.745971,-6.237471,-0.128768,-0.215408,1.288412,-2.418183,-38.320522,-6.914933,-0.003962,0.013470,-0.084781,0.483166,-0.000000,0.000000,-7.629414,-7.081652,-27.823092,-2.528517,0.529758,0.000628,-0.502806,0.221347,0.929425,0.729790,1.083608,-2.440680,-0.537235,0.088548,0.701220,-1.159793,1.558759,2.248622,5
3479433315140,-0.105349,-0.222310,1.391811,-2.841850,-37.745976,-6.237471,-0.128769,-0.215408,1.288411,-2.418182,-38.320522,-6.914934,-0.004754,0.014262,-0.082404,0.471775,-0.004746,0.000000,-7.548959,-7.349153,-27.937053,-2.536486,0.545736,0.000866,-0.502833,0.221320,0.929393,0.730332,1.083251,-2.440019,-0.537235,0.088548,0.701220,-1.159793,1.558759,2.248622,5
3479434313671,-0.105354,-0.222294,1.391725,-2.841372,-37.745975,-6.237472,-0.128769,-0.215408,1.288411,-2.418181,-38.320523,-6.914935,-0.005546,0.015847,-0.086366,0.478420,-0.000000,0.000000,-7.488094,-7.590279,-27.901175,-2.538488,0.533507,0.000545,-0.502861,0.221294,0.929364,0.730871,1.082884,-2.439363,-0.537235,0.088548,0.701220,-1.159793,1.558759,2.248622,5
3479435315198,-0.105357,-0.222281,1.391640,-2.840897,-37.745978,-6.237471,-0.128770,-0.215408,1.288410,-2.418181,-38.320524,-6.914935,-0.002377,0.013470,-0.084781,0.474623,-0.002848,0.000000,-7.720029,-7.123747,-27.806292,-2.536116,0.530292,0.000372,-0.502887,0.221265,0.929334,0.731410,1.082520,-2.438703,-0.537235,0.088548,0.701220,-1.159793,1.558759,2.248622,5
3479436326395,-0.105358,-0.222267,1.391557,-2.840421,-37.745978,-6.237470,-0.128770,-0.215408,1.288410,-2.418180,-38.320524,-6.914936,-0.000000,0.013470,-0.083196,0.476521,-0.000000,0.000000,-7.907955,-7.235744,-27.885796,-2.577615,0.548194,0.000038,-0.502915,0.221237,0.929304,0.731949,1.082154,-2.438041,-0.537235,0.088548,0.701220,-1.159793,1.558759,2.248622,5
3479437315654,-0.105363,-0.222255,1.391471,-2.839951,-37.745979,-6.237472,-0.128770,-0.215408,1.288410,-2.418180,-38.320524,-6.914936,-0.004754,0.011885,-0.085573,0.469877,-0.000000,0.000000,-7.504155,-6.701005,-27.632810,-2.479910,0.490692,0.000350,-0.502940,0.221210,0.929277,0.732470,1.081792,-2.437403,-0.537235,0.088548,0.701220,-1.159793,1.558759,2.248622,5
3479438283543,-0.105367,-0.222241,1.391385,-2.839472,-37.745979,-6.237471,-0.128770,-0.215408,1.288409,-2.418179,-38.320524,-6.914936,-0.003962,0.014262,-0.086366,0.478420,-0.000000,0.000000,-7.586742,-7.305553,-27.809212,-2.543954,0.520013,-0.000130,-0.502966,0.221182,0.929248,0.733006,1.081423,-2.436746,-0.537235,0.088548,0.701220,-1.159793,1.558759,2.248622,5
3479439283869,-0.105369,-0.222226,1.391298,-2.839005,-37.745980,-6.237471,-0.128770,-0.215408,1.288409,-2.418179,-38.320525,-6.914937,-0.002377,0.015055,-0.087158,0.467978,-0.000000,0.000000,-7.691698,-7.432903,-27.791002,-2.541880,0.521226,-0.000021,-0.502993,0.221154,0.929221,0.733527,1.081062,-2.436105,-0.537235,0.088548,0.701220,-1.159793,1.558759,2.248622,5
3479440283307,-0.105372,-0.222212,1.391210,-2.838530,-37.745977,-6.237471,-0.128770,-0.215408,1.288409,-2.418179,-38.320525,-6.914937,-0.002377,0.013470,-0.087950,0.474623,0.002848,0.000000,-7.691423,-7.067933,-27.675108,-2.527994,0.500707,-0.000373,-0.503019,0.221126,0.929195,0.734048,1.080692,-2.435463,-0.537235,0.088548,0.701220,-1.159793,1.558759,2.248622,5
3479441283924,-0.105376,-0.222201,1.391125,-2.838081,-37.745979,-6.237470,-0.128770,-0.215408,1.288409,-2.418179,-38.320525,-6.914937,-0.002377,0.012678,-0.087158,0.469877,-0.000000,0.000000,-7.678627,-6.910978,-27.639693,-2.516186,0.495586,-0.000363,-0.503042,0.221100,0.929171,0.734542,1.080342,-2.434856,-0.537235,0.088548,0.701220,-1.159793,1.558759,2.248622,5
3479442283234,-0.105380,-0.222188,1.391042,-2.837605,-37.745979,-6.237472,-0.128770,-0.215408,1.288409,-2.418179,-38.320525,-6.914937,-0.003169,0.013470,-0.083196,0.475572,-0.000000,0.000000,-7.634915,-7.331061,-27.888524,-2.578179,0.530423,-0.000684,-0.503069,0.221072,0.929141,0.735071,1.079978,-2.434207,-0.537235,0.088548,0.701220,-1.159793,1.558759,2.248622,5
3479443283470,-0.105383,-0.222175,1.390957,-2.837138,-37.745980,-6.237471,-0.128770,-0.215408,1.288409,-2.418179,-38.320525,-6.914937,-0.003169,0.012678,-0.084781,0.467029,-0.000000,0.000000,-7.611622,-7.040893,-27.732009,-2.534807,0.504716,-0.000547,-0.503094,0.221044,0.929114,0.735589,1.079616,-2.433570,-0.537235,0.088548,0.701220,-1.159793,1.558759,2.248622,5
3479444285918,-0.105384,-0.222163,1.390873,-2.836669,-37.745978,-6.237472,-0.105383,-0.222175,1.390957,-2.837138,-37.745980,-6.237471,-0.000000,0.012678,-0.083989,0.468927,-0.000000,0.000000,-0.830502,-13.119381,-21.831138,-5.886445,2.529223,-0.016467,-0.503120,0.221015,0.929086,0.736104,1.079253,-2.432935,-0.537235,0.088548,0.701220,-1.159793,1.558759,2.248622,5
3479445284600,-0.105386,-0.222150,1.390787,-2.836201,-37.745978,-6.237472,-0.105383,-0.222175,1.390957,-2.837138,-37.745980,-6.237471,-0.002377,0.012678,-0.086366,0.467978,-0.000000,0.000000,-0.663243,-12.942030,-21.707293,-5.862075,2.509228,-0.016302,-0.503146,0.220987,0.929060,0.736615,1.078889,-2.432304,-0.537235,0.088548,0.701220,-1.159793,1.558759,2.248622,5
3479446283982,-0.105388,-0.222139,1.390705,-2.835732,-37.745978,-6.237472,-0.105383,-0.222175,1.390957,-2.837139,-37.745980,-6.237470,-0.000000,0.011093,-0.081612,0.469877,-0.000000,0.000000,-0.880700,-12.750857,-21.798739,-5.921459,2.539660,-0.016477,-0.503171,0.220959,0.929032,0.737135,1.078526,-2.431663,-0.537235,0.088548,0.701220,-1.159793,1.558759,2.248622,5
3479447283292,-0.105391,-0.222126,1.390624,-2.835265,-37.745977,-6.237470,-0.105383,-0.222175,1.390957,-2.837139,-37.745979,-6.237469,-0.000000,0.012678,-0.080819,0.466080,-0.000000,0.000000,-0.906922,-13.084604,-21.907796,-5.963831,2.564193,-0.016362,-0.503198,0.220931,0.929003,0.737653,1.078165,-2.431026,-0.537235,0.088548,0.701220,-1.159793,1.558759,2.248622,5
3479448283243,-0.105393,-0.222115,1.390542,-2.834797,-37.745982,-6.237471,-0.105383,-0.222175,1.390958,-2.837141,-37.745978,-6.237467,-0.002377,0.011093,-0.082404,0.467978,-0.004746,0.000000,-0.741359,-12.574047,-21.725583,-5.929160,2.538354,-0.016289,-0.503223,0.220902,0.928973,0.738172,1.077806,-2.430388,-0.537235,0.088548,0.701220,-1.159793,1.558759,2.248622,5
3479449283476,-0.105393,-0.222106,1.390459,-2.834331,-37.745981,-6.237472,-0.105383,-0.222175,1.390958,-2.837143,-37.745976,-6.237464,-0.000000,0.009508,-0.083196,0.466080,-0.000000,0.000000,-0.939968,-12.069899,-21.546486,-5.924753,2.524249,-0.016323,-0.503248,0.220873,0.928948,0.738676,1.077443,-2.429762,-0.537235,0.088548,0.701220,-1.159793,1.558759,2.248622,5
3479450283569,-0.105395,-0.222094,1.390378,-2.833872,-37.745980,-6.237472,-0.105382,-0.222174,1.390959,-2.837147,-37.745973,-6.237459,-0.000000,0.011093,-0.080819,0.459435,-0.000000,0.000000,-0.962685,-12.437334,-21.699178,-5.973035,2.555620,-0.016126,-0.503273,0.220845,0.928920,0.739178,1.077086,-2.429142,-0.537235,0.088548,0.701220,-1.159793,1.558759,2.248622,5
3479451283187,-0.105393,-0.222084,1.390302,-2.833411,-37.745981,-6.237471,-0.105382,-0.222174,1.390960,-2.837152,-37.745969,-6.237452,-0.000000,0.010300,-0.076065,0.461333,-0.000000,0.000000,-0.997207,-12.389514,-21.825851,-6.024882,2.583503,-0.016203,-0.503299,0.220815,0.928890,0.739691,1.076732,-2.428507,-0.537235,0.088548,0.701220,-1.159793,1.558759,2.248622,5
3479452283213,-0.105391,-0.222078,1.390236,-2.832959,-37.745979,-6.237472,-0.105382,-0.222173,1.390962,-2.837158,-37.745964,-6.237442,-0.000000,0.006339,-0.068934,0.451841,-0.000000,0.000000,-1.000076,-11.621012,-21.779192,-6.017986,2.584010,-0.015900,-0.503324,0.220785,0.928857,0.740194,1.076387,-2.427886,-0.537235,0.088548,0.701220,-1.159793,1.558759,2.248622,5
3479453306562,-0.105389,-0.222072,1.390164,-2.832502,-37.745976,-6.237472,-0.105381,-0.222172,1.390964,-2.837166,-37.745957,-6.237431,0.002377,0.005546,-0.068142,0.456587,-0.000000,0.000000,-1.220297,-11.397187,-21.753960,-6.058764,2.597307,-0.016170,-0.503348,0.220755,0.928829,0.740692,1.076032,-2.427267,-0.537235,0.088548,0.701220,-1.159793,1.558759,2.248622,5
3479454283411,-0.105385,-0.222065,1.390102,-2.832055,-37.745971,-6.237471,-0.105381,-0.222171,1.390967,-2.837177,-37.745949,-6.237416,0.003962,0.007131,-0.061803,0.447095,0.004746,0.000000,-1.368456,-11.900058,-22.046302,-6.145846,2.653388,-0.015979,-0.503374,0.220725,0.928795,0.741194,1.075690,-2.426647,-0.537235,0.088548,0.701220,-1.159793,1.558759,2.248622,5
3479455283294,-0.105384,-0.222060,1.390042,-2.831607,-37.745968,-6.237470,-0.105380,-0.222170,1.390970,-2.837189,-37.745939,-6.237398,-0.000000,0.004754,-0.060218,0.448044,0.003797,0.000000,-1.075531,-11.270194,-21.908108,-6.107596,2.626758,-0.015817,-0.503398,0.220696,0.928761,0.741696,1.075347,-2.426029,-0.537235,0.088548,0.701220,-1.159793,1.558759,2.248622,5
3479456328044,-0.105380,-0.222057,1.389985,-2.831167,-37.745964,-6.237471,-0.105380,-0.222169,1.390974,-2.837205,-37.745926,-6.237376,0.003962,0.003169,-0.056257,0.440450,0.003797,0.000000,-1.399127,-10.924961,-21.904790,-6.146464,2.648845,-0.015774,-0.503422,0.220666,0.928726,0.742189,1.075012,-2.425420,-0.537235,0.088548,0.701220,-1.159793,1.558759,2.248622,5
3479457313721,-0.105375,-0.222053,1.389933,-2.830730,-37.745956,-6.237472,-0.105379,-0.222167,1.390978,-2.837223,-37.745912,-6.237351,0.005546,0.003962,-0.052295,0.436653,0.007594,0.000000,-1.550295,-11.139927,-22.065053,-6.212363,2.685607,-0.015756,-0.503447,0.220637,0.928690,0.742677,1.074681,-2.424818,-0.537235,0.088548,0.701220,-1.159793,1.558759,2.248622,5
3479458283554,-0.105373,-0.222051,1.389881,-2.830297,-37.745951,-6.237469,-0.105378,-0.222165,1.390983,-2.837243,-37.745895,-6.237321,-0.000000,0.002377,-0.052295,0.432856,0.004746,0.003797,-1.124008,-10.572600,-21.885759,-6.148161,2.647977,-0.015427,-0.503470,0.220609,0.928655,0.743168,1.074349,-2.424215,-0.537235,0.088548,0.701220,-1.159793,1.558759,2.248622,5
3479459283692,-0.105368,-0.222047,1.389831,-2.829830,-37.745950,-6.237472,-0.105377,-0.222162,1.390990,-2.837267,-37.745876,-6.237287,0.003962,-0.000000,-0.045956,0.430008,0.002848,0.000000,-1.459076,-10.165776,-21.949862,-6.208483,2.682161,-0.015499,-0.503499,0.220576,0.928612,0.743703,1.074004,-2.423558,-0.537235,0.088548,0.701220,-1.159793,1.558759,2.248622,5
3479460283635,-0.105367,-0.222045,1.389790,-2.829424,-37.745941,-6.237472,-0.105376,-0.222160,1.390997,-2.837295,-37.745854,-6.237247,-0.000000,-0.000000,-0.041994,0.424313,0.004746,0.000000,-1.162222,-10.132118,-22.027003,-6.211089,2.686968,-0.015144,-0.503521,0.220551,0.928575,0.744164,1.073697,-2.422995,-0.537235,0.088548,0.701220,-1.159793,1.558759,2.248622,5
3479461283296,-0.105362,-0.222045,1.389750,-2.829020,-37.745934,-6.237469,-0.105374,-0.222157,1.391004,-2.837326,-37.745829,-6.237203,0.004754,-0.000000,-0.041994,0.422414,0.008543,0.003797,-1.554473,-9.971737,-21.976046,-6.256644,2.703106,-0.015376,-0.503544,0.220523,0.928539,0.744627,1.073390,-2.422425,-0.537235,0.088548,0.701220,-1.159793,1.558759,2.248622,5
3479462283389,-0.105361,-0.222045,1.389711,-2.828601,-37.745930,-6.237471,-0.105373,-0.222153,1.391013,-2.837361,-37.745801,-6.237154,-0.000000,-0.000000,-0.039617,0.419567,0.004746,0.000000,-1.201847,-9.877827,-22.006869,-6.248095,2.701649,-0.015020,-0.503567,0.220496,0.928499,0.745108,1.073078,-2.421839,-0.537235,0.088548,0.701220,-1.159793,1.558759,2.248622,5
3479463283210,-0.105358,-0.222041,1.389676,-2.828190,-37.745922,-6.237472,-0.105371,-0.222149,1.391023,-2.837400,-37.745769,-6.237098,0.002377,0.003169,-0.034863,0.411023,0.007594,0.000000,-1.413576,-10.639881,-22.335705,-6.353898,2.768072,-0.014911,-0.503593,0.220469,0.928457,0.745585,1.072774,-2.421258,-0.537235,0.088548,0.701220,-1.159793,1.558759,2.248622,5
3479464283374,-0.105355,-0.222044,1.389642,-2.827778,-37.745915,-6.237470,-0.105369,-0.222145,1.391034,-2.837443,-37.745735,-6.237037,0.003169,-0.002377,-0.034071,0.411973,0.006645,0.000000,-1.477506,-9.177350,-21.940446,-6.291777,2.719667,-0.014962,-0.503615,0.220442,0.928417,0.746060,1.072464,-2.420677,-0.537235,0.088548,0.701220,-1.159793,1.558759,2.248622,5
3479465311997,-0.105355,-0.222045,1.389611,-2.827380,-37.745911,-6.237471,-0.105367,-0.222140,1.391046,-2.837490,-37.745696,-6.236969,-0.000000,-0.000000,-0.030901,0.397734,0.004746,0.000000,-1.235163,-9.604967,-22.109065,-6.312145,2.743697,-0.014392,-0.503638,0.220416,0.928376,0.746523,1.072171,-2.420117,-0.537235,0.088548,0.701220,-1.159793,1.558759,2.248622,5
3479466312413,-0.105354,-0.222045,1.389583,-2.826982,-37.745902,-6.237473,-0.105365,-0.222135,1.391059,-2.837543,-37.745654,-6.236894,-0.000000,-0.000000,-0.027732,0.397734,0.008543,-0.002848,-1.256119,-9.544234,-22.174426,-6.350838,2.760699,-0.014373,-0.503661,0.220391,0.928333,0.746983,1.071878,-2.419559,-0.537235,0.088548,0.701220,-1.159793,1.558759,2.248622,5
3479467311696,-0.105352,-0.222047,1.389558,-2.826591,-37.745897,-6.237472,-0.105362,-0.222129,1.391074,-2.837600,-37.745608,-6.236813,0.002377,-0.002377,-0.025355,0.391089,0.004746,0.000000,-1.446215,-8.866033,-22.034835,-6.350258,2.759206,-0.014329,-0.503683,0.220365,0.928290,0.747444,1.071591,-2.419000,-0.537235,0.088548,0.701220,-1.159793,1.558759,2.248622,5
3479468312106,-0.105352,-0.222048,1.389536,-2.826190,-37.745893,-6.237471,-0.105359,-0.222123,1.391090,-2.837662,-37.745558,-6.236724,-0.000000,-0.003962,-0.022186,0.386343,0.005695,0.000000,-1.264594,-8.381084,-21.964757,-6.333084,2.748153,-0.014084,-0.503707,0.220340,0.928243,0.747926,1.071298,-2.418419,-0.537235,0.088548,0.701220,-1.159793,1.558759,2.248622,5
3479469311558,-0.105351,-0.222049,1.389515,-2.825803,-37.745887,-6.237472,-0.105356,-0.222117,1.391107,-2.837730,-37.745503,-6.236627,-0.000000,-0.000000,-0.021393,0.386343,0.005695,0.000000,-1.299553,-9.143950,-22.206011,-6.416485,2.794985,-0.014132,-0.503731,0.220315,0.928198,0.748385,1.071018,-2.417866,-0.537235,0.088548,0.701220,-1.159793,1.558759,2.248622,5
3479470283308,-0.105352,-0.222052,1.389497,-2.825430,-37.745879,-6.237472,-0.105353,-0.222109,1.391125,-2.837803,-37.745444,-6.236523,-0.000000,-0.003169,-0.018224,0.373053,0.007594,0.000000,-1.279250,-8.226726,-21.985706,-6.369720,2.768538,-0.013709,-0.503752,0.220293,0.928155,0.748824,1.070745,-2.417337,-0.537235,0.088548,0.701220,-1.159793,1.558759,2.248622,5
3479471312718,-0.105350,-0.222057,1.389482,-2.825060,-37.745875,-6.237470,-0.105350,-0.222102,1.391145,-2.837882,-37.745380,-6.236410,-0.000000,-0.004754,-0.014262,0.370206,0.004746,0.002848,-1.291735,-7.784974,-21.964888,-6.384248,2.776528,-0.013687,-0.503773,0.220268,0.928110,0.749272,1.070476,-2.416798,-0.537235,0.088548,0.701220,-1.159793,1.558759,2.248622,5
3479472283539,-0.105351,-0.222056,1.389471,-2.824693,-37.745865,-6.237470,-0.105346,-0.222093,1.391167,-2.837967,-37.745312,-6.236289,-0.000000,-0.000000,-0.011093,0.367358,0.009492,0.000000,-1.322176,-8.803249,-22.330875,-6.491835,2.839685,-0.013612,-0.503798,0.220246,0.928061,0.749719,1.070213,-2.416265,-0.537235,0.088548,0.701220,-1.159793,1.558759,2.248622,5
3479473283564,-0.105352,-0.222060,1.389459,-2.824343,-37.745859,-6.237473,-0.105342,-0.222084,1.391190,-2.838058,-37.745239,-6.236160,-0.000000,-0.000000,-0.011093,0.366409,0.010442,-0.002848,-1.332697,-8.545494,-22.247925,-6.497779,2.836039,-0.013550,-0.503818,0.220225,0.928018,0.750133,1.069963,-2.415768,-0.537235,0.088548,0.701220,-1.159793,1.558759,2.248622,5
3479474314664,-0.105353,-0.222062,1.389452,-2.823971,-37.745856,-6.237471,-0.105338,-0.222074,1.391214,-2.838156,-37.745160,-6.236021,-0.000000,-0.000000,-0.007923,0.357866,0.005695,0.000000,-1.337292,-8.405969,-22.277812,-6.517954,2.852879,-0.013359,-0.503842,0.220202,0.927966,0.750600,1.069700,-2.415214,-0.537235,0.088548,0.701220,-1.159793,1.558759,2.248622,5
3479475313112,-0.105354,-0.222064,1.389446,-2.823636,-37.745851,-6.237470,-0.105333,-0.222064,1.391241,-2.838260,-37.745076,-6.235872,-0.000000,-0.003169,-0.007923,0.346475,0.006645,0.002848,-1.313132,-7.325144,-21.925354,-6.445969,2.807184,-0.013030,-0.503863,0.220181,0.927920,0.751013,1.069462,-2.414723,-0.537235,0.088548,0.701220,-1.159793,1.558759,2.248622,5
3479476314347,-0.105354,-0.222067,1.389444,-2.823293,-37.745846,-6.237472,-0.105328,-0.222053,1.391269,-2.838371,-37.744987,-6.235714,-0.000000,-0.003169,0.000000,0.343627,0.004746,0.000000,-1.334101,-7.412522,-22.167141,-6.520302,2.855405,-0.012947,-0.503886,0.220160,0.927871,0.751439,1.069223,-2.414216,-0.537235,0.088548,0.701220,-1.159793,1.558759,2.248622,5
3479477283241,-0.105354,-0.222067,1.389443,-2.822937,-37.745840,-6.237471,-0.105323,-0.222041,1.391299,-2.838488,-37.744892,-6.235547,-0.000000,-0.003962,0.000000,0.341728,0.004746,0.000000,-1.339444,-6.947428,-22.022837,-6.511559,2.843160,-0.012907,-0.503911,0.220138,0.927818,0.751888,1.068975,-2.413684,-0.537235,0.088548,0.701220,-1.159793,1.558759,2.248622,5
3479478283320,-0.105354,-0.222067,1.389444,-2.822606,-37.745834,-6.237470,-0.105317,-0.222029,1.391330,-2.838613,-37.744791,-6.235368,-0.000000,-0.000000,0.000000,0.330337,0.006645,0.000000,-1.343776,-7.550890,-22.155075,-6.555916,2.872078,-0.012587,-0.503935,0.220118,0.927767,0.752308,1.068745,-2.413188,-0.537235,0.088548,0.701220,-1.159793,1.558759,2.248622,5
3479479311787,-0.105354,-0.222066,1.389449,-2.822279,-37.745828,-6.237472,-0.105311,-0.222016,1.391364,-2.838746,-37.744685,-6.235180,-0.000000,-0.000000,0.005546,0.327490,0.005695,0.000000,-1.358704,-7.516072,-22.291184,-6.607862,2.903687,-0.012541,-0.503960,0.220098,0.927714,0.752729,1.068524,-2.412693,-0.537235,0.088548,0.701220,-1.159793,1.558759,2.248622,5
3479480283450,-0.105356,-0.222066,1.389452,-2.821968,-37.745829,-6.237472,-0.105305,-0.222002,1.391399,-2.838886,-37.744572,-6.234980,-0.000000,-0.000000,0.002377,0.326540,-0.000000,0.000000,-1.364537,-7.091720,-22.078184,-6.586992,2.884703,-0.012519,-0.503984,0.220079,0.927663,0.753133,1.068315,-2.412218,-0.537235,0.088548,0.701220,-1.159793,1.558759,2.248622,5
3479481314254,-0.105353,-0.222066,1.389463,-2.821655,-37.745821,-6.237470,-0.105299,-0.221987,1.391437,-2.839034,-37.744453,-6.234770,0.003169,-0.000000,0.010300,0.313251,0.007594,0.000000,-1.607802,-7.087768,-22.249538,-6.655496,2.928003,-0.012297,-0.504008,0.220058,0.927610,0.753543,1.068101,-2.411734,-0.537235,0.088548,0.701220,-1.159793,1.558759,2.248622,5
3479482283817,-0.105355,-0.222065,1.389468,-2.821334,-37.745817,-6.237472,-0.105292,-0.221972,1.391476,-2.839189,-37.744327,-6.234548,-0.000000,-0.000000,0.006339,0.306606,0.003797,0.000000,-1.348714,-6.561112,-21.958607,-6.586022,2.883810,-0.011941,-0.504032,0.220039,0.927558,0.753955,1.067885,-2.411252,-0.537235,0.088548,0.701220,-1.159793,1.558759,2.248622,5
3479483314112,-0.105357,-0.222064,1.389478,-2.821035,-37.745815,-6.237469,-0.105284,-0.221956,1.391517,-2.839353,-37.744195,-6.234314,-0.000000,0.002377,0.009508,0.309454,0.003797,0.000000,-1.376496,-6.981894,-22.170864,-6.666670,2.927301,-0.012085,-0.504056,0.220022,0.927505,0.754354,1.067684,-2.410785,-0.537235,0.088548,0.701220,-1.159793,1.558759,2.248622,5
3479484283335,-0.105357,-0.222061,1.389490,-2.820726,-37.745813,-6.237472,-0.105277,-0.221939,1.391561,-2.839526,-37.744056,-6.234068,-0.000000,0.003169,0.012678,0.299962,-0.000000,-0.002848,-1.376662,-6.967642,-22.227273,-6.693819,2.948461,-0.011782,-0.504083,0.220003,0.927448,0.754767,1.067485,-2.410305,-0.537235,0.088548,0.701220,-1.159793,1.558759,2.248622,5
3479485312467,-0.105358,-0.222063,1.389501,-2.820442,-37.745810,-6.237469,-0.105269,-0.221921,1.391607,-2.839707,-37.743911,-6.233811,-0.000000,-0.000000,0.012678,0.296165,0.002848,0.000000,-1.360363,-5.856062,-21.879824,-6.635509,2.903670,-0.011705,-0.504104,0.219986,0.927399,0.755144,1.067292,-2.409864,-0.537235,0.088548,0.701220,-1.159793,1.558759,2.248622,5
3479486283165,-0.105357,-0.222060,1.389512,-2.820138,-37.745806,-6.237472,-0.105260,-0.221902,1.391655,-2.839896,-37.743758,-6.233540,-0.000000,-0.000000,0.010300,0.288571,0.003797,0.000000,-1.348762,-5.377276,-21.639350,-6.600317,2.876588,-0.011482,-0.504130,0.219967,0.927344,0.755544,1.067093,-2.409396,-0.537235,0.088548,0.701220,-1.159793,1.558759,2.248622,5
3479487313443,-0.105357,-0.222059,1.389527,-2.819872,-37.745805,-6.237470,-0.105251,-0.221882,1.391705,-2.840095,-37.743598,-6.233257,-0.000000,-0.000000,0.016639,0.276230,-0.000000,0.000000,-1.343718,-5.276951,-21.749639,-6.634046,2.906121,-0.011134,-0.504154,0.219950,0.927293,0.755911,1.066921,-2.408969,-0.537235,0.088548,0.701220,-1.159793,1.558759,2.248622,5
3479488314994,-0.105356,-0.222057,1.389539,-2.819580,-37.745805,-6.237471,-0.105242,-0.221862,1.391758,-2.840303,-37.743430,-6.232961,0.002377,-0.000000,0.014262,0.280027,-0.000000,0.000000,-1.541548,-4.858949,-21.563535,-6.645570,2.897791,-0.011395,-0.504178,0.219931,0.927239,0.756301,1.066730,-2.408511,-0.537235,0.088548,0.701220,-1.159793,1.558759,2.248622,5
3479489283290,-0.105355,-0.222053,1.389550,-2.819318,-37.745803,-6.237472,-0.105232,-0.221840,1.391813,-2.840520,-37.743255,-6.232651,-0.000000,0.002377,0.012678,0.272433,-0.000000,0.000000,-1.351873,-4.950400,-21.504492,-6.635423,2.890648,-0.011071,-0.504202,0.219915,0.927190,0.756654,1.066560,-2.408100,-0.537235,0.088548,0.701220,-1.159793,1.558759,2.248622,5
3479490312074,-0.105357,-0.222052,1.389565,-2.819040,-37.745803,-6.237471,-0.105222,-0.221818,1.391870,-2.840747,-37.743072,-6.232328,-0.000000,0.002377,0.012678,0.268636,-0.000000,0.000000,-1.347891,-4.572218,-21.370323,-6.629226,2.880994,-0.010981,-0.504226,0.219898,0.927137,0.757035,1.066380,-2.407659,-0.537235,0.088548,0.701220,-1.159793,1.558759,2.248622,5
3479491314550,-0.105355,-0.222050,1.389579,-2.818781,-37.745804,-6.237472,-0.105212,-0.221794,1.391930,-2.840984,-37.742882,-6.231991,-0.000000,-0.000000,0.014262,0.259144,-0.000000,0.000000,-1.326810,-3.660765,-21.108587,-6.583781,2.851471,-0.010695,-0.504249,0.219881,0.927086,0.757387,1.066215,-2.407247,-0.537235,0.088548,0.701220,-1.159793,1.558759,2.248622,5
3479492315237,-0.105356,-0.222048,1.389593,-2.818534,-37.745806,-6.237471,-0.105201,-0.221770,1.391992,-2.841230,-37.742683,-6.231640,-0.000000,-0.000000,0.015847,0.257246,-0.004746,0.000000,-1.331459,-3.361168,-21.052777,-6.597623,2.857095,-0.010671,-0.504271,0.219866,0.927038,0.757730,1.066057,-2.406850,-0.537235,0.088548,0.701220,-1.159793,1.558759,2.248622,5
3479493315211,-0.105356,-0.222042,1.389607,-2.818274,-37.745806,-6.237470,-0.105189,-0.221744,1.392057,-2.841487,-37.742476,-6.231274,-0.000000,0.003169,0.013470,0.248702,-0.000000,0.000000,-1.323336,-3.575352,-20.996365,-6.606593,2.856712,-0.010439,-0.504297,0.219850,0.926985,0.758092,1.065891,-2.406431,-0.537235,0.088548,0.701220,-1.159793,1.558759,2.248622,5
3479494312983,-0.105355,-0.222038,1.389623,-2.818027,-37.745804,-6.237472,-0.105178,-0.221718,1.392125,-2.841754,-37.742261,-6.230893,-0.000000,0.003962,0.016639,0.246804,-0.000000,0.000000,-1.330636,-3.515612,-21.045904,-6.644855,2.875856,-0.010430,-0.504320,0.219835,0.926935,0.758432,1.065736,-2.406037,-0.537235,0.088548,0.701220,-1.159793,1.558759,2.248622,5
3479495283668,-0.105354,-0.222036,1.389638,-2.817796,-37.745807,-6.237471,-0.105165,-0.221690,1.392195,-2.842031,-37.742038,-6.230498,-0.000000,0.002377,0.014262,0.230667,-0.002848,0.000000,-1.292072,-2.550410,-20.636229,-6.559591,2.825354,-0.009920,-0.504342,0.219820,0.926888,0.758754,1.065590,-2.405662,-0.537235,0.088548,0.701220,-1.159793,1.558759,2.248622,5
3479496284939,-0.105355,-0.222033,1.389654,-2.817564,-37.745806,-6.237471,-0.105152,-0.221662,1.392268,-2.842320,-37.741806,-6.230087,-0.000000,0.003169,0.016639,0.232565,-0.000000,0.000000,-1.300958,-2.448842,-20.655328,-6.596850,2.838434,-0.010028,-0.504364,0.219806,0.926840,0.759078,1.065443,-2.405289,-0.537235,0.088548,0.701220,-1.159793,1.558759,2.248622,5
3479497320863,-0.105356,-0.222025,1.389672,-2.817339,-37.745807,-6.237470,-0.105139,-0.221632,1.392344,-2.842619,-37.741565,-6.229661,-0.000000,0.007131,0.018224,0.224971,-0.000000,0.000000,-1.304216,-3.022295,-20.822836,-6.657461,2.875767,-0.009850,-0.504388,0.219793,0.926790,0.759404,1.065306,-2.404915,-0.537235,0.088548,0.701220,-1.159793,1.558759,2.248622,5
3479498283447,-0.105355,-0.222021,1.389688,-2.817125,-37.745808,-6.237472,-0.105125,-0.221602,1.392422,-2.842929,-37.741315,-6.229219,-0.000000,0.006339,0.018224,0.223073,-0.000000,0.000000,-1.297184,-2.407579,-20.616691,-6.638594,2.855940,-0.009816,-0.504410,0.219779,0.926744,0.759705,1.065175,-2.404568,-0.537235,0.088548,0.701220,-1.159793,1.558759,2.248622,5
3479499284512,-0.105353,-0.222014,1.389706,-2.816912,-37.745807,-6.237472,-0.105111,-0.221570,1.392504,-2.843250,-37.741056,-6.228761,-0.000000,0.007131,0.017432,0.213580,-0.000000,0.000000,-1.280384,-2.090103,-20.450869,-6.620102,2.842044,-0.009547,-0.504434,0.219765,0.926697,0.760012,1.065044,-2.404215,-0.537235,0.088548,0.701220,-1.159793,1.558759,2.248622,5
3479500312068,-0.105355,-0.222006,1.389723,-2.816693,-37.745809,-6.237471,-0.105096,-0.221537,1.392588,-2.843583,-37.740788,-6.228287,-0.000000,0.007923,0.017432,0.209783,-0.000000,0.000000,-1.273436,-1.832614,-20.340967,-6.622084,2.837078,-0.009468,-0.504457,0.219753,0.926648,0.760329,1.064911,-2.403852,-0.537235,0.088548,0.701220,-1.159793,1.558759,2.248622,5
3479501312302,-0.105356,-0.221999,1.389742,-2.816499,-37.745807,-6.237470,-0.105081,-0.221503,1.392675,-2.843927,-37.740510,-6.227796,-0.000000,0.007923,0.019016,0.202189,-0.000000,0.000000,-1.257557,-1.431816,-20.222361,-6.615440,2.830570,-0.009263,-0.504480,0.219742,0.926602,0.760615,1.064793,-2.403527,-0.537235,0.088548,0.701220,-1.159793,1.558759,2.248622,5
3479502317585,-0.105355,-0.221992,1.389761,-2.816298,-37.745807,-6.237472,-0.105065,-0.221467,1.392765,-2.844284,-37.740223,-6.227288,-0.000000,0.006339,0.019016,0.201240,-0.000000,0.000000,-1.247000,-0.606305,-19.954758,-6.584344,2.801681,-0.009260,-0.504502,0.219729,0.926555,0.760905,1.064673,-2.403194,-0.537235,0.088548,0.701220,-1.159793,1.558759,2.248622,5
3479503314742,-0.105357,-0.221984,1.389779,-2.816096,-37.745807,-6.237472,-0.105049,-0.221431,1.392858,-2.844652,-37.739926,-6.226763,-0.000000,0.006339,0.018224,0.195545,-0.000000,0.000000,-1.229830,-0.092381,-19.739325,-6.560099,2.780612,-0.009113,-0.504525,0.219718,0.926508,0.761200,1.064553,-2.402858,-0.537235,0.088548,0.701220,-1.159793,1.558759,2.248622,5
3479504312743,-0.105355,-0.221976,1.389798,-2.815910,-37.745805,-6.237472,-0.105032,-0.221393,1.392955,-2.845032,-37.739620,-6.226221,-0.000000,0.007131,0.017432,0.186052,-0.000000,0.000000,-1.209701,0.266681,-19.556053,-6.538716,2.764487,-0.008847,-0.504547,0.219706,0.926465,0.761472,1.064440,-2.402547,-0.537235,0.088548,0.701220,-1.159793,1.558759,2.248622,5
3479505312276,-0.105353,-0.221966,1.389820,-2.815724,-37.745804,-6.237472,-0.105014,-0.221354,1.393054,-2.845425,-37.739303,-6.225661,-0.000000,0.010300,0.019809,0.186052,0.003797,0.000000,-1.220199,-0.128930,-19.703171,-6.606320,2.797567,-0.008919,-0.504571,0.219695,0.926417,0.761755,1.064333,-2.402225,-0.537235,0.088548,0.701220,-1.159793,1.558759,2.248622,5
3479506283351,-0.105354,-0.221957,1.389839,-2.815545,-37.745807,-6.237471,-0.104996,-0.221314,1.393157,-2.845831,-37.738977,-6.225084,-0.000000,0.008716,0.019016,0.179407,-0.002848,0.000000,-1.198211,0.774574,-19.380033,-6.555843,2.764223,-0.008735,-0.504594,0.219684,0.926372,0.762028,1.064230,-2.401915,-0.537235,0.088548,0.701220,-1.159793,1.558759,2.248622,5
3479507283590,-0.105353,-0.221945,1.389859,-2.815370,-37.745807,-6.237472,-0.104978,-0.221273,1.393262,-2.846249,-37.738640,-6.224488,-0.000000,0.011885,0.019809,0.174661,-0.000000,0.000000,-1.195400,0.489822,-19.434475,-6.596841,2.783533,-0.008648,-0.504618,0.219674,0.926326,0.762296,1.064131,-2.401612,-0.537235,0.088548,0.701220,-1.159793,1.558759,2.248622,5
3479508283738,-0.105353,-0.221939,1.389882,-2.815199,-37.745805,-6.237470,-0.104959,-0.221230,1.393371,-2.846680,-37.738293,-6.223874,-0.000000,0.006339,0.022978,0.170864,-0.000000,0.000000,-1.163461,2.176482,-18.994358,-6.519372,2.728232,-0.008544,-0.504638,0.219664,0.926282,0.762556,1.064030,-2.401318,-0.537235,0.088548,0.701220,-1.159793,1.558759,2.248622,5
3479509312228,-0.105353,-0.221930,1.389901,-2.815044,-37.745807,-6.237472,-0.104939,-0.221186,1.393484,-2.847124,-37.737935,-6.223241,-0.000000,0.010300,0.021393,0.165169,-0.000000,0.000000,-1.158118,1.833541,-18.997254,-6.549335,2.741554,-0.008421,-0.504660,0.219655,0.926240,0.762795,1.063946,-2.401048,-0.537235,0.088548,0.701220,-1.159793,1.558759,2.248622,5
3479510283691,-0.105354,-0.221919,1.389925,-2.814887,-37.745805,-6.237470,-0.104919,-0.221141,1.393600,-2.847581,-37.737567,-6.222590,-0.000000,0.011093,0.023770,0.156626,-0.000000,0.002848,-1.139214,2.080575,-18.934365,-6.556386,2.744403,-0.008250,-0.504682,0.219646,0.926196,0.763047,1.063858,-2.400767,-0.537235,0.088548,0.701220,-1.159793,1.558759,2.248622,5
3479511312091,-0.105353,-0.221907,1.389947,-2.814735,-37.745805,-6.237471,-0.104898,-0.221094,1.393719,-2.848051,-37.737188,-6.221919,-0.000000,0.011093,0.021393,0.151879,-0.000000,0.000000,-1.117977,2.723325,-18.630953,-6.516081,2.710738,-0.008087,-0.504704,0.219637,0.926153,0.763287,1.063775,-2.400497,-0.537235,0.088548,0.701220,-1.159793,1.558759,2.248622,5
3479512312663,-0.105353,-0.221894,1.389970,-2.814577,-37.745809,-6.237472,-0.104876,-0.221046,1.393841,-2.848536,-37.736798,-6.221229,-0.000000,0.012678,0.024563,0.149032,-0.005695,0.000000,-1.119254,2.709893,-18.689983,-6.559857,2.736479,-0.008072,-0.504729,0.219628,0.926106,0.763546,1.063694,-2.400208,-0.537235,0.088548,0.701220,-1.159793,1.558759,2.248622,5
3479513312064,-0.105354,-0.221883,1.389993,-2.814443,-37.745803,-6.237470,-0.104854,-0.220997,1.393967,-2.849033,-37.736397,-6.220520,-0.000000,0.012678,0.022978,0.142387,0.002848,0.000000,-1.085937,3.366747,-18.383306,-6.515863,2.697003,-0.007891,-0.504749,0.219621,0.926066,0.763761,1.063618,-2.399969,-0.537235,0.088548,0.701220,-1.159793,1.558759,2.248622,5
3479514315237,-0.105355,-0.221870,1.390015,-2.814294,-37.745805,-6.237469,-0.104831,-0.220946,1.394097,-2.849545,-37.735984,-6.219790,-0.000000,0.011885,0.020601,0.141438,-0.000000,0.000000,-1.068669,4.190443,-18.040599,-6.472264,2.659505,-0.007898,-0.504772,0.219613,0.926022,0.764005,1.063539,-2.399697,-0.537235,0.088548,0.701220,-1.159793,1.558759,2.248622,5
3479515283569,-0.105354,-0.221854,1.390039,-2.814164,-37.745806,-6.237471,-0.104808,-0.220894,1.394230,-2.850071,-37.735560,-6.219041,-0.000000,0.015847,0.024563,0.130047,-0.000000,0.000000,-1.057213,3.657925,-18.234312,-6.536423,2.702277,-0.007623,-0.504797,0.219606,0.925978,0.764230,1.063479,-2.399450,-0.537235,0.088548,0.701220,-1.159793,1.558759,2.248622,5
3479516283488,-0.105357,-0.221840,1.390065,-2.814039,-37.745804,-6.237471,-0.104784,-0.220840,1.394367,-2.850612,-37.735125,-6.218271,-0.002377,0.014262,0.025355,0.124351,-0.000000,0.000000,-0.839192,4.583880,-17.928503,-6.474377,2.659310,-0.007365,-0.504819,0.219601,0.925936,0.764444,1.063418,-2.399216,-0.537235,0.088548,0.701220,-1.159793,1.558759,2.248622,5
3479517283517,-0.105355,-0.221823,1.390090,-2.813918,-37.745803,-6.237472,-0.104759,-0.220785,1.394507,-2.851166,-37.734678,-6.217480,-0.000000,0.017432,0.025355,0.121503,-0.000000,0.000000,-1.022754,4.375375,-17.942125,-6.529668,2.684273,-0.007460,-0.504843,0.219594,0.925892,0.764659,1.063363,-2.398981,-0.537235,0.088548,0.701220,-1.159793,1.558759,2.248622,5
3479518283267,-0.105353,-0.221807,1.390115,-2.813802,-37.745804,-6.237472,-0.104734,-0.220729,1.394651,-2.851736,-37.734220,-6.216669,-0.000000,0.015847,0.027732,0.121503,-0.000000,0.000000,-1.008309,5.197715,-17.729537,-6.515033,2.665414,-0.007512,-0.504867,0.219587,0.925850,0.764870,1.063310,-2.398749,-0.537235,0.088548,0.701220,-1.159793,1.558759,2.248622,5
3479519283537,-0.105353,-0.221789,1.390141,-2.813689,-37.745804,-6.237472,-0.104708,-0.220671,1.394799,-2.852320,-37.733749,-6.215837,-0.000000,0.018224,0.025355,0.112960,-0.000000,0.000000,-0.983226,5.346557,-17.549582,-6.501085,2.651329,-0.007296,-0.504891,0.219581,0.925807,0.765078,1.063261,-2.398522,-0.537235,0.088548,0.701220,-1.159793,1.558759,2.248622,5
3479520283280,-0.105354,-0.221770,1.390168,-2.813580,-37.745804,-6.237471,-0.104681,-0.220612,1.394950,-2.852919,-37.733266,-6.214983,-0.000000,0.018224,0.026940,0.109163,-0.000000,0.000000,-0.963121,5.860429,-17.390516,-6.495138,2.640636,-0.007235,-0.504915,0.219576,0.925764,0.765286,1.063215,-2.398298,-0.537235,0.088548,0.701220,-1.159793,1.558759,2.248622,5
3479521283362,-0.105355,-0.221748,1.390195,-2.813475,-37.745803,-6.237471,-0.104654,-0.220551,1.395106,-2.853533,-37.732772,-6.214108,-0.000000,0.022186,0.027732,0.105366,-0.000000,0.000000,-0.957275,5.467631,-17.469792,-6.546931,2.666862,-0.007198,-0.504942,0.219572,0.925719,0.765494,1.063174,-2.398077,-0.537235,0.088548,0.701220,-1.159793,1.558759,2.248622,5
3479522283086,-0.105354,-0.221730,1.390224,-2.813374,-37.745800,-6.237470,-0.104626,-0.220488,1.395265,-2.854162,-37.732264,-6.213211,-0.000000,0.018224,0.028524,0.100620,0.002848,0.000000,-0.915675,6.989454,-16.987682,-6.464243,2.604768,-0.007078,-0.504966,0.219567,0.925676,0.765689,1.063133,-2.397866,-0.537235,0.088548,0.701220,-1.159793,1.558759,2.248622,5
3479523283152,-0.105356,-0.221707,1.390253,-2.813275,-37.745801,-6.237471,-0.104598,-0.220425,1.395428,-2.854807,-37.731745,-6.212292,-0.000000,0.022978,0.029317,0.098722,-0.000000,0.000000,-0.917306,6.405162,-17.130758,-6.534325,2.642892,-0.007113,-0.504993,0.219563,0.925631,0.765893,1.063101,-2.397650,-0.537235,0.088548,0.701220,-1.159793,1.558759,2.248622,5
3479524312742,-0.105357,-0.221683,1.390285,-2.813186,-37.745802,-6.237472,-0.104568,-0.220359,1.395595,-2.855468,-37.731213,-6.211351,-0.000000,0.023770,0.031694,0.089229,-0.000000,0.000000,-0.887347,6.745244,-17.024521,-6.533498,2.640358,-0.006880,-0.505020,0.219560,0.925584,0.766091,1.063077,-2.397444,-0.537235,0.088548,0.701220,-1.159793,1.558759,2.248622,5
3479525310186,-0.105355,-0.221661,1.390313,-2.813099,-37.745804,-6.237470,-0.104538,-0.220292,1.395767,-2.856144,-37.730668,-6.210387,-0.000000,0.022186,0.027732,0.087331,-0.000000,0.000000,-0.854922,7.914367,-16.518026,-6.454236,2.577029,-0.006854,-0.505046,0.219556,0.925541,0.766282,1.063050,-2.397240,-0.537235,0.088548,0.701220,-1.159793,1.558759,2.248622,5
3479526327171,-0.105356,-0.221632,1.390345,-2.813017,-37.745802,-6.237471,-0.104507,-0.220224,1.395942,-2.856836,-37.730110,-6.209401,-0.000000,0.029317,0.032486,0.081635,-0.000000,0.000000,-0.860781,6.621522,-16.960240,-6.587485,2.659444,-0.006800,-0.505076,0.219553,0.925493,0.766476,1.063033,-2.397040,-0.537235,0.088548,0.701220,-1.159793,1.558759,2.248622,5
3479527315738,-0.105355,-0.221607,1.390379,-2.812937,-37.745801,-6.237469,-0.104476,-0.220153,1.396121,-2.857544,-37.729540,-6.208392,-0.000000,0.025355,0.034071,0.076889,-0.000000,0.002848,-0.819591,8.125491,-16.506571,-6.512274,2.603957,-0.006736,-0.505103,0.219550,0.925447,0.766667,1.063015,-2.396841,-0.537235,0.088548,0.701220,-1.159793,1.558759,2.248622,5
3479528283720,-0.105355,-0.221579,1.390418,-2.812863,-37.745801,-6.237472,-0.104444,-0.220082,1.396304,-2.858269,-37.728956,-6.207359,-0.000000,0.026147,0.038825,0.074041,-0.000000,-0.002848,-0.805093,8.342342,-16.520806,-6.548091,2.620724,-0.006644,-0.505133,0.219548,0.925397,0.766859,1.063010,-2.396645,-0.537235,0.088548,0.701220,-1.159793,1.558759,2.248622,5
3479529313550,-0.105356,-0.221545,1.390450,-2.812793,-37.745801,-6.237472,-0.104411,-0.220008,1.396492,-2.859010,-37.728359,-6.206304,-0.000000,0.030109,0.033279,0.066447,-0.000000,0.000000,-0.776622,8.302370,-16.297951,-6.530999,2.601191,-0.006515,-0.505165,0.219547,0.925348,0.767048,1.063004,-2.396453,-0.537235,0.088548,0.701220,-1.159793,1.558759,2.248622,5
3479530314753,-0.105354,-0.221517,1.390484,-2.812729,-37.745803,-6.237469,-0.104377,-0.219933,1.396684,-2.859767,-37.727749,-6.205224,-0.000000,0.030901,0.034071,0.066447,-0.000000,0.000000,-0.761778,8.704006,-16.150371,-6.536706,2.593640,-0.006592,-0.505194,0.219544,0.925301,0.767230,1.063001,-2.396266,-0.537235,0.088548,0.701220,-1.159793,1.558759,2.248622,5
3479531313040,-0.105354,-0.221486,1.390517,-2.812671,-37.745800,-6.237471,-0.104343,-0.219856,1.396879,-2.860541,-37.727125,-6.204121,-0.000000,0.031694,0.034071,0.059802,-0.000000,0.000000,-0.729956,9.182424,-15.936987,-6.518555,2.575556,-0.006450,-0.505224,0.219543,0.925256,0.767396,1.063003,-2.396100,-0.537235,0.088548,0.701220,-1.159793,1.558759,2.248622,5
3479532312851,-0.105355,-0.221451,1.390555,-2.812615,-37.745802,-6.237471,-0.104308,-0.219778,1.397080,-2.861332,-37.726488,-6.202994,-0.000000,0.032486,0.034863,0.055056,-0.000000,0.000000,-0.702331,9.610869,-15.766586,-6.512733,2.564289,-0.006376,-0.505257,0.219543,0.925205,0.767582,1.063013,-2.395915,-0.537235,0.088548,0.701220,-1.159793,1.558759,2.248622,5
3479533312011,-0.105354,-0.221417,1.390590,-2.812565,-37.745802,-6.237472,-0.104272,-0.219698,1.397284,-2.862140,-37.725837,-6.201842,-0.000000,0.034071,0.034863,0.049361,-0.000000,0.000000,-0.675031,9.905280,-15.607298,-6.509390,2.554866,-0.006274,-0.505288,0.219542,0.925157,0.767748,1.063025,-2.395751,-0.537235,0.088548,0.701220,-1.159793,1.558759,2.248622,5
3479534312193,-0.105354,-0.221380,1.390626,-2.812517,-37.745802,-6.237468,-0.104235,-0.219616,1.397493,-2.862966,-37.725172,-6.200666,-0.000000,0.037240,0.035656,0.048412,-0.000000,0.004746,-0.664098,9.761479,-15.610154,-6.550742,2.570803,-0.006417,-0.505321,0.219542,0.925108,0.767927,1.063036,-2.395574,-0.537235,0.088548,0.701220,-1.159793,1.558759,2.248622,5
3479535314354,-0.105353,-0.221339,1.390664,-2.812473,-37.745800,-6.237471,-0.104197,-0.219533,1.397706,-2.863808,-37.724493,-6.199465,-0.000000,0.040410,0.038033,0.043665,-0.000000,-0.002848,-0.647621,9.565982,-15.661516,-6.597095,2.594018,-0.006250,-0.505357,0.219543,0.925057,0.768097,1.063058,-2.395409,-0.537235,0.088548,0.701220,-1.159793,1.558759,2.248622,5
3479536315212,-0.105356,-0.221299,1.390702,-2.812434,-37.745800,-6.237471,-0.104159,-0.219448,1.397924,-2.864669,-37.723800,-6.198239,-0.002377,0.040410,0.038033,0.038919,-0.000000,0.000000,-0.423971,10.254828,-15.385130,-6.549803,2.557637,-0.006102,-0.505391,0.219545,0.925006,0.768267,1.063083,-2.395248,-0.537235,0.088548,0.701220,-1.159793,1.558759,2.248622,5
3479537315056,-0.105355,-0.221256,1.390742,-2.812399,-37.745800,-6.237471,-0.104120,-0.219361,1.398146,-2.865546,-37.723093,-6.196989,-0.000000,0.042787,0.040410,0.035122,-0.000000,0.000000,-0.592701,10.241110,-15.388623,-6.604850,2.582857,-0.006198,-0.505428,0.219546,0.924953,0.768439,1.063114,-2.395083,-0.537235,0.088548,0.701220,-1.159793,1.558759,2.248622,5
3479538316383,-0.105356,-0.221215,1.390783,-2.812366,-37.745803,-6.237471,-0.104080,-0.219272,1.398373,-2.866442,-37.722371,-6.195712,-0.000000,0.041202,0.041202,0.033224,-0.002848,0.000000,-0.559804,11.248786,-15.058015,-6.566589,2.549404,-0.006209,-0.505464,0.219547,0.924899,0.768612,1.063147,-2.394919,-0.537235,0.088548,0.701220,-1.159793,1.558759,2.248622,5
3479539283502,-0.105354,-0.221167,1.390827,-2.812338,-37.745803,-6.237470,-0.104040,-0.219181,1.398604,-2.867356,-37.721635,-6.194410,-0.000000,0.047541,0.043579,0.027528,-0.000000,0.000000,-0.549888,10.329442,-15.307792,-6.660196,2.601880,-0.006159,-0.505504,0.219548,0.924843,0.768788,1.063187,-2.394752,-0.537235,0.088548,0.701220,-1.159793,1.558759,2.248622,5
3479540315902,-0.105354,-0.221118,1.390871,-2.812316,-37.745802,-6.237472,-0.103998,-0.219089,1.398840,-2.868287,-37.720885,-6.193083,-0.000000,0.049125,0.043579,0.022782,-0.000000,0.000000,-0.519608,10.641787,-15.140448,-6.658232,2.591933,-0.006099,-0.505544,0.219551,0.924786,0.768957,1.063233,-2.394597,-0.537235,0.088548,0.701220,-1.159793,1.558759,2.248622,5
3479541314027,-0.105354,-0.221068,1.390917,-2.812297,-37.745800,-6.237472,-0.103956,-0.218995,1.399080,-2.869237,-37.720119,-6.191729,-0.000000,0.049918,0.046748,0.018985,-0.000000,0.000000,-0.492298,10.997211,-15.053710,-6.674085,2.594414,-0.006078,-0.505585,0.219554,0.924729,0.769126,1.063283,-2.394442,-0.537235,0.088548,0.701220,-1.159793,1.558759,2.248622,5
3479542315423,-0.105354,-0.221021,1.390962,-2.812282,-37.745803,-6.237471,-0.103913,-0.218899,1.399325,-2.870206,-37.719339,-6.190349,-0.002377,0.049918,0.045164,0.016137,-0.000000,0.000000,-0.268017,11.782955,-14.704615,-6.615460,2.547722,-0.005950,-0.505624,0.219557,0.924673,0.769293,1.063334,-2.394290,-0.537235,0.088548,0.701220,-1.159793,1.558759,2.248622,5
3479543283284,-0.105353,-0.220965,1.391013,-2.812269,-37.745802,-6.237471,-0.103869,-0.218801,1.399575,-2.871193,-37.718544,-6.188943,-0.000000,0.053879,0.048333,0.012340,-0.000000,0.000000,-0.440672,11.373289,-14.841137,-6.703185,2.594034,-0.006071,-0.505670,0.219561,0.924609,0.769475,1.063395,-2.394124,-0.537235,0.088548,0.701220,-1.159793,1.558759,2.248622,5
3479544312254,-0.105353,-0.220910,1.391061,-2.812265,-37.745802,-6.237471,-0.103825,-0.218701,1.399829,-2.872198,-37.717734,-6.187510,-0.000000,0.054672,0.048333,0.003797,-0.000000,0.000000,-0.397092,11.915996,-14.592914,-6.677964,2.571792,-0.005888,-0.505713,0.219564,0.924550,0.769640,1.063460,-2.393978,-0.537235,0.088548,0.701220,-1.159793,1.558759,2.248622,5
3479545310944,-0.105356,-0.220850,1.391112,-2.812260,-37.745802,-6.237470,-0.103779,-0.218600,1.400089,-2.873223,-37.716908,-6.186050,-0.003169,0.059426,0.050710,0.004746,-0.000000,0.000000,-0.139077,11.369209,-14.749516,-6.735828,2.600322,-0.005898,-0.505759,0.219571,0.924486,0.769817,1.063529,-2.393824,-0.537235,0.088548,0.701220,-1.159793,1.558759,2.248622,5
3479546314998,-0.105353,-0.220797,1.391161,-2.812263,-37.745803,-6.237470,-0.103733,-0.218497,1.400353,-2.874266,-37.716068,-6.184563,-0.000000,0.057049,0.051502,-0.000000,-0.000000,0.000000,-0.342093,12.613144,-14.335077,-6.700398,2.565058,-0.005976,-0.505801,0.219574,0.924428,0.769972,1.063598,-2.393687,-0.537235,0.088548,0.701220,-1.159793,1.558759,2.248622,5
3479547318539,-0.105353,-0.220731,1.391214,-2.812267,-37.745802,-6.237472,-0.103685,-0.218391,1.400622,-2.875329,-37.715212,-6.183049,-0.000000,0.061803,0.050710,-0.004746,-0.000000,0.000000,-0.319528,12.226291,-14.341534,-6.742657,2.582719,-0.005946,-0.505853,0.219579,0.924360,0.770151,1.063681,-2.393533,-0.537235,0.088548,0.701220,-1.159793,1.558759,2.248622,5
3479548313190,-0.105353,-0.220669,1.391267,-2.812274,-37.745800,-6.237472,-0.103637,-0.218284,1.400896,-2.876411,-37.714340,-6.181507,-0.000000,0.062595,0.053087,-0.006645,-0.000000,0.000000,-0.289746,12.640579,-14.214370,-6.754298,2.579791,-0.005995,-0.505900,0.219586,0.924296,0.770317,1.063759,-2.393391,-0.537235,0.088548,0.701220,-1.159793,1.558759,2.248622,5
3479549315856,-0.105355,-0.220605,1.391325,-2.812283,-37.745800,-6.237472,-0.103588,-0.218175,1.401174,-2.877512,-37.713453,-6.179937,-0.000000,0.064180,0.052295,-0.009492,-0.000000,0.000000,-0.255150,13.019204,-14.004241,-6.748069,2.564254,-0.006007,-0.505949,0.219592,0.924229,0.770492,1.063846,-2.393244,-0.537235,0.088548,0.701220,-1.159793,1.558759,2.248622,5
3479550283463,-0.105354,-0.220541,1.391382,-2.812295,-37.745799,-6.237472,-0.103539,-0.218064,1.401458,-2.878633,-37.712550,-6.178340,-0.000000,0.063388,0.057049,-0.011391,-0.000000,0.000000,-0.222633,13.713208,-13.863271,-6.754969,2.559345,-0.006060,-0.505998,0.219598,0.924162,0.770665,1.063931,-2.393097,-0.537235,0.088548,0.701220,-1.159793,1.558759,2.248622,5
3479551313954,-0.105354,-0.220473,1.391437,-2.812308,-37.745798,-6.237472,-0.103488,-0.217951,1.401747,-2.879773,-37.711631,-6.176715,-0.000000,0.068142,0.055464,-0.013289,-0.000000,0.000000,-0.201499,13.379710,-13.835854,-6.795069,2.572391,-0.006127,-0.506050,0.219604,0.924093,0.770839,1.064021,-2.392950,-0.537235,0.088548,0.701220,-1.159793,1.558759,2.248622,5
3479552314552,-0.105352,-0.220405,1.391494,-2.812318,-37.745798,-6.237472,-0.103436,-0.217836,1.402040,-2.880934,-37.710696,-6.175061,0.002377,0.068142,0.057049,-0.010442,-0.000000,0.000000,-0.365461,13.999264,-13.640937,-6.817542,2.569037,-0.006446,-0.506102,0.219610,0.924023,0.771019,1.064111,-2.392794,-0.537235,0.088548,0.701220,-1.159793,1.558759,2.248622,5
3479553313380,-0.105354,-0.220339,1.391550,-2.812334,-37.745796,-6.237472,-0.103384,-0.217719,1.402339,-2.882114,-37.709745,-6.173379,-0.000000,0.069726,0.058634,-0.013289,0.002848,0.000000,-0.140962,14.322274,-13.501931,-6.809271,2.553848,-0.006362,-0.506152,0.219617,0.923957,0.771188,1.064201,-2.392656,-0.537235,0.088548,0.701220,-1.159793,1.558759,2.248622,5
3479554312520,-0.105353,-0.220268,1.391611,-2.812350,-37.745797,-6.237472,-0.103331,-0.217600,1.402643,-2.883315,-37.708778,-6.171668,0.002377,0.068142,0.059426,-0.013289,-0.000000,0.000000,-0.291886,15.372154,-13.155322,-6.793052,2.528866,-0.006580,-0.506206,0.219623,0.923884,0.771374,1.064298,-2.392497,-0.537235,0.088548,0.701220,-1.159793,1.558759,2.248622,5
3479555311568,-0.105353,-0.220198,1.391672,-2.812367,-37.745792,-6.237470,-0.103276,-0.217479,1.402952,-2.884536,-37.707794,-6.169928,-0.000000,0.069726,0.061011,-0.017086,0.004746,0.000000,-0.063915,15.711948,-13.004812,-6.781543,2.510911,-0.006471,-0.506259,0.219631,0.923813,0.771553,1.064391,-2.392349,-0.537235,0.088548,0.701220,-1.159793,1.558759,2.248622,5
3479556316889,-0.105353,-0.220128,1.391733,-2.812384,-37.745793,-6.237471,-0.103221,-0.217356,1.403266,-2.885777,-37.706794,-6.168159,-0.000000,0.070519,0.061011,-0.017086,-0.000000,0.000000,-0.034191,16.261217,-12.777569,-6.776967,2.496603,-0.006593,-0.506313,0.219638,0.923740,0.771736,1.064491,-2.392195,-0.537235,0.088548,0.701220,-1.159793,1.558759,2.248622,5
3479557313575,-0.105354,-0.220054,1.391796,-2.812400,-37.745793,-6.237472,-0.103165,-0.217231,1.403585,-2.887039,-37.705777,-6.166361,-0.000000,0.073688,0.063388,-0.016137,-0.000000,0.000000,-0.014597,16.144353,-12.804839,-6.832362,2.518675,-0.006773,-0.506369,0.219645,0.923664,0.771928,1.064593,-2.392035,-0.537235,0.088548,0.701220,-1.159793,1.558759,2.248622,5
3479558312732,-0.105353,-0.219978,1.391859,-2.812418,-37.745788,-6.237471,-0.103108,-0.217104,1.403910,-2.888321,-37.704744,-6.164534,-0.000000,0.076065,0.063388,-0.018036,0.004746,0.000000,0.021101,16.357068,-12.652000,-6.843656,2.510077,-0.006847,-0.506426,0.219653,0.923588,0.772117,1.064693,-2.391876,-0.537235,0.088548,0.701220,-1.159793,1.558759,2.248622,5
3479559311748,-0.105354,-0.219898,1.391922,-2.812437,-37.745788,-6.237471,-0.103050,-0.216975,1.404240,-2.889625,-37.703694,-6.162677,-0.000000,0.080027,0.062595,-0.018985,-0.000000,0.000000,0.043603,16.199303,-12.600139,-6.881260,2.523121,-0.006964,-0.506486,0.219661,0.923510,0.772316,1.064799,-2.391711,-0.537235,0.088548,0.701220,-1.159793,1.558759,2.248622,5
3479560314908,-0.105353,-0.219823,1.391989,-2.812450,-37.745785,-6.237472,-0.102991,-0.216844,1.404575,-2.890949,-37.702627,-6.160789,-0.000000,0.075273,0.067349,-0.013289,0.002848,0.000000,0.083984,17.858353,-12.190707,-6.838292,2.476519,-0.007263,-0.506544,0.219668,0.923431,0.772516,1.064901,-2.391541,-0.537235,0.088548,0.701220,-1.159793,1.558759,2.248622,5
3479561283501,-0.105353,-0.219743,1.392061,-2.812467,-37.745783,-6.237469,-0.102932,-0.216710,1.404915,-2.892294,-37.701543,-6.158872,-0.000000,0.080027,0.071311,-0.017086,-0.000000,0.002848,0.103524,17.328468,-12.370899,-6.923668,2.524046,-0.007366,-0.506605,0.219675,0.923348,0.772732,1.065009,-2.391358,-0.537235,0.088548,0.701220,-1.159793,1.558759,2.248622,5
3479562315302,-0.105355,-0.219660,1.392134,-2.812484,-37.745784,-6.237472,-0.102871,-0.216575,1.405261,-2.893661,-37.700442,-6.156925,-0.002377,0.083196,0.072896,-0.017086,-0.000000,-0.003797,0.318381,17.284588,-12.345530,-6.949447,2.529322,-0.007306,-0.506669,0.219684,0.923261,0.772950,1.065126,-2.391177,-0.537235,0.088548,0.701220,-1.159793,1.558759,2.248622,5
3479563284176,-0.105354,-0.219572,1.392206,-2.812502,-37.745781,-6.237472,-0.102809,-0.216437,1.405612,-2.895049,-37.699324,-6.154947,-0.000000,0.087158,0.072103,-0.017086,0.002848,0.000000,0.157916,17.144682,-12.280652,-7.004956,2.545326,-0.007639,-0.506734,0.219693,0.923173,0.773175,1.065240,-2.390987,-0.537235,0.088548,0.701220,-1.159793,1.558759,2.248622,5
3479564284366,-0.105355,-0.219489,1.392277,-2.812516,-37.745781,-6.237472,-0.102746,-0.216298,1.405969,-2.896458,-37.698189,-6.152939,-0.000000,0.087950,0.073688,-0.017086,0.002848,0.000000,0.194128,17.672113,-12.091487,-7.010854,2.534696,-0.007790,-0.506798,0.219701,0.923087,0.773397,1.065350,-2.390799,-0.537235,0.088548,0.701220,-1.159793,1.558759,2.248622,5
3479565311771,-0.105355,-0.219402,1.392355,-2.812534,-37.745777,-6.237472,-0.102683,-0.216156,1.406331,-2.897889,-37.697036,-6.150900,-0.000000,0.083989,0.076065,-0.017086,0.002848,0.000000,0.248101,19.288959,-11.611870,-6.947216,2.479248,-0.007914,-0.506864,0.219710,0.922996,0.773627,1.065468,-2.390606,-0.537235,0.088548,0.701220,-1.159793,1.558759,2.248622,5
3479566311836,-0.105354,-0.219316,1.392428,-2.812548,-37.745776,-6.237470,-0.102618,-0.216012,1.406699,-2.899342,-37.695865,-6.148829,-0.000000,0.088743,0.077650,-0.016137,0.002848,0.000000,0.266395,18.881968,-11.693070,-7.019622,2.510728,-0.008129,-0.506930,0.219717,0.922908,0.773859,1.065580,-2.390408,-0.537235,0.088548,0.701220,-1.159793,1.558759,2.248622,5
3479567315403,-0.105353,-0.219225,1.392506,-2.812563,-37.745775,-6.237470,-0.102553,-0.215866,1.407072,-2.900817,-37.694677,-6.146728,-0.000000,0.091912,0.077650,-0.015188,-0.000000,0.000000,0.291490,18.908797,-11.608685,-7.054415,2.518573,-0.008331,-0.507000,0.219725,0.922813,0.774103,1.065701,-2.390199,-0.537235,0.088548,0.701220,-1.159793,1.558759,2.248622,5
3479568315059,-0.105355,-0.219131,1.392587,-2.812581,-37.745776,-6.237472,-0.102486,-0.215718,1.407451,-2.902313,-37.693472,-6.144595,-0.000000,0.093497,0.080819,-0.018985,-0.000000,0.000000,0.333001,19.203976,-11.518889,-7.078595,2.523365,-0.008382,-0.507071,0.219735,0.922716,0.774352,1.065830,-2.389991,-0.537235,0.088548,0.701220,-1.159793,1.558759,2.248622,5
3479569314100,-0.105354,-0.219030,1.392671,-2.812596,-37.745770,-6.237471,-0.102419,-0.215567,1.407835,-2.903832,-37.692248,-6.142431,-0.000000,0.095874,0.080027,-0.014239,0.002848,0.000000,0.360040,19.444456,-11.351683,-7.100345,2.515362,-0.008702,-0.507148,0.219744,0.922614,0.774616,1.065956,-2.389765,-0.537235,0.088548,0.701220,-1.159793,1.558759,2.248622,5
3479570314750,-0.105353,-0.218935,1.392754,-2.812608,-37.745770,-6.237470,-0.102350,-0.215414,1.408225,-2.905373,-37.691007,-6.140235,-0.000000,0.095874,0.083196,-0.012340,-0.000000,0.000000,0.392550,20.088346,-11.181321,-7.114178,2.510137,-0.008937,-0.507222,0.219752,0.922513,0.774882,1.066081,-2.389536,-0.537235,0.088548,0.701220,-1.159793,1.558759,2.248622,5
3479571283308,-0.105353,-0.218836,1.392837,-2.812624,-37.745768,-6.237471,-0.102281,-0.215260,1.408621,-2.906936,-37.689747,-6.138007,-0.000000,0.099043,0.083196,-0.016137,-0.000000,0.000000,0.432980,20.166738,-11.060738,-7.135233,2.510721,-0.008995,-0.507297,0.219762,0.922412,0.775143,1.066211,-2.389315,-0.537235,0.088548,0.701220,-1.159793,1.558759,2.248622,5
3479572283520,-0.105354,-0.218738,1.392927,-2.812641,-37.745766,-6.237471,-0.102210,-0.215102,1.409022,-2.908522,-37.688469,-6.135747,-0.000000,0.097458,0.089535,-0.017086,-0.000000,0.000000,0.478018,21.076467,-10.891007,-7.142888,2.503599,-0.009143,-0.507372,0.219772,0.922308,0.775412,1.066344,-2.389087,-0.537235,0.088548,0.701220,-1.159793,1.558759,2.248622,5
3479573312926,-0.105353,-0.218637,1.393013,-2.812657,-37.745763,-6.237473,-0.102139,-0.214943,1.409429,-2.910131,-37.687174,-6.133455,-0.000000,0.100628,0.086366,-0.016137,0.002848,-0.002848,0.515536,21.295846,-10.647189,-7.144878,2.484143,-0.009302,-0.507449,0.219780,0.922204,0.775677,1.066477,-2.388862,-0.537235,0.088548,0.701220,-1.159793,1.558759,2.248622,5
3479574283284,-0.105351,-0.218540,1.393096,-2.812671,-37.745764,-6.237470,-0.102066,-0.214781,1.409842,-2.911762,-37.685859,-6.131131,0.002377,0.100628,0.087950,-0.015188,-0.000000,0.000000,0.366022,22.039369,-10.399035,-7.160035,2.476537,-0.009669,-0.507524,0.219788,0.922102,0.775950,1.066603,-2.388625,-0.537235,0.088548,0.701220,-1.159793,1.558759,2.248622,5
3479575314643,-0.105354,-0.218436,1.393186,-2.812688,-37.745764,-6.237471,-0.101993,-0.214618,1.410260,-2.913416,-37.684527,-6.128774,-0.003169,0.103797,0.089535,-0.017086,-0.000000,0.000000,0.844403,22.086624,-10.327770,-7.153062,2.463802,-0.009541,-0.507602,0.219799,0.921994,0.776230,1.066742,-2.388390,-0.537235,0.088548,0.701220,-1.159793,1.558759,2.248622,5
3479576283359,-0.105353,-0.218324,1.393278,-2.812705,-37.745762,-6.237472,-0.101918,-0.214451,1.410685,-2.915093,-37.683175,-6.126384,-0.000000,0.107759,0.091120,-0.016137,-0.000000,0.000000,0.620221,21.873507,-10.351404,-7.239463,2.499626,-0.009931,-0.507687,0.219810,0.921881,0.776522,1.066886,-2.388142,-0.537235,0.088548,0.701220,-1.159793,1.558759,2.248622,5
3479577312389,-0.105355,-0.218219,1.393364,-2.812721,-37.745759,-6.237471,-0.101843,-0.214283,1.411115,-2.916793,-37.681806,-6.123961,-0.000000,0.108551,0.089535,-0.016137,-0.000000,0.000000,0.669415,22.608356,-10.001876,-7.214852,2.465757,-0.010107,-0.507766,0.219820,0.921775,0.776801,1.067019,-2.387905,-0.537235,0.088548,0.701220,-1.159793,1.558759,2.248622,5
3479578312793,-0.105353,-0.218104,1.393460,-2.812739,-37.745759,-6.237471,-0.101766,-0.214112,1.411551,-2.918517,-37.680417,-6.121505,-0.000000,0.111721,0.092704,-0.018036,-0.000000,0.000000,0.703703,22.551906,-10.011931,-7.269352,2.487305,-0.010262,-0.507854,0.219830,0.921657,0.777109,1.067170,-2.387640,-0.537235,0.088548,0.701220,-1.159793,1.558759,2.248622,5
3479579311568,-0.105354,-0.217994,1.393549,-2.812753,-37.745756,-6.237472,-0.101689,-0.213939,1.411993,-2.920264,-37.679010,-6.119015,-0.000000,0.114098,0.093497,-0.018985,-0.000000,0.000000,0.745408,22.812404,-9.862460,-7.289700,2.484412,-0.010435,-0.507936,0.219840,0.921546,0.777399,1.067308,-2.387394,-0.537235,0.088548,0.701220,-1.159793,1.558759,2.248622,5
3479580314490,-0.105353,-0.217873,1.393648,-2.812772,-37.745752,-6.237472,-0.101610,-0.213764,1.412441,-2.922034,-37.677584,-6.116493,-0.000000,0.116475,0.096666,-0.018036,0.005695,0.000000,0.783303,22.945549,-9.815789,-7.335276,2.494017,-0.010680,-0.508028,0.219851,0.921424,0.777717,1.067463,-2.387123,-0.537235,0.088548,0.701220,-1.159793,1.558759,2.248622,5
3479581314360,-0.105353,-0.217756,1.393748,-2.812786,-37.745754,-6.237471,-0.101530,-0.213586,1.412895,-2.923828,-37.676138,-6.113936,-0.000000,0.116475,0.099836,-0.014239,-0.000000,0.000000,0.816379,23.617253,-9.640116,-7.354454,2.491028,-0.011009,-0.508117,0.219862,0.921301,0.778043,1.067615,-2.386842,-0.537235,0.088548,0.701220,-1.159793,1.558759,2.248622,5
3479582283177,-0.105353,-0.217633,1.393848,-2.812803,-37.745755,-6.237470,-0.101449,-0.213406,1.413355,-2.925646,-37.674674,-6.111346,-0.000000,0.123606,0.099836,-0.017086,-0.000000,0.000000,0.844611,22.786851,-9.775896,-7.441985,2.532569,-0.011160,-0.508211,0.219872,0.921176,0.778375,1.067772,-2.386556,-0.537235,0.088548,0.701220,-1.159793,1.558759,2.248622,5
3479583283310,-0.105353,-0.217508,1.393950,-2.812821,-37.745754,-6.237472,-0.101368,-0.213223,1.413821,-2.927487,-37.673190,-6.108722,-0.000000,0.125191,0.102213,-0.017086,-0.000000,0.000000,0.886524,23.152236,-9.643651,-7.467729,2.532773,-0.011377,-0.508305,0.219884,0.921049,0.778708,1.067933,-2.386272,-0.537235,0.088548,0.701220,-1.159793,1.558759,2.248622,5
3479584314546,-0.105351,-0.217382,1.394053,-2.812837,-37.745752,-6.237469,-0.101285,-0.213039,1.414293,-2.929352,-37.671688,-6.106064,-0.000000,0.125191,0.103005,-0.016137,-0.000000,0.002848,0.934487,23.970627,-9.337849,-7.455482,2.506464,-0.011657,-0.508400,0.219894,0.920921,0.779048,1.068090,-2.385978,-0.537235,0.088548,0.701220,-1.159793,1.558759,2.248622,5
3479585312616,-0.105353,-0.217256,1.394152,-2.812853,-37.745752,-6.237471,-0.101201,-0.212851,1.414772,-2.931242,-37.670165,-6.103372,-0.000000,0.132322,0.107759,-0.017086,-0.000000,0.000000,0.955293,22.933975,-9.670376,-7.589042,2.578516,-0.011851,-0.508495,0.219906,0.920795,0.779380,1.068249,-2.385696,-0.537235,0.088548,0.701220,-1.159793,1.558759,2.248622,5
3479586314142,-0.105353,-0.217126,1.394266,-2.812868,-37.745751,-6.237472,-0.101116,-0.212662,1.415256,-2.933155,-37.668624,-6.100645,-0.000000,0.129945,0.109344,-0.015188,-0.000000,0.000000,1.011802,24.277284,-9.239976,-7.548241,2.533108,-0.012109,-0.508594,0.219918,0.920658,0.779742,1.068418,-2.385385,-0.537235,0.088548,0.701220,-1.159793,1.558759,2.248622,5
3479587313610,-0.105353,-0.216986,1.394381,-2.812887,-37.745751,-6.237471,-0.101029,-0.212470,1.415746,-2.935093,-37.667062,-6.097883,-0.000000,0.134699,0.109344,-0.017086,-0.000000,0.000000,1.050890,24.006323,-9.216230,-7.600826,2.550545,-0.012290,-0.508700,0.219931,0.920515,0.780121,1.068597,-2.385060,-0.537235,0.088548,0.701220,-1.159793,1.558759,2.248622,5
3479588312527,-0.105351,-0.216853,1.394495,-2.812902,-37.745752,-6.237472,-0.100942,-0.212275,1.416243,-2.937056,-37.665481,-6.095087,-0.000000,0.133114,0.114098,-0.015188,-0.000000,0.000000,1.099363,25.026201,-8.967343,-7.601214,2.533313,-0.012574,-0.508802,0.219941,0.920375,0.780492,1.068770,-2.384739,-0.537235,0.088548,0.701220,-1.159793,1.558759,2.248622,5
3479589311933,-0.105351,-0.216713,1.394612,-2.812917,-37.745753,-6.237470,-0.100854,-0.212078,1.416746,-2.939042,-37.663881,-6.092255,-0.000000,0.140245,0.117267,-0.015188,-0.000000,0.000000,1.121295,24.052236,-9.239996,-7.724888,2.596767,-0.012852,-0.508909,0.219954,0.920230,0.780884,1.068947,-2.384401,-0.537235,0.088548,0.701220,-1.159793,1.558759,2.248622,5
3479590315917,-0.105352,-0.216570,1.394729,-2.812933,-37.745751,-6.237470,-0.100765,-0.211879,1.417255,-2.941054,-37.662260,-6.089389,-0.000000,0.142622,0.117267,-0.016137,-0.000000,0.000000,1.170303,24.362009,-9.049462,-7.740201,2.588767,-0.013056,-0.509017,0.219967,0.920084,0.781271,1.069126,-2.384068,-0.537235,0.088548,0.701220,-1.159793,1.558759,2.248622,5
3479591313338,-0.105352,-0.216424,1.394846,-2.812949,-37.745752,-6.237471,-0.100674,-0.211677,1.417770,-2.943090,-37.660620,-6.086488,-0.000000,0.145792,0.116475,-0.015188,-0.000000,0.000000,1.213175,24.512026,-8.886327,-7.765856,2.585349,-0.013328,-0.509127,0.219980,0.919936,0.781667,1.069309,-2.383727,-0.537235,0.088548,0.701220,-1.159793,1.558759,2.248622,5
3479592315988,-0.105353,-0.216279,1.394962,-2.812966,-37.745753,-6.237472,-0.100582,-0.211473,1.418292,-2.945151,-37.658959,-6.083551,-0.000000,0.151338,0.122021,-0.017086,-0.000000,0.000000,1.244476,23.832879,-9.132807,-7.879597,2.644803,-0.013552,-0.509236,0.219993,0.919789,0.782059,1.069492,-2.383391,-0.537235,0.088548,0.701220,-1.159793,1.558759,2.248622,5
3479593283456,-0.105351,-0.216128,1.395091,-2.812985,-37.745751,-6.237471,-0.100490,-0.211267,1.418819,-2.947237,-37.657279,-6.080578,-0.000000,0.145792,0.123606,-0.018985,-0.000000,0.000000,1.324502,25.957010,-8.463918,-7.779447,2.563042,-0.013689,-0.509351,0.220006,0.919632,0.782477,1.069685,-2.383030,-0.537235,0.088548,0.701220,-1.159793,1.558759,2.248622,5
3479594283791,-0.105352,-0.215975,1.395217,-2.813004,-37.745749,-6.237472,-0.100396,-0.211057,1.419354,-2.949348,-37.655578,-6.077570,-0.000000,0.152923,0.125983,-0.018985,-0.000000,0.000000,1.351474,25.033342,-8.695911,-7.895948,2.620760,-0.013978,-0.509466,0.220020,0.919475,0.782889,1.069880,-2.382677,-0.537235,0.088548,0.701220,-1.159793,1.558759,2.248622,5
3479595283684,-0.105353,-0.215819,1.395344,-2.813022,-37.745749,-6.237471,-0.100301,-0.210846,1.419894,-2.951484,-37.653857,-6.074526,-0.000000,0.156092,0.127568,-0.018036,-0.000000,0.000000,1.393854,25.082037,-8.628306,-7.943537,2.632366,-0.014272,-0.509584,0.220034,0.919315,0.783319,1.070075,-2.382308,-0.537235,0.088548,0.701220,-1.159793,1.558759,2.248622,5
3479596284604,-0.105350,-0.215671,1.395467,-2.813037,-37.745750,-6.237469,-0.100205,-0.210632,1.420441,-2.953646,-37.652116,-6.071446,0.002377,0.155300,0.129152,-0.018036,-0.000000,0.000000,1.263244,26.094403,-8.282312,-7.942273,2.610235,-0.014624,-0.509697,0.220046,0.919162,0.783733,1.070261,-2.381947,-0.537235,0.088548,0.701220,-1.159793,1.558759,2.248622,5
3479597313787,-0.105352,-0.215511,1.395596,-2.813055,-37.745748,-6.237472,-0.100108,-0.210415,1.420995,-2.955833,-37.650354,-6.068329,-0.000000,0.160054,0.129152,-0.018036,-0.000000,-0.002848,1.494744,25.866951,-8.240773,-7.978865,2.616954,-0.014739,-0.509817,0.220061,0.919000,0.784163,1.070462,-2.381579,-0.537235,0.088548,0.701220,-1.159793,1.558759,2.248622,5
3479598315906,-0.105350,-0.215350,1.395728,-2.813074,-37.745748,-6.237470,-0.100009,-0.210196,1.421555,-2.958045,-37.648571,-6.065177,-0.000000,0.160846,0.132322,-0.018985,-0.000000,0.000000,1.548234,26.431880,-8.062857,-7.997468,2.611690,-0.015017,-0.509938,0.220074,0.918834,0.784607,1.070664,-2.381195,-0.537235,0.088548,0.701220,-1.159793,1.558759,2.248622,5
3479599283386,-0.105352,-0.215190,1.395862,-2.813091,-37.745749,-6.237472,-0.099910,-0.209974,1.422121,-2.960283,-37.646768,-6.061987,-0.000000,0.160054,0.133114,-0.017086,-0.000000,-0.002848,1.608691,27.477894,-7.686412,-7.974982,2.576039,-0.015278,-0.510059,0.220089,0.918669,0.785049,1.070869,-2.380816,-0.537235,0.088548,0.701220,-1.159793,1.558759,2.248622,5
3479600312468,-0.105353,-0.215014,1.396002,-2.813114,-37.745745,-6.237470,-0.099809,-0.209750,1.422694,-2.962547,-37.644945,-6.058762,-0.000000,0.167185,0.135491,-0.022782,-0.000000,0.000000,1.651435,26.581724,-7.890906,-8.079340,2.629776,-0.015448,-0.510190,0.220105,0.918492,0.785522,1.071085,-2.380410,-0.537235,0.088548,0.701220,-1.159793,1.558759,2.248622,5
3479601312323,-0.105352,-0.214848,1.396144,-2.813135,-37.745744,-6.237472,-0.099708,-0.209523,1.423273,-2.964836,-37.643100,-6.055499,-0.000000,0.165600,0.141830,-0.020883,-0.000000,-0.002848,1.706125,27.561105,-7.692333,-8.094949,2.621574,-0.015733,-0.510316,0.220120,0.918319,0.785980,1.071300,-2.380017,-0.537235,0.088548,0.701220,-1.159793,1.558759,2.248622,5
3479602314718,-0.105352,-0.214684,1.396281,-2.813153,-37.745744,-6.237472,-0.099605,-0.209293,1.423859,-2.967151,-37.641235,-6.052200,-0.000000,0.172731,0.143415,-0.019934,-0.000000,0.000000,1.736764,26.714184,-7.876084,-8.205212,2.672903,-0.016121,-0.510440,0.220134,0.918149,0.786437,1.071506,-2.379622,-0.537235,0.088548,0.701220,-1.159793,1.558759,2.248622,5
3479603313963,-0.105349,-0.214508,1.396431,-2.813176,-37.745744,-6.237472,-0.099501,-0.209061,1.424452,-2.969493,-37.639349,-6.048863,0.002377,0.171147,0.142622,-0.021833,-0.000000,0.000000,1.620856,28.020157,-7.372583,-8.168390,2.627129,-0.016418,-0.510574,0.220149,0.917965,0.786929,1.071734,-2.379197,-0.537235,0.088548,0.701220,-1.159793,1.558759,2.248622,5
3479604312517,-0.105352,-0.214333,1.396577,-2.813203,-37.745739,-6.237470,-0.099396,-0.208827,1.425051,-2.971860,-37.637441,-6.045490,-0.002377,0.174316,0.145792,-0.026579,0.004746,0.000000,2.063161,28.099222,-7.305755,-8.173986,2.618050,-0.016336,-0.510705,0.220166,0.917786,0.787402,1.071955,-2.378795,-0.537235,0.088548,0.701220,-1.159793,1.558759,2.248622,5
3479605283482,-0.105351,-0.214158,1.396724,-2.813226,-37.745739,-6.237471,-0.099289,-0.208590,1.425657,-2.974254,-37.635513,-6.042079,-0.000000,0.175901,0.146584,-0.022782,-0.000000,0.000000,1.918814,28.559202,-7.110651,-8.217723,2.623385,-0.016851,-0.510837,0.220181,0.917604,0.787887,1.072180,-2.378377,-0.537235,0.088548,0.701220,-1.159793,1.558759,2.248622,5
3479606315335,-0.105352,-0.213981,1.396871,-2.813253,-37.745736,-6.237470,-0.099182,-0.208350,1.426269,-2.976674,-37.633563,-6.038630,-0.000000,0.176693,0.147376,-0.027528,0.002848,0.000000,1.993871,29.295007,-6.795321,-8.203240,2.595746,-0.016973,-0.510970,0.220198,0.917423,0.788367,1.072406,-2.377967,-0.537235,0.088548,0.701220,-1.159793,1.558759,2.248622,5
3479607313792,-0.105352,-0.213798,1.397025,-2.813280,-37.745734,-6.237470,-0.099073,-0.208108,1.426888,-2.979120,-37.631592,-6.035144,-0.000000,0.183032,0.154507,-0.026579,-0.000000,0.000000,2.020292,28.366598,-7.164536,-8.354244,2.677697,-0.017349,-0.511107,0.220215,0.917234,0.788871,1.072642,-2.377535,-0.537235,0.088548,0.701220,-1.159793,1.558759,2.248622,5
3479608314546,-0.105350,-0.213627,1.397170,-2.813307,-37.745729,-6.237471,-0.098963,-0.207863,1.427514,-2.981593,-37.629600,-6.031621,-0.000000,0.179862,0.152130,-0.027528,-0.000000,0.000000,2.105032,30.193227,-6.458823,-8.255902,2.592134,-0.017560,-0.511236,0.220230,0.917057,0.789335,1.072863,-2.377138,-0.537235,0.088548,0.701220,-1.159793,1.558759,2.248622,5
3479609313608,-0.105349,-0.213433,1.397334,-2.813340,-37.745726,-6.237470,-0.098852,-0.207615,1.428146,-2.984092,-37.627586,-6.028059,-0.000000,0.185409,0.156884,-0.030376,-0.000000,0.000000,2.149450,29.579992,-6.654351,-8.363183,2.645568,-0.017803,-0.511382,0.220248,0.916858,0.789864,1.073113,-2.376686,-0.537235,0.088548,0.701220,-1.159793,1.558759,2.248622,5
3479610312998,-0.105349,-0.213247,1.397488,-2.813368,-37.745723,-6.237471,-0.098740,-0.207365,1.428786,-2.986618,-37.625551,-6.024459,-0.000000,0.185409,0.154507,-0.028477,0.003797,0.000000,2.220978,30.630012,-6.173635,-8.322933,2.592831,-0.018133,-0.511520,0.220265,0.916668,0.790366,1.073350,-2.376256,-0.537235,0.088548,0.701220,-1.159793,1.558759,2.248622,5
3479611312213,-0.105348,-0.213054,1.397647,-2.813401,-37.745720,-6.237471,-0.098626,-0.207112,1.429432,-2.989171,-37.623494,-6.020821,-0.000000,0.193332,0.158469,-0.032274,0.002848,0.000000,2.259382,29.516570,-6.484661,-8.458057,2.665008,-0.018365,-0.511665,0.220282,0.916471,0.790886,1.073598,-2.375811,-0.537235,0.088548,0.701220,-1.159793,1.558759,2.248622,5
3479612312421,-0.105349,-0.212863,1.397808,-2.813432,-37.745717,-6.237472,-0.098512,-0.206856,1.430085,-2.991751,-37.621416,-6.017145,-0.000000,0.190955,0.160846,-0.031325,0.002848,0.000000,2.334020,30.908201,-6.045075,-8.422564,2.620778,-0.018675,-0.511807,0.220300,0.916274,0.791405,1.073846,-2.375369,-0.537235,0.088548,0.701220,-1.159793,1.558759,2.248622,5
3479613285152,-0.105349,-0.212667,1.397969,-2.813463,-37.745715,-6.237471,-0.098396,-0.206598,1.430744,-2.994358,-37.619316,-6.013430,-0.000000,0.195709,0.161638,-0.031325,-0.000000,0.000000,2.383175,30.678453,-6.025139,-8.487593,2.643471,-0.019000,-0.511953,0.220318,0.916074,0.791940,1.074095,-2.374911,-0.537235,0.088548,0.701220,-1.159793,1.558759,2.248622,5
3479614283678,-0.105347,-0.212471,1.398135,-2.813491,-37.745713,-6.237472,-0.098279,-0.206337,1.431411,-2.996992,-37.617194,-6.009677,0.002377,0.196502,0.165600,-0.027528,-0.000000,0.000000,2.245434,31.221035,-5.884407,-8.544833,2.655115,-0.019551,-0.512101,0.220335,0.915871,0.792484,1.074347,-2.374442,-0.537235,0.088548,0.701220,-1.159793,1.558759,2.248622,5
3479615283218,-0.105347,-0.212267,1.398308,-2.813527,-37.745711,-6.237472,-0.098160,-0.206073,1.432084,-2.999653,-37.615050,-6.005885,-0.000000,0.203633,0.173524,-0.036071,-0.000000,0.000000,2.486004,30.160352,-6.274779,-8.671997,2.729652,-0.019541,-0.512254,0.220354,0.915659,0.793043,1.074614,-2.373964,-0.537235,0.088548,0.701220,-1.159793,1.558759,2.248622,5
3479616283726,-0.105347,-0.212073,1.398473,-2.813554,-37.745711,-6.237472,-0.098041,-0.205807,1.432765,-3.002341,-37.612884,-6.002054,-0.000000,0.202048,0.171939,-0.031325,-0.000000,0.000000,2.557236,31.555165,-5.728796,-8.621712,2.669965,-0.019977,-0.512399,0.220371,0.915457,0.793585,1.074865,-2.373498,-0.537235,0.088548,0.701220,-1.159793,1.558759,2.248622,5
3479617283377,-0.105345,-0.211864,1.398655,-2.813588,-37.745710,-6.237469,-0.097920,-0.205538,1.433452,-3.005057,-37.610696,-5.998184,0.002377,0.208387,0.182239,-0.033224,-0.000000,0.000000,2.402358,30.514621,-6.206933,-8.813727,2.776996,-0.020417,-0.512557,0.220389,0.915237,0.794177,1.075136,-2.372987,-0.537235,0.088548,0.701220,-1.159793,1.558759,2.248622,5
3479618283849,-0.105346,-0.211654,1.398835,-2.813619,-37.745709,-6.237471,-0.097798,-0.205266,1.434146,-3.007800,-37.608486,-5.994275,-0.000000,0.209972,0.179862,-0.031325,-0.000000,0.000000,2.660968,31.197111,-5.832797,-8.783680,2.734763,-0.020675,-0.512714,0.220409,0.915017,0.794762,1.075409,-2.372486,-0.537235,0.088548,0.701220,-1.159793,1.558759,2.248622,5
3479619283551,-0.105345,-0.211442,1.399023,-2.813651,-37.745709,-6.237470,-0.097675,-0.204991,1.434847,-3.010570,-37.606254,-5.990327,-0.000000,0.212349,0.187786,-0.032274,-0.000000,0.000000,2.715209,31.219037,-5.938151,-8.873083,2.775307,-0.021005,-0.512875,0.220427,0.914791,0.795369,1.075688,-2.371962,-0.537235,0.088548,0.701220,-1.159793,1.558759,2.248622,5
3479620283515,-0.105344,-0.211229,1.399213,-2.813683,-37.745708,-6.237470,-0.097551,-0.204714,1.435555,-3.013369,-37.604000,-5.986340,-0.000000,0.213141,0.190163,-0.032274,-0.000000,0.000000,2.783349,31.874436,-5.706110,-8.888801,2.764085,-0.021335,-0.513037,0.220446,0.914564,0.795979,1.075968,-2.371436,-0.537235,0.088548,0.701220,-1.159793,1.558759,2.248622,5
3479621283065,-0.105343,-0.211010,1.399406,-2.813718,-37.745711,-6.237471,-0.097425,-0.204434,1.436270,-3.016194,-37.601723,-5.982313,-0.000000,0.219480,0.193332,-0.035122,-0.002848,0.000000,2.832913,31.180449,-5.878448,-8.996573,2.817189,-0.021616,-0.513202,0.220466,0.914330,0.796606,1.076260,-2.370897,-0.537235,0.088548,0.701220,-1.159793,1.558759,2.248622,5
3479622283404,-0.105342,-0.210790,1.399605,-2.813752,-37.745711,-6.237472,-0.097298,-0.204151,1.436993,-3.019048,-37.599424,-5.978246,-0.000000,0.219480,0.198879,-0.033224,-0.000000,0.000000,2.899061,31.873866,-5.727359,-9.032011,2.816872,-0.022021,-0.513369,0.220485,0.914093,0.797241,1.076553,-2.370350,-0.537235,0.088548,0.701220,-1.159793,1.558759,2.248622,5
3479623316289,-0.105342,-0.210562,1.399806,-2.813788,-37.745711,-6.237472,-0.097170,-0.203866,1.437722,-3.021930,-37.597103,-5.974140,-0.000000,0.228195,0.200463,-0.036071,-0.000000,0.000000,2.945489,30.693261,-5.988326,-9.163088,2.882266,-0.022319,-0.513541,0.220506,0.913851,0.797889,1.076853,-2.369792,-0.537235,0.088548,0.701220,-1.159793,1.558759,2.248622,5
3479624311366,-0.105342,-0.210339,1.400008,-2.813823,-37.745711,-6.237472,-0.097041,-0.203578,1.438458,-3.024839,-37.594758,-5.969994,-0.000000,0.222649,0.202048,-0.035122,-0.000000,0.000000,3.041172,32.891433,-5.294729,-9.072239,2.800002,-0.022646,-0.513709,0.220526,0.913611,0.798536,1.077149,-2.369236,-0.537235,0.088548,0.701220,-1.159793,1.558759,2.248622,5
3479625314178,-0.105341,-0.210111,1.400217,-2.813860,-37.745713,-6.237472,-0.096910,-0.203287,1.439202,-3.027777,-37.592392,-5.965807,-0.000000,0.228195,0.209179,-0.037021,-0.000000,0.000000,3.091237,32.214657,-5.573464,-9.204508,2.868046,-0.022983,-0.513883,0.220546,0.913363,0.799202,1.077456,-2.368661,-0.537235,0.088548,0.701220,-1.159793,1.558759,2.248622,5
3479626313276,-0.105338,-0.209871,1.400436,-2.813899,-37.745711,-6.237471,-0.096779,-0.202993,1.439952,-3.030743,-37.590002,-5.961581,-0.000000,0.231365,0.209972,-0.037021,-0.000000,0.000000,3.155365,32.360119,-5.443165,-9.248107,2.873361,-0.023344,-0.514065,0.220567,0.913104,0.799898,1.077775,-2.368060,-0.537235,0.088548,0.701220,-1.159793,1.558759,2.248622,5
3479627284062,-0.105339,-0.209640,1.400649,-2.813941,-37.745708,-6.237472,-0.096646,-0.202696,1.440710,-3.033737,-37.587590,-5.957315,-0.000000,0.230573,0.213141,-0.041767,0.002848,0.000000,3.247918,33.403578,-5.103426,-9.233234,2.843957,-0.023533,-0.514239,0.220589,0.912854,0.800563,1.078086,-2.367492,-0.537235,0.088548,0.701220,-1.159793,1.558759,2.248622,5
3479628312666,-0.105338,-0.209405,1.400866,-2.813982,-37.745707,-6.237471,-0.096511,-0.202397,1.441475,-3.036759,-37.585155,-5.953008,-0.000000,0.235327,0.217103,-0.041767,-0.000000,0.000000,3.301212,33.051352,-5.207570,-9.330538,2.887363,-0.023922,-0.514417,0.220611,0.912599,0.801248,1.078403,-2.366902,-0.537235,0.088548,0.701220,-1.159793,1.558759,2.248622,5
3479629314222,-0.105338,-0.209168,1.401085,-2.814026,-37.745707,-6.237472,-0.096376,-0.202094,1.442247,-3.039810,-37.582698,-5.948661,-0.000000,0.236911,0.218687,-0.043665,-0.000000,0.000000,3.379082,33.583202,-4.980667,-9.348728,2.877777,-0.024220,-0.514596,0.220633,0.912341,0.801934,1.078726,-2.366314,-0.537235,0.088548,0.701220,-1.159793,1.558759,2.248622,5
3479630312581,-0.105338,-0.208937,1.401299,-2.814068,-37.745706,-6.237470,-0.096239,-0.201789,1.443026,-3.042889,-37.580217,-5.944273,-0.000000,0.240081,0.223441,-0.044615,-0.000000,0.000000,3.445508,33.612979,-4.988045,-9.421589,2.904442,-0.024576,-0.514770,0.220655,0.912090,0.802611,1.079036,-2.365733,-0.537235,0.088548,0.701220,-1.159793,1.558759,2.248622,5
3479631312856,-0.105336,-0.208686,1.401535,-2.814119,-37.745702,-6.237471,-0.096101,-0.201481,1.443812,-3.045997,-37.577713,-5.939844,-0.000000,0.240873,0.226611,-0.046513,-0.000000,0.000000,3.523946,34.238021,-4.782463,-9.444120,2.898263,-0.024883,-0.514960,0.220678,0.911817,0.803335,1.079380,-2.365114,-0.537235,0.088548,0.701220,-1.159793,1.558759,2.248622,5
3479632311798,-0.105337,-0.208441,1.401761,-2.814166,-37.745698,-6.237472,-0.095961,-0.201171,1.444606,-3.049133,-37.575186,-5.935375,-0.000000,0.245627,0.225818,-0.046513,0.003797,0.000000,3.595157,34.134638,-4.666568,-9.494594,2.904108,-0.025262,-0.515144,0.220701,0.911552,0.804040,1.079712,-2.364511,-0.537235,0.088548,0.701220,-1.159793,1.558759,2.248622,5
3479633311993,-0.105337,-0.208192,1.401994,-2.814220,-37.745694,-6.237472,-0.095821,-0.200857,1.445407,-3.052298,-37.572636,-5.930865,-0.000000,0.248796,0.233742,-0.054107,0.003797,0.000000,3.673417,34.033253,-4.784915,-9.582752,2.947592,-0.025426,-0.515331,0.220725,0.911281,0.804758,1.080055,-2.363899,-0.537235,0.088548,0.701220,-1.159793,1.558759,2.248622,5
3479634316754,-0.105334,-0.207943,1.402230,-2.814275,-37.745690,-6.237469,-0.095679,-0.200541,1.446215,-3.055492,-37.570063,-5.926313,0.002377,0.248796,0.235327,-0.055056,0.003797,0.003797,3.566764,34.935326,-4.457159,-9.598090,2.932141,-0.025929,-0.515519,0.220748,0.911009,0.805483,1.080396,-2.363278,-0.537235,0.088548,0.701220,-1.159793,1.558759,2.248622,5
3479635314720,-0.105335,-0.207702,1.402455,-2.814332,-37.745684,-6.237472,-0.095536,-0.200221,1.447031,-3.058715,-37.567467,-5.921721,-0.000000,0.252758,0.236911,-0.056955,0.005695,-0.003797,3.834573,34.968127,-4.361433,-9.631539,2.933112,-0.026028,-0.515699,0.220772,0.910749,0.806164,1.080731,-2.362702,-0.537235,0.088548,0.701220,-1.159793,1.558759,2.248622,5
3479636313489,-0.105334,-0.207436,1.402709,-2.814394,-37.745681,-6.237472,-0.095391,-0.199899,1.447854,-3.061966,-37.564847,-5.917087,-0.000000,0.256720,0.244042,-0.062650,0.005695,0.000000,3.908726,34.683215,-4.517196,-9.732983,2.982893,-0.026325,-0.515899,0.220798,0.910457,0.806937,1.081103,-2.362042,-0.537235,0.088548,0.701220,-1.159793,1.558759,2.248622,5
3479637283410,-0.105335,-0.207183,1.402952,-2.814459,-37.745672,-6.237471,-0.095245,-0.199574,1.448684,-3.065247,-37.562204,-5.912412,-0.000000,0.252758,0.243250,-0.064549,0.008543,0.000000,4.022290,36.673704,-3.799902,-9.639005,2.896296,-0.026597,-0.516089,0.220824,0.910181,0.807662,1.081457,-2.361429,-0.537235,0.088548,0.701220,-1.159793,1.558759,2.248622,5
3479638283588,-0.105333,-0.206924,1.403201,-2.814525,-37.745669,-6.237472,-0.095098,-0.199246,1.449522,-3.068557,-37.559537,-5.907696,-0.000000,0.259097,0.248796,-0.066447,0.003797,0.000000,4.078144,35.905085,-4.062830,-9.773544,2.966299,-0.026971,-0.516284,0.220848,0.909897,0.808409,1.081824,-2.360793,-0.537235,0.088548,0.701220,-1.159793,1.558759,2.248622,5
3479639314307,-0.105331,-0.206663,1.403452,-2.814593,-37.745662,-6.237471,-0.094950,-0.198915,1.450367,-3.071896,-37.556847,-5.902937,-0.000000,0.261474,0.251174,-0.067396,0.006645,0.000000,4.160024,36.238721,-3.911050,-9.813694,2.967601,-0.027337,-0.516480,0.220874,0.909611,0.809163,1.082191,-2.360153,-0.537235,0.088548,0.701220,-1.159793,1.558759,2.248622,5
3479640318643,-0.105330,-0.206413,1.403693,-2.814663,-37.745658,-6.237472,-0.094800,-0.198582,1.451219,-3.075264,-37.554134,-5.898138,-0.000000,0.260682,0.252758,-0.073092,0.004746,-0.002848,4.262917,37.415671,-3.486269,-9.783337,2.929360,-0.027482,-0.516667,0.220898,0.909338,0.809877,1.082551,-2.359547,-0.537235,0.088548,0.701220,-1.159793,1.558759,2.248622,5
3479641314352,-0.105328,-0.206149,1.403954,-2.814736,-37.745651,-6.237471,-0.094649,-0.198245,1.452079,-3.078662,-37.551397,-5.893296,-0.000000,0.263851,0.260682,-0.073092,0.007594,0.000000,4.333510,37.309060,-3.621882,-9.888951,2.975091,-0.027958,-0.516865,0.220924,0.909045,0.810645,1.082928,-2.358896,-0.537235,0.088548,0.701220,-1.159793,1.558759,2.248622,5
3479642283362,-0.105326,-0.205871,1.404226,-2.814818,-37.745644,-6.237470,-0.094497,-0.197905,1.452946,-3.082089,-37.548636,-5.888412,0.002377,0.267020,0.261474,-0.078787,0.005695,0.000000,4.232249,37.509874,-3.462171,-9.940829,2.987312,-0.028287,-0.517074,0.220952,0.908739,0.811446,1.083329,-2.358218,-0.537235,0.088548,0.701220,-1.159793,1.558759,2.248622,5
3479643312626,-0.105325,-0.205604,1.404481,-2.814896,-37.745634,-6.237472,-0.094343,-0.197563,1.453821,-3.085545,-37.545851,-5.883487,-0.000000,0.267020,0.266228,-0.077838,0.007594,0.000000,4.510726,38.317901,-3.244112,-9.949085,2.970042,-0.028611,-0.517272,0.220979,0.908450,0.812199,1.083709,-2.357583,-0.537235,0.088548,0.701220,-1.159793,1.558759,2.248622,5
3479644312110,-0.105324,-0.205332,1.404760,-2.814977,-37.745627,-6.237472,-0.094188,-0.197217,1.454703,-3.089031,-37.543042,-5.878519,-0.000000,0.271774,0.267813,-0.081635,0.007594,0.000000,4.594022,38.145853,-3.212098,-10.016081,2.991999,-0.028913,-0.517477,0.221007,0.908143,0.812999,1.084109,-2.356907,-0.537235,0.088548,0.701220,-1.159793,1.558759,2.248622,5
3479645314928,-0.105323,-0.205071,1.405021,-2.815060,-37.745620,-6.237472,-0.094032,-0.196869,1.455593,-3.092547,-37.540210,-5.873510,-0.000000,0.274152,0.273359,-0.083534,0.007594,0.000000,4.677073,38.384351,-3.176048,-10.081730,3.013333,-0.029277,-0.517673,0.221033,0.907853,0.813755,1.084494,-2.356269,-0.537235,0.088548,0.701220,-1.159793,1.558759,2.248622,5
3479646312025,-0.105322,-0.204786,1.405309,-2.815151,-37.745612,-6.237471,-0.093874,-0.196518,1.456490,-3.096092,-37.537354,-5.868457,-0.000000,0.273359,0.276529,-0.089229,0.004746,0.000000,4.783302,39.434814,-2.841588,-10.073078,2.989953,-0.029494,-0.517887,0.221063,0.907534,0.814585,1.084914,-2.355570,-0.537235,0.088548,0.701220,-1.159793,1.558759,2.248622,5
3479647316425,-0.105322,-0.204506,1.405594,-2.815241,-37.745599,-6.237472,-0.093716,-0.196164,1.457395,-3.099667,-37.534473,-5.863363,-0.000000,0.279698,0.284452,-0.090178,0.012340,0.000000,4.855411,38.607245,-3.171722,-10.225550,3.063388,-0.029931,-0.518096,0.221092,0.907222,0.815393,1.085326,-2.354891,-0.537235,0.088548,0.701220,-1.159793,1.558759,2.248622,5
3479648313543,-0.105319,-0.204225,1.405878,-2.815338,-37.745592,-6.237470,-0.093555,-0.195806,1.458307,-3.103272,-37.531569,-5.858226,0.002377,0.281283,0.284452,-0.096823,0.007594,0.000000,4.766242,39.262632,-2.858351,-10.242287,3.054119,-0.030231,-0.518306,0.221121,0.906909,0.816208,1.085744,-2.354205,-0.537235,0.088548,0.701220,-1.159793,1.558759,2.248622,5
3479649283551,-0.105319,-0.203941,1.406174,-2.815439,-37.745580,-6.237471,-0.093394,-0.195446,1.459227,-3.106907,-37.528641,-5.853046,-0.000000,0.283660,0.295545,-0.100620,0.011391,0.000000,5.046732,39.246346,-3.044817,-10.336316,3.098127,-0.030461,-0.518519,0.221152,0.906589,0.817032,1.086174,-2.353516,-0.537235,0.088548,0.701220,-1.159793,1.558759,2.248622,5
3479650312315,-0.105316,-0.203657,1.406473,-2.815540,-37.745572,-6.237472,-0.093231,-0.195083,1.460154,-3.110572,-37.525688,-5.847824,0.003169,0.284452,0.298714,-0.101569,0.008543,0.000000,4.882267,39.916417,-2.834259,-10.389188,3.107032,-0.030995,-0.518733,0.221181,0.906265,0.817867,1.086608,-2.352813,-0.537235,0.088548,0.701220,-1.159793,1.558759,2.248622,5
3479651283402,-0.105316,-0.203362,1.406778,-2.815645,-37.745561,-6.237472,-0.093067,-0.194717,1.461089,-3.114266,-37.522711,-5.842558,-0.000000,0.294753,0.305053,-0.104417,0.010442,0.000000,5.201720,38.230519,-3.364033,-10.565470,3.203180,-0.031261,-0.518953,0.221213,0.905933,0.818725,1.087053,-2.352094,-0.537235,0.088548,0.701220,-1.159793,1.558759,2.248622,5
3479652327985,-0.105315,-0.203084,1.407073,-2.815751,-37.745551,-6.237472,-0.092901,-0.194348,1.462032,-3.117991,-37.519710,-5.837250,-0.000000,0.289206,0.306638,-0.111062,0.011391,0.000000,5.340646,40.565369,-2.606042,-10.457989,3.112268,-0.031422,-0.519161,0.221243,0.905617,0.819541,1.087481,-2.351413,-0.537235,0.088548,0.701220,-1.159793,1.558759,2.248622,5
3479653312704,-0.105314,-0.202775,1.407404,-2.815867,-37.745541,-6.237473,-0.092734,-0.193976,1.462982,-3.121747,-37.516685,-5.831899,-0.000000,0.295545,0.316938,-0.112011,0.008543,0.000000,5.405822,39.567105,-3.076224,-10.643495,3.214300,-0.031889,-0.519393,0.221276,0.905262,0.820454,1.087960,-2.350647,-0.537235,0.088548,0.701220,-1.159793,1.558759,2.248622,5
3479654311538,-0.105313,-0.202488,1.407711,-2.815975,-37.745531,-6.237471,-0.092566,-0.193601,1.463940,-3.125532,-37.513635,-5.826505,-0.000000,0.299507,0.321692,-0.112011,0.010442,0.000000,5.491687,39.466207,-3.119146,-10.734096,3.247687,-0.032349,-0.519608,0.221307,0.904934,0.821307,1.088401,-2.349932,-0.537235,0.088548,0.701220,-1.159793,1.558759,2.248622,5
3479655327735,-0.105311,-0.202172,1.408052,-2.816100,-37.745522,-6.237472,-0.092397,-0.193223,1.464906,-3.129348,-37.510561,-5.821068,0.002377,0.301091,0.326446,-0.114859,0.008543,0.000000,5.397715,39.847388,-3.034936,-10.808178,3.272625,-0.032811,-0.519844,0.221341,0.904571,0.822241,1.088897,-2.349151,-0.537235,0.088548,0.701220,-1.159793,1.558759,2.248622,5
3479656283581,-0.105311,-0.201867,1.408385,-2.816211,-37.745510,-6.237472,-0.092226,-0.192842,1.465879,-3.133194,-37.507463,-5.815587,-0.000000,0.305053,0.333577,-0.116757,0.012340,0.000000,5.680800,39.627893,-3.174370,-10.899676,3.310468,-0.033123,-0.520074,0.221374,0.904216,0.823163,1.089367,-2.348376,-0.537235,0.088548,0.701220,-1.159793,1.558759,2.248622,5
3479657283403,-0.105309,-0.201558,1.408725,-2.816337,-37.745501,-6.237472,-0.092053,-0.192458,1.466860,-3.137070,-37.504340,-5.810063,-0.000000,0.309015,0.339916,-0.126250,0.009492,0.000000,5.784414,39.455894,-3.269849,-10.988958,3.354425,-0.033294,-0.520306,0.221408,0.903857,0.824088,1.089857,-2.347602,-0.537235,0.088548,0.701220,-1.159793,1.558759,2.248622,5
3479658314726,-0.105307,-0.201249,1.409069,-2.816459,-37.745491,-6.237472,-0.091880,-0.192071,1.467849,-3.140977,-37.501192,-5.804496,-0.000000,0.309015,0.343878,-0.121503,0.009492,0.000000,5.878262,40.264334,-3.055410,-11.026560,3.349659,-0.033891,-0.520539,0.221441,0.903495,0.825027,1.090345,-2.346814,-0.537235,0.088548,0.701220,-1.159793,1.558759,2.248622,5
3479659314153,-0.105305,-0.200952,1.409403,-2.816582,-37.745484,-6.237472,-0.091705,-0.191680,1.468846,-3.144914,-37.498020,-5.798885,0.003169,0.310599,0.350217,-0.126250,0.008543,0.000000,5.725694,40.667144,-2.998046,-11.110728,3.381524,-0.034345,-0.520763,0.221473,0.903145,0.825934,1.090823,-2.346053,-0.537235,0.088548,0.701220,-1.159793,1.558759,2.248622,5
3479660283585,-0.105301,-0.200635,1.409761,-2.816714,-37.745475,-6.237471,-0.091528,-0.191287,1.469850,-3.148883,-37.494823,-5.793230,0.003962,0.316938,0.357348,-0.131945,0.009492,0.000000,5.750836,39.884564,-3.296687,-11.260130,3.458365,-0.034703,-0.521002,0.221506,0.902771,0.826901,1.091332,-2.345241,-0.537235,0.088548,0.701220,-1.159793,1.558759,2.248622,5
3479661313865,-0.105300,-0.200310,1.410132,-2.816854,-37.745465,-6.237471,-0.091351,-0.190891,1.470862,-3.152881,-37.491601,-5.787532,0.002377,0.314561,0.358140,-0.133844,0.008543,0.000000,6.005664,41.418975,-2.771549,-11.205928,3.399699,-0.034995,-0.521247,0.221543,0.902385,0.827898,1.091860,-2.344407,-0.537235,0.088548,0.701220,-1.159793,1.558759,2.248622,5
3479662313715,-0.105296,-0.199987,1.410494,-2.816991,-37.745457,-6.237472,-0.091172,-0.190492,1.471881,-3.156911,-37.488355,-5.781789,0.003962,0.322485,0.361310,-0.137641,0.008543,0.000000,5.963247,40.433905,-3.020470,-11.356289,3.473126,-0.035449,-0.521489,0.221577,0.902006,0.828876,1.092379,-2.343586,-0.537235,0.088548,0.701220,-1.159793,1.558759,2.248622,5
3479663317470,-0.105296,-0.199677,1.410846,-2.817126,-37.745445,-6.237472,-0.090991,-0.190090,1.472909,-3.160971,-37.485084,-5.776003,-0.000000,0.323277,0.367648,-0.143336,0.012340,0.000000,6.406450,41.073922,-2.878874,-11.366603,3.461598,-0.035563,-0.521722,0.221612,0.901640,0.829821,1.092881,-2.342798,-0.537235,0.088548,0.701220,-1.159793,1.558759,2.248622,5
3479664312056,-0.105292,-0.199338,1.411229,-2.817285,-37.745435,-6.237470,-0.090809,-0.189684,1.473944,-3.165062,-37.481788,-5.770173,-0.000000,0.324862,0.368441,-0.151879,0.008543,0.000000,6.531335,41.689434,-2.601308,-11.375220,3.449246,-0.035746,-0.521975,0.221649,0.901242,0.830843,1.093435,-2.341944,-0.537235,0.088548,0.701220,-1.159793,1.558759,2.248622,5
3479665312509,-0.105290,-0.199011,1.411605,-2.817440,-37.745423,-6.237472,-0.090626,-0.189276,1.474988,-3.169185,-37.478467,-5.764299,-0.000000,0.327239,0.375572,-0.154727,0.012340,-0.002848,6.641187,41.852967,-2.634349,-11.460448,3.480420,-0.036100,-0.522220,0.221686,0.900855,0.831830,1.093977,-2.341124,-0.537235,0.088548,0.701220,-1.159793,1.558759,2.248622,5
3479666314462,-0.105286,-0.198681,1.411980,-2.817599,-37.745411,-6.237469,-0.090442,-0.188864,1.476039,-3.173338,-37.475121,-5.758381,0.002377,0.330408,0.375572,-0.159473,0.011391,0.002848,6.563569,42.148833,-2.428807,-11.510972,3.487248,-0.036612,-0.522466,0.221723,0.900467,0.832829,1.094519,-2.340291,-0.537235,0.088548,0.701220,-1.159793,1.558759,2.248622,5
3479667283958,-0.105283,-0.198345,1.412363,-2.817760,-37.745397,-6.237472,-0.090256,-0.188450,1.477097,-3.177522,-37.471750,-5.752419,0.004754,0.335162,0.382703,-0.161372,0.014239,0.000000,6.468601,41.730056,-2.633104,-11.656953,3.555133,-0.037123,-0.522716,0.221760,0.900073,0.833835,1.095073,-2.339455,-0.537235,0.088548,0.701220,-1.159793,1.558759,2.248622,5
3479668283648,-0.105283,-0.198015,1.412751,-2.817928,-37.745388,-6.237469,-0.090068,-0.188032,1.478164,-3.181737,-37.468354,-5.746412,-0.000000,0.330408,0.388249,-0.168016,0.009492,0.002848,7.002178,43.683224,-2.112989,-11.571532,3.487154,-0.037190,-0.522962,0.221799,0.899677,0.834850,1.095631,-2.338613,-0.537235,0.088548,0.701220,-1.159793,1.558759,2.248622,5
3479669314486,-0.105280,-0.197677,1.413143,-2.818106,-37.745376,-6.237472,-0.089880,-0.187611,1.479239,-3.185983,-37.464933,-5.740361,0.003169,0.338332,0.391419,-0.171813,0.011391,-0.002848,6.842663,42.713965,-2.356383,-11.734126,3.565195,-0.037637,-0.523214,0.221838,0.899277,0.835865,1.096205,-2.337774,-0.537235,0.088548,0.701220,-1.159793,1.558759,2.248622,5
3479670313704,-0.105277,-0.197348,1.413524,-2.818272,-37.745363,-6.237469,-0.089689,-0.187188,1.480321,-3.190261,-37.461486,-5.734265,0.002377,0.340709,0.396965,-0.182255,0.014239,0.004746,7.040536,43.036938,-2.274058,-11.778846,3.576119,-0.037885,-0.523459,0.221875,0.898887,0.836866,1.096753,-2.336941,-0.537235,0.088548,0.701220,-1.159793,1.558759,2.248622,5
3479671283685,-0.105276,-0.197006,1.413923,-2.818457,-37.745351,-6.237471,-0.089498,-0.186761,1.481412,-3.194570,-37.458015,-5.728125,-0.000000,0.342293,0.399342,-0.185103,0.012340,0.000000,7.358829,43.614216,-2.060716,-11.793327,3.564124,-0.038095,-0.523712,0.221916,0.898481,0.837895,1.097339,-2.336092,-0.537235,0.088548,0.701220,-1.159793,1.558759,2.248622,5
3479672315844,-0.105271,-0.196644,1.414343,-2.818655,-37.745336,-6.237472,-0.089305,-0.186331,1.482510,-3.198910,-37.454518,-5.721940,0.003169,0.349424,0.402511,-0.189849,0.010442,0.000000,7.204117,42.785767,-2.272563,-11.947862,3.639736,-0.038605,-0.523980,0.221957,0.898054,0.838980,1.097955,-2.335195,-0.537235,0.088548,0.701220,-1.159793,1.558759,2.248622,5
3479673314900,-0.105271,-0.196293,1.414749,-2.818851,-37.745320,-6.237470,-0.089111,-0.185897,1.483616,-3.203281,-37.450997,-5.715711,-0.000000,0.350217,0.406473,-0.196494,0.016137,0.000000,7.607366,43.519468,-2.036767,-11.944893,3.616185,-0.038740,-0.524238,0.222000,0.897642,0.840025,1.098552,-2.334337,-0.537235,0.088548,0.701220,-1.159793,1.558759,2.248622,5
3479674283245,-0.105268,-0.195953,1.415148,-2.819042,-37.745304,-6.237471,-0.088915,-0.185461,1.484731,-3.207684,-37.447449,-5.709437,-0.000000,0.356555,0.413604,-0.195545,0.017086,0.000000,7.702725,42.765944,-2.340769,-12.103092,3.692457,-0.039311,-0.524489,0.222040,0.897239,0.841045,1.099136,-2.333496,-0.537235,0.088548,0.701220,-1.159793,1.558759,2.248622,5
3479675312581,-0.105264,-0.195583,1.415585,-2.819258,-37.745290,-6.237471,-0.088718,-0.185022,1.485853,-3.212119,-37.443877,-5.703118,0.003169,0.356555,0.419943,-0.207885,0.016137,0.000000,7.593510,43.517579,-2.176053,-12.154944,3.708121,-0.039548,-0.524762,0.222083,0.896799,0.842157,1.099780,-2.332580,-0.537235,0.088548,0.701220,-1.159793,1.558759,2.248622,5
3479676312633,-0.105263,-0.195221,1.416011,-2.819465,-37.745276,-6.237471,-0.088520,-0.184579,1.486983,-3.216584,-37.440279,-5.696754,-0.000000,0.361310,0.426282,-0.206936,0.014239,0.000000,7.958754,43.137633,-2.359395,-12.261493,3.755196,-0.039975,-0.525028,0.222127,0.896369,0.843250,1.100405,-2.331680,-0.537235,0.088548,0.701220,-1.159793,1.558759,2.248622,5
3479677312658,-0.105258,-0.194875,1.416422,-2.819670,-37.745260,-6.237472,-0.088320,-0.184134,1.488121,-3.221082,-37.436656,-5.690345,0.003962,0.361310,0.430244,-0.212631,0.016137,0.000000,7.775450,44.054191,-2.085096,-12.305731,3.756114,-0.040456,-0.525283,0.222167,0.895957,0.844292,1.101011,-2.330821,-0.537235,0.088548,0.701220,-1.159793,1.558759,2.248622,5
3479678317777,-0.105254,-0.194492,1.416879,-2.819897,-37.745247,-6.237471,-0.088118,-0.183685,1.489267,-3.225611,-37.433007,-5.683891,0.003962,0.368441,0.437375,-0.216428,0.013289,0.000000,7.882308,43.041350,-2.467953,-12.476678,3.846884,-0.040893,-0.525565,0.222213,0.895498,0.845460,1.101681,-2.329857,-0.537235,0.088548,0.701220,-1.159793,1.558759,2.248622,5
3479679315407,-0.105250,-0.194121,1.417323,-2.820119,-37.745232,-6.237471,-0.087916,-0.183233,1.490421,-3.230172,-37.429332,-5.677392,0.003962,0.370818,0.443713,-0.222123,0.015188,0.000000,8.016938,43.251976,-2.464903,-12.554140,3.874631,-0.041235,-0.525838,0.222257,0.895054,0.846588,1.102332,-2.328927,-0.537235,0.088548,0.701220,-1.159793,1.558759,2.248622,5
3479680313418,-0.105247,-0.193753,1.417775,-2.820344,-37.745218,-6.237472,-0.087712,-0.182778,1.491584,-3.234764,-37.425633,-5.670848,0.003169,0.368441,0.451637,-0.224971,0.014239,0.000000,8.225475,44.498192,-2.228890,-12.572820,3.864791,-0.041614,-0.526110,0.222301,0.894606,0.847723,1.102989,-2.327992,-0.537235,0.088548,0.701220,-1.159793,1.558759,2.248622,5
3479681316213,-0.105241,-0.193374,1.418225,-2.820572,-37.745203,-6.237471,-0.087506,-0.182320,1.492754,-3.239388,-37.421907,-5.664258,0.006339,0.378741,0.450845,-0.227819,0.014239,0.000000,8.072316,43.137147,-2.477616,-12.745165,3.946391,-0.042214,-0.526388,0.222344,0.894154,0.848879,1.103652,-2.327035,-0.537235,0.088548,0.701220,-1.159793,1.558759,2.248622,5
3479682283536,-0.105237,-0.192996,1.418682,-2.820807,-37.745193,-6.237470,-0.087299,-0.181859,1.493932,-3.244044,-37.418156,-5.657623,0.003962,0.378741,0.456391,-0.234464,0.010442,0.000000,8.414117,43.947650,-2.287694,-12.760588,3.939614,-0.042415,-0.526666,0.222389,0.893698,0.850044,1.104326,-2.326073,-0.537235,0.088548,0.701220,-1.159793,1.558759,2.248622,5
3479683314999,-0.105231,-0.192610,1.419150,-2.821047,-37.745177,-6.237472,-0.087091,-0.181394,1.495119,-3.248732,-37.414379,-5.650943,0.006339,0.385872,0.468276,-0.240159,0.016137,0.000000,8.335531,42.774309,-2.833160,-12.983131,4.059666,-0.042927,-0.526950,0.222434,0.893233,0.851226,1.105013,-2.325097,-0.537235,0.088548,0.701220,-1.159793,1.558759,2.248622,5
3479684313618,-0.105227,-0.192224,1.419622,-2.821289,-37.745162,-6.237472,-0.086881,-0.180927,1.496313,-3.253452,-37.410577,-5.644217,0.003962,0.385872,0.471446,-0.242058,0.015188,0.000000,8.676047,43.670863,-2.562087,-12.988387,4.039097,-0.043277,-0.527232,0.222481,0.892765,0.852417,1.105703,-2.324115,-0.537235,0.088548,0.701220,-1.159793,1.558759,2.248622,5
3479685287692,-0.105220,-0.191848,1.420078,-2.821528,-37.745148,-6.237470,-0.086670,-0.180456,1.497516,-3.258203,-37.406749,-5.637446,0.007131,0.391419,0.475407,-0.245855,0.013289,0.002848,8.539182,43.251563,-2.679588,-13.125260,4.101265,-0.043891,-0.527508,0.222524,0.892312,0.853578,1.106374,-2.323154,-0.537235,0.088548,0.701220,-1.159793,1.558759,2.248622,5
3479686312106,-0.105216,-0.191435,1.420579,-2.821793,-37.745133,-6.237472,-0.086457,-0.179982,1.498726,-3.262987,-37.402895,-5.630629,0.004754,0.394588,0.480954,-0.253449,0.016137,0.000000,8.886360,43.275236,-2.707189,-13.191914,4.124405,-0.044050,-0.527809,0.222574,0.891815,0.854846,1.107116,-2.322111,-0.537235,0.088548,0.701220,-1.159793,1.558759,2.248622,5
3479687314612,-0.105211,-0.191034,1.421062,-2.822048,-37.745116,-6.237470,-0.086243,-0.179505,1.499945,-3.267803,-37.399015,-5.623767,0.005546,0.400134,0.483331,-0.255347,0.017086,0.000000,8.951411,42.885560,-2.775307,-13.303442,4.168209,-0.044579,-0.528100,0.222622,0.891334,0.856077,1.107827,-2.321094,-0.537235,0.088548,0.701220,-1.159793,1.558759,2.248622,5
3479688325881,-0.105203,-0.190649,1.421531,-2.822304,-37.745103,-6.237471,-0.086028,-0.179024,1.501172,-3.272651,-37.395109,-5.616858,0.005546,0.402511,0.491254,-0.267687,0.016137,0.000000,9.107341,43.091161,-2.803114,-13.380774,4.202874,-0.044741,-0.528381,0.222666,0.890869,0.857261,1.108526,-2.320116,-0.537235,0.088548,0.701220,-1.159793,1.558759,2.248622,5
3479689283740,-0.105196,-0.190224,1.422042,-2.822584,-37.745089,-6.237472,-0.085811,-0.178541,1.502407,-3.277531,-37.391178,-5.609904,0.007131,0.408058,0.492047,-0.268636,0.011391,0.000000,9.104849,42.698083,-2.845235,-13.494916,4.249511,-0.045331,-0.528689,0.222716,0.890361,0.858563,1.109290,-2.319041,-0.537235,0.088548,0.701220,-1.159793,1.558759,2.248622,5
3479690314483,-0.105193,-0.189817,1.422541,-2.822859,-37.745071,-6.237471,-0.085593,-0.178054,1.503650,-3.282443,-37.387220,-5.602905,0.003169,0.407266,0.499178,-0.274332,0.018036,0.000000,9.601769,43.639714,-2.653864,-13.500236,4.230324,-0.045523,-0.528984,0.222767,0.889869,0.859819,1.110028,-2.318009,-0.537235,0.088548,0.701220,-1.159793,1.558759,2.248622,5
3479691315114,-0.105186,-0.189401,1.423042,-2.823145,-37.745053,-6.237471,-0.085373,-0.177564,1.504901,-3.287387,-37.383237,-5.595859,0.006339,0.415981,0.500762,-0.285723,0.018036,0.000000,9.487340,42.576920,-2.865564,-13.652139,4.306049,-0.045871,-0.529284,0.222817,0.889373,0.861080,1.110781,-2.316973,-0.537235,0.088548,0.701220,-1.159793,1.558759,2.248622,5
3479692313495,-0.105180,-0.188997,1.423523,-2.823417,-37.745036,-6.237473,-0.085152,-0.177071,1.506160,-3.292364,-37.379227,-5.588767,0.006339,0.418358,0.500762,-0.286672,0.020883,0.000000,9.639734,43.086934,-2.605168,-13.684368,4.295056,-0.046378,-0.529574,0.222864,0.888895,0.862301,1.111507,-2.315968,-0.537235,0.088548,0.701220,-1.159793,1.558759,2.248622,5
3479693283660,-0.105175,-0.188558,1.424056,-2.823723,-37.745018,-6.237471,-0.084929,-0.176575,1.507428,-3.297372,-37.375192,-5.581630,0.003962,0.423905,0.511063,-0.295215,0.018036,0.000000,9.981790,42.313015,-3.002167,-13.835944,4.379514,-0.046609,-0.529889,0.222918,0.888368,0.863649,1.112305,-2.314860,-0.537235,0.088548,0.701220,-1.159793,1.558759,2.248622,5
3479694314159,-0.105166,-0.188132,1.424563,-2.824017,-37.745003,-6.237471,-0.084705,-0.176075,1.508704,-3.302414,-37.371131,-5.574446,0.008716,0.425490,0.507893,-0.294266,0.015188,0.000000,9.739955,43.061168,-2.608313,-13.877102,4.369924,-0.047363,-0.530194,0.222968,0.887863,0.864945,1.113074,-2.313790,-0.537235,0.088548,0.701220,-1.159793,1.558759,2.248622,5
3479695284362,-0.105159,-0.187702,1.425078,-2.824324,-37.744982,-6.237470,-0.084480,-0.175573,1.509988,-3.307487,-37.367043,-5.567216,0.007923,0.430244,0.514232,-0.307556,0.020883,0.000000,9.977855,42.750892,-2.727603,-13.971924,4.412186,-0.047489,-0.530501,0.223020,0.887355,0.866241,1.113855,-2.312726,-0.537235,0.088548,0.701220,-1.159793,1.558759,2.248622,5
3479696312153,-0.105152,-0.187290,1.425576,-2.824623,-37.744961,-6.237470,-0.084253,-0.175067,1.511280,-3.312593,-37.362930,-5.559940,0.006339,0.429451,0.518194,-0.313251,0.018036,0.002848,10.281872,43.847888,-2.412350,-13.970282,4.389507,-0.047828,-0.530795,0.223070,0.886865,0.867488,1.114610,-2.311705,-0.537235,0.088548,0.701220,-1.159793,1.558759,2.248622,5
3479697312048,-0.105143,-0.186834,1.426120,-2.824949,-37.744940,-6.237473,-0.084024,-0.174558,1.512580,-3.317731,-37.358790,-5.552618,0.007131,0.437375,0.522948,-0.314200,0.019934,0.000000,10.351110,42.725687,-2.762590,-14.150819,4.477390,-0.048394,-0.531119,0.223124,0.886326,0.868860,1.115439,-2.310578,-0.537235,0.088548,0.701220,-1.159793,1.558759,2.248622,5
3479698313949,-0.105134,-0.186410,1.426622,-2.825269,-37.744921,-6.237472,-0.083795,-0.174045,1.513889,-3.322902,-37.354624,-5.545249,0.009508,0.441336,0.525325,-0.319896,0.021833,0.000000,10.316686,42.766952,-2.692235,-14.238825,4.505725,-0.048880,-0.531419,0.223175,0.885830,0.870122,1.116218,-2.309543,-0.537235,0.088548,0.701220,-1.159793,1.558759,2.248622,5
3479699312476,-0.105125,-0.185948,1.427150,-2.825595,-37.744898,-6.237472,-0.083563,-0.173530,1.515206,-3.328106,-37.350432,-5.537834,0.008716,0.444506,0.528494,-0.326540,0.022782,0.000000,10.552245,42.879954,-2.628107,-14.302947,4.523217,-0.049211,-0.531744,0.223230,0.885298,0.871489,1.117039,-2.308419,-0.537235,0.088548,0.701220,-1.159793,1.558759,2.248622,5
3479700314338,-0.105117,-0.185502,1.427702,-2.825923,-37.744877,-6.237470,-0.083331,-0.173011,1.516531,-3.333342,-37.346213,-5.530373,0.008716,0.446883,0.528494,-0.327490,0.020883,0.000000,10.714946,43.315563,-2.409447,-14.346852,4.522079,-0.049744,-0.532062,0.223283,0.884759,0.872879,1.117864,-2.307272,-0.537235,0.088548,0.701220,-1.159793,1.558759,2.248622,5
3479701313155,-0.105108,-0.185051,1.428241,-2.826266,-37.744851,-6.237470,-0.083097,-0.172489,1.517864,-3.338610,-37.341969,-5.522865,0.008716,0.450845,0.539587,-0.342678,0.025630,0.000000,10.899141,42.972718,-2.673291,-14.476900,4.590371,-0.049874,-0.532380,0.223338,0.884228,0.874229,1.118693,-2.306167,-0.537235,0.088548,0.701220,-1.159793,1.558759,2.248622,5
3479702283338,-0.105098,-0.184596,1.428782,-2.826612,-37.744828,-6.237472,-0.082861,-0.171964,1.519205,-3.343911,-37.337698,-5.515311,0.009508,0.454806,0.540380,-0.346475,0.023731,0.000000,10.999473,43.019573,-2.573253,-14.550904,4.610739,-0.050362,-0.532699,0.223393,0.883696,0.875588,1.119531,-2.305054,-0.537235,0.088548,0.701220,-1.159793,1.558759,2.248622,5
3479703314941,-0.105090,-0.184138,1.429325,-2.826965,-37.744801,-6.237471,-0.082624,-0.171435,1.520555,-3.349245,-37.333401,-5.507710,0.008716,0.457976,0.542757,-0.353119,0.026579,0.000000,11.246853,43.215892,-2.460037,-14.604943,4.619711,-0.050698,-0.533020,0.223449,0.883161,0.876952,1.120372,-2.303938,-0.537235,0.088548,0.701220,-1.159793,1.558759,2.248622,5
3479704311661,-0.105079,-0.183679,1.429872,-2.827327,-37.744775,-6.237472,-0.082385,-0.170904,1.521913,-3.354612,-37.329077,-5.500063,0.010300,0.458768,0.547511,-0.361663,0.025630,0.000000,11.302897,43.853553,-2.295121,-14.659634,4.631689,-0.051065,-0.533340,0.223505,0.882624,0.878319,1.121225,-2.302820,-0.537235,0.088548,0.701220,-1.159793,1.558759,2.248622,5
3479705312825,-0.105067,-0.183234,1.430398,-2.827676,-37.744746,-6.237472,-0.082146,-0.170369,1.523280,-3.360011,-37.324727,-5.492369,0.011093,0.464314,0.548303,-0.365460,0.032274,0.000000,11.408189,43.611367,-2.254607,-14.749193,4.656510,-0.051572,-0.533651,0.223558,0.882107,0.879636,1.122044,-2.301741,-0.537235,0.088548,0.701220,-1.159793,1.558759,2.248622,5
3479706312446,-0.105055,-0.182744,1.430976,-2.828069,-37.744714,-6.237472,-0.081904,-0.169830,1.524654,-3.365443,-37.320351,-5.484628,0.011885,0.470653,0.553057,-0.376850,0.031325,0.000000,11.521522,42.903312,-2.464205,-14.883857,4.724063,-0.051857,-0.533991,0.223618,0.881540,0.881075,1.122951,-2.300566,-0.537235,0.088548,0.701220,-1.159793,1.558759,2.248622,5
3479707315272,-0.105046,-0.182292,1.431508,-2.828457,-37.744682,-6.237471,-0.081661,-0.169289,1.526037,-3.370907,-37.315948,-5.476841,0.008716,0.474615,0.554642,-0.388241,0.033224,0.000000,11.986048,43.043492,-2.322289,-14.908768,4.720149,-0.051950,-0.534302,0.223675,0.881022,0.882374,1.123803,-2.299518,-0.537235,0.088548,0.701220,-1.159793,1.558759,2.248622,5
3479708283515,-0.105035,-0.181798,1.432090,-2.828846,-37.744646,-6.237469,-0.081417,-0.168744,1.527429,-3.376405,-37.311519,-5.469007,0.011093,0.474615,0.558604,-0.388241,0.034173,0.000000,11.970262,43.794495,-2.131417,-14.976307,4.730561,-0.052630,-0.534643,0.223736,0.880450,0.883843,1.124706,-2.298315,-0.537235,0.088548,0.701220,-1.159793,1.558759,2.248622,5
3479709283538,-0.105021,-0.181317,1.432647,-2.829252,-37.744609,-6.237473,-0.081171,-0.168196,1.528828,-3.381935,-37.307064,-5.461126,0.014262,0.480954,0.557019,-0.406277,0.037021,-0.004746,11.915789,43.476993,-2.015884,-15.047721,4.754386,-0.052698,-0.534973,0.223794,0.879904,0.885211,1.125604,-2.297206,-0.537235,0.088548,0.701220,-1.159793,1.558759,2.248622,5
3479710312105,-0.105010,-0.180840,1.433189,-2.829664,-37.744572,-6.237471,-0.080924,-0.167645,1.530236,-3.387499,-37.302582,-5.453198,0.010300,0.476992,0.563358,-0.411973,0.036071,0.002848,12.460048,45.176932,-1.596817,-15.005183,4.705580,-0.053040,-0.535297,0.223854,0.879370,0.886550,1.126490,-2.296126,-0.537235,0.088548,0.701220,-1.159793,1.558759,2.248622,5
3479711283740,-0.104998,-0.180376,1.433755,-2.830072,-37.744528,-6.237471,-0.080675,-0.167091,1.531652,-3.393095,-37.298073,-5.445223,0.011093,0.484915,0.565735,-0.423364,0.044615,0.000000,12.590381,44.349389,-1.746578,-15.129146,4.758573,-0.053290,-0.535616,0.223914,0.878830,0.887903,1.127376,-2.295033,-0.537235,0.088548,0.701220,-1.159793,1.558759,2.248622,5
3479712283489,-0.104985,-0.179889,1.434324,-2.830498,-37.744485,-6.237471,-0.080425,-0.166533,1.533077,-3.398724,-37.293538,-5.437202,0.013470,0.486500,0.569696,-0.426211,0.042716,0.000000,12.580289,44.800090,-1.627868,-15.211042,4.782188,-0.053889,-0.535947,0.223975,0.878277,0.889291,1.128291,-2.293911,-0.537235,0.088548,0.701220,-1.159793,1.558759,2.248622,5
3479713283498,-0.104972,-0.179378,1.434916,-2.830953,-37.744439,-6.237472,-0.080173,-0.165972,1.534510,-3.404386,-37.288976,-5.429133,0.011093,0.490462,0.568904,-0.437602,0.044615,0.000000,12.996168,44.935641,-1.431920,-15.231751,4.773194,-0.054022,-0.536293,0.224039,0.877702,0.890730,1.129254,-2.292751,-0.537235,0.088548,0.701220,-1.159793,1.558759,2.248622,5
3479714283190,-0.104960,-0.178905,1.435472,-2.831380,-37.744391,-6.237472,-0.079920,-0.165408,1.535951,-3.410081,-37.284388,-5.421017,0.011885,0.493631,0.577620,-0.444247,0.050310,0.000000,13.128748,44.904290,-1.554829,-15.351343,4.823459,-0.054470,-0.536613,0.224100,0.877167,0.892064,1.130150,-2.291680,-0.537235,0.088548,0.701220,-1.159793,1.558759,2.248622,5
3479715283246,-0.104945,-0.178408,1.436049,-2.831831,-37.744344,-6.237472,-0.079666,-0.164840,1.537401,-3.415810,-37.279773,-5.412855,0.015055,0.496801,0.577620,-0.450892,0.046513,0.000000,13.064123,45.180934,-1.362203,-15.420058,4.840005,-0.054977,-0.536948,0.224162,0.876607,0.893461,1.131092,-2.290553,-0.537235,0.088548,0.701220,-1.159793,1.558759,2.248622,5
3479716283320,-0.104932,-0.177911,1.436627,-2.832299,-37.744294,-6.237470,-0.079410,-0.164269,1.538859,-3.421571,-37.275132,-5.404645,0.012678,0.497593,0.577620,-0.467978,0.050310,0.002848,13.512921,46.123877,-0.937849,-15.378438,4.793665,-0.054959,-0.537281,0.224227,0.876051,0.894842,1.132042,-2.289448,-0.537235,0.088548,0.701220,-1.159793,1.558759,2.248622,5
3479717312167,-0.104917,-0.177408,1.437216,-2.832771,-37.744241,-6.237472,-0.079152,-0.163695,1.540325,-3.427365,-37.270463,-5.396388,0.015055,0.503139,0.589505,-0.471775,0.053158,-0.002848,13.497654,45.303024,-1.393681,-15.590676,4.903927,-0.055505,-0.537619,0.224292,0.875486,0.896244,1.133007,-2.288325,-0.537235,0.088548,0.701220,-1.159793,1.558759,2.248622,5
3479718283383,-0.104902,-0.176905,1.437805,-2.833252,-37.744187,-6.237471,-0.078893,-0.163118,1.541800,-3.433192,-37.265769,-5.388084,0.015055,0.503139,0.588713,-0.481267,0.054107,0.000000,13.732362,46.406248,-0.930904,-15.568876,4.862982,-0.055821,-0.537955,0.224357,0.874922,0.897642,1.133974,-2.287205,-0.537235,0.088548,0.701220,-1.159793,1.558759,2.248622,5
3479719283297,-0.104883,-0.176398,1.438403,-2.833737,-37.744136,-6.237472,-0.078633,-0.162537,1.543283,-3.439053,-37.261047,-5.379733,0.019016,0.506309,0.597428,-0.485064,0.051259,0.000000,13.590945,46.270517,-1.114857,-15.730943,4.940580,-0.056495,-0.538295,0.224420,0.874351,0.899065,1.134955,-2.286060,-0.537235,0.088548,0.701220,-1.159793,1.558759,2.248622,5
3479720283288,-0.104868,-0.175868,1.439025,-2.834252,-37.744076,-6.237472,-0.078371,-0.161953,1.544774,-3.444946,-37.256299,-5.371334,0.017432,0.509478,0.595844,-0.493608,0.053158,0.000000,13.956062,46.614473,-0.849258,-15.746750,4.924151,-0.056757,-0.538647,0.224489,0.873758,0.900536,1.135980,-2.284885,-0.537235,0.088548,0.701220,-1.159793,1.558759,2.248622,5
3479721283520,-0.104852,-0.175373,1.439612,-2.834731,-37.744020,-6.237472,-0.078107,-0.161366,1.546274,-3.450873,-37.251524,-5.362888,0.016639,0.516609,0.610106,-0.497405,0.056955,0.000000,14.208779,45.388972,-1.478103,-15.977261,5.049320,-0.057303,-0.538978,0.224553,0.873199,0.901929,1.136939,-2.283765,-0.537235,0.088548,0.701220,-1.159793,1.558759,2.248622,5
3479722282988,-0.104835,-0.174852,1.440229,-2.835246,-37.743959,-6.237472,-0.077843,-0.160775,1.547783,-3.456833,-37.246722,-5.354395,0.016639,0.520571,0.616445,-0.515440,0.060752,0.000000,14.454154,45.280153,-1.535466,-16.062886,5.087309,-0.057366,-0.539323,0.224621,0.872615,0.903378,1.137954,-2.282606,-0.537235,0.088548,0.701220,-1.159793,1.558759,2.248622,5
3479723283484,-0.104817,-0.174333,1.440850,-2.835765,-37.743904,-6.237469,-0.077576,-0.160181,1.549299,-3.462827,-37.241894,-5.345855,0.018224,0.518986,0.621199,-0.518288,0.055056,0.002848,14.542156,46.427337,-1.257452,-16.102516,5.085538,-0.057984,-0.539668,0.224687,0.872027,0.904850,1.138973,-2.281423,-0.537235,0.088548,0.701220,-1.159793,1.558759,2.248622,5
3479724283292,-0.104800,-0.173811,1.441475,-2.836286,-37.743844,-6.237471,-0.077308,-0.159584,1.550824,-3.468853,-37.237039,-5.337267,0.017432,0.522156,0.625161,-0.521136,0.059802,0.000000,14.829681,46.542801,-1.225310,-16.184797,5.107296,-0.058453,-0.540015,0.224754,0.871437,0.906322,1.140000,-2.280241,-0.537235,0.088548,0.701220,-1.159793,1.558759,2.248622,5
3479725283427,-0.104781,-0.173282,1.442115,-2.836819,-37.743788,-6.237471,-0.077039,-0.158984,1.552358,-3.474913,-37.232157,-5.328632,0.018224,0.529287,0.639423,-0.533476,0.056005,0.000000,14.973148,45.271392,-1.868278,-16.418675,5.244973,-0.058793,-0.540366,0.224822,0.870834,0.907836,1.141048,-2.279022,-0.537235,0.088548,0.701220,-1.159793,1.558759,2.248622,5
3479726283367,-0.104762,-0.172753,1.442759,-2.837349,-37.743728,-6.237471,-0.076768,-0.158380,1.553900,-3.481006,-37.227248,-5.319949,0.019016,0.528494,0.644177,-0.529679,0.059802,0.000000,15.126138,46.219694,-1.653427,-16.477711,5.244888,-0.059567,-0.540717,0.224890,0.870229,0.909363,1.142093,-2.277789,-0.537235,0.088548,0.701220,-1.159793,1.558759,2.248622,5
3479727283608,-0.104743,-0.172215,1.443412,-2.837892,-37.743668,-6.237470,-0.076496,-0.157773,1.555450,-3.487132,-37.222312,-5.311219,0.019016,0.538003,0.652893,-0.542968,0.060752,0.000000,15.347059,44.664416,-2.205570,-16.688068,5.363158,-0.059847,-0.541073,0.224959,0.869615,0.910914,1.143157,-2.276537,-0.537235,0.088548,0.701220,-1.159793,1.558759,2.248622,5
3479728312447,-0.104722,-0.171670,1.444072,-2.838438,-37.743607,-6.237471,-0.076222,-0.157163,1.557009,-3.493292,-37.217350,-5.302442,0.021393,0.545926,0.660024,-0.545816,0.060752,0.000000,15.347765,43.466453,-2.645900,-16.904864,5.474256,-0.060541,-0.541434,0.225027,0.868992,0.912495,1.144232,-2.275255,-0.537235,0.088548,0.701220,-1.159793,1.558759,2.248622,5
3479729323223,-0.104703,-0.171127,1.444735,-2.838992,-37.743547,-6.237472,-0.075947,-0.156549,1.558576,-3.499484,-37.212360,-5.293617,0.019016,0.542757,0.663193,-0.554359,0.059802,0.000000,15.814700,45.095205,-2.171199,-16.863777,5.423765,-0.060784,-0.541793,0.225097,0.868371,0.914072,1.145315,-2.273979,-0.537235,0.088548,0.701220,-1.159793,1.558759,2.248622,5
3479730322993,-0.104682,-0.170575,1.445412,-2.839547,-37.743489,-6.237471,-0.075670,-0.155932,1.560152,-3.505711,-37.207344,-5.284744,0.020601,0.551472,0.676663,-0.554359,0.057904,0.000000,15.870087,43.401080,-2.946854,-17.154583,5.585567,-0.061579,-0.542157,0.225166,0.867734,0.915710,1.146407,-2.272645,-0.537235,0.088548,0.701220,-1.159793,1.558759,2.248622,5
3479731312363,-0.104659,-0.169993,1.446098,-2.840129,-37.743427,-6.237470,-0.075392,-0.155312,1.561736,-3.511970,-37.202301,-5.275824,0.020601,0.561773,0.686171,-0.561953,0.061701,0.000000,16.087322,41.519656,-3.629898,-17.404563,5.723405,-0.062066,-0.542538,0.225238,0.867080,0.917390,1.147543,-2.271278,-0.537235,0.088548,0.701220,-1.159793,1.558759,2.248622,5
3479732316690,-0.104636,-0.169432,1.446823,-2.840702,-37.743367,-6.237472,-0.075113,-0.154689,1.563329,-3.518263,-37.197231,-5.266856,0.022978,0.560981,0.694887,-0.572395,0.057904,-0.002848,16.140618,42.278154,-3.576095,-17.491650,5.758242,-0.062435,-0.542913,0.225308,0.866411,0.919123,1.148683,-2.269857,-0.537235,0.088548,0.701220,-1.159793,1.558759,2.248622,5
3479733315022,-0.104613,-0.168866,1.447523,-2.841273,-37.743303,-6.237471,-0.074831,-0.154062,1.564930,-3.524590,-37.192134,-5.257841,0.023770,0.565735,0.700433,-0.571446,0.063599,0.000000,16.299409,41.872025,-3.759775,-17.643488,5.820137,-0.063229,-0.543285,0.225378,0.865755,0.920827,1.149805,-2.268462,-0.537235,0.088548,0.701220,-1.159793,1.558759,2.248622,5
3479734315933,-0.104589,-0.168296,1.448229,-2.841846,-37.743245,-6.237472,-0.074549,-0.153432,1.566539,-3.530950,-37.187010,-5.248778,0.024563,0.570489,0.705980,-0.572395,0.057904,0.000000,16.451612,41.439933,-3.964188,-17.798249,5.892428,-0.063921,-0.543661,0.225447,0.865092,0.922565,1.150938,-2.267033,-0.537235,0.088548,0.701220,-1.159793,1.558759,2.248622,5
3479735326987,-0.104563,-0.167718,1.448941,-2.842422,-37.743182,-6.237471,-0.074265,-0.152798,1.568157,-3.537343,-37.181859,-5.239667,0.025355,0.577620,0.711526,-0.576192,0.063599,0.000000,16.615848,40.493993,-4.285238,-17.977256,5.976058,-0.064543,-0.544041,0.225517,0.864423,0.924323,1.152076,-2.265584,-0.537235,0.088548,0.701220,-1.159793,1.558759,2.248622,5
3479736313129,-0.104537,-0.167141,1.449662,-2.843007,-37.743125,-6.237472,-0.073979,-0.152162,1.569784,-3.543770,-37.176682,-5.230509,0.026147,0.577620,0.721034,-0.585684,0.056955,0.000000,16.803801,41.023744,-4.319806,-18.076619,6.021144,-0.064951,-0.544421,0.225586,0.863747,0.926107,1.153231,-2.264111,-0.537235,0.088548,0.701220,-1.159793,1.558759,2.248622,5
3479737283538,-0.104509,-0.166561,1.450387,-2.843594,-37.743061,-6.237470,-0.073692,-0.151521,1.571418,-3.550230,-37.171477,-5.221303,0.028524,0.579205,0.724996,-0.586634,0.063599,0.000000,16.849841,41.426142,-4.232373,-18.174606,6.045952,-0.065687,-0.544801,0.225654,0.863069,0.927901,1.154383,-2.262626,-0.537235,0.088548,0.701220,-1.159793,1.558759,2.248622,5
3479738313665,-0.104479,-0.165975,1.451119,-2.844210,-37.742997,-6.237471,-0.073403,-0.150878,1.573062,-3.556724,-37.166245,-5.212050,0.030901,0.586336,0.732127,-0.589481,0.063599,0.000000,16.875830,40.378513,-4.643509,-18.386963,6.153309,-0.066406,-0.545185,0.225725,0.862388,0.929690,1.155567,-2.261152,-0.537235,0.088548,0.701220,-1.159793,1.558759,2.248622,5
3479739318097,-0.104453,-0.165387,1.451858,-2.844785,-37.742936,-6.237472,-0.073113,-0.150231,1.574714,-3.563251,-37.160987,-5.202748,0.028524,0.587920,0.739258,-0.600872,0.061701,0.000000,17.348511,40.679807,-4.661186,-18.460691,6.181581,-0.066659,-0.545571,0.225793,0.861694,0.931563,1.156725,-2.259590,-0.537235,0.088548,0.701220,-1.159793,1.558759,2.248622,5
3479740328182,-0.104422,-0.164820,1.452567,-2.845364,-37.742873,-6.237471,-0.072822,-0.149581,1.576374,-3.569812,-37.155701,-5.193399,0.029317,0.591882,0.739258,-0.605619,0.064549,0.000000,17.536101,40.792586,-4.525230,-18.535457,6.195972,-0.067225,-0.545941,0.225859,0.861031,0.933335,1.157854,-2.258116,-0.537235,0.088548,0.701220,-1.159793,1.558759,2.248622,5
3479741312377,-0.104388,-0.164202,1.453341,-2.846002,-37.742802,-6.237470,-0.072529,-0.148928,1.578043,-3.576406,-37.150388,-5.184002,0.031694,0.594259,0.743220,-0.614162,0.066447,0.000000,17.603098,40.963543,-4.500096,-18.638429,6.233227,-0.067732,-0.546344,0.225930,0.860309,0.935264,1.159088,-2.256512,-0.537235,0.088548,0.701220,-1.159793,1.558759,2.248622,5
3479742311849,-0.104355,-0.163601,1.454060,-2.846625,-37.742736,-6.237472,-0.072234,-0.148271,1.579720,-3.583034,-37.145049,-5.174558,0.032486,0.600598,0.749559,-0.622705,0.071193,0.000000,17.794400,40.198081,-4.778310,-18.802181,6.311053,-0.068218,-0.546731,0.225999,0.859629,0.937077,1.160275,-2.255009,-0.537235,0.088548,0.701220,-1.159793,1.558759,2.248622,5
3479743328220,-0.104319,-0.163003,1.454841,-2.847279,-37.742660,-6.237471,-0.071938,-0.147611,1.581406,-3.589695,-37.139682,-5.165065,0.036448,0.598221,0.751143,-0.628401,0.072143,0.000000,17.740557,41.615947,-4.351154,-18.825869,6.291485,-0.068832,-0.547121,0.226069,0.858918,0.938967,1.161510,-2.253441,-0.537235,0.088548,0.701220,-1.159793,1.558759,2.248622,5
3479744313235,-0.104286,-0.162420,1.455566,-2.847895,-37.742590,-6.237472,-0.071640,-0.146948,1.583100,-3.596390,-37.134288,-5.155525,0.036448,0.606144,0.754313,-0.642639,0.074990,-0.002848,18.013103,40.715664,-4.560461,-18.963104,6.356990,-0.069066,-0.547498,0.226136,0.858244,0.940773,1.162680,-2.251940,-0.537235,0.088548,0.701220,-1.159793,1.558759,2.248622,5
3479745315510,-0.104251,-0.161787,1.456353,-2.848549,-37.742505,-6.237472,-0.071341,-0.146281,1.584803,-3.603118,-37.128868,-5.145937,0.034863,0.607729,0.753521,-0.654030,0.078787,0.000000,18.451416,41.321605,-4.265472,-18.974735,6.336326,-0.069376,-0.547905,0.226209,0.857511,0.942749,1.163931,-2.250294,-0.537235,0.088548,0.701220,-1.159793,1.558759,2.248622,5
3479746313713,-0.104212,-0.161177,1.457104,-2.849231,-37.742425,-6.237469,-0.071041,-0.145611,1.586514,-3.609880,-37.123420,-5.136301,0.038033,0.610898,0.751143,-0.657827,0.079737,0.002848,18.453487,41.641109,-4.017978,-19.042856,6.343333,-0.070089,-0.548295,0.226279,0.856817,0.944592,1.165172,-2.248768,-0.537235,0.088548,0.701220,-1.159793,1.558759,2.248622,5
3479747284265,-0.104178,-0.160566,1.457852,-2.849880,-37.742342,-6.237472,-0.070739,-0.144938,1.588234,-3.616676,-37.117945,-5.126617,0.037240,0.610898,0.747974,-0.676812,0.082584,0.000000,18.850946,42.845656,-3.455235,-18.987967,6.283846,-0.070074,-0.548685,0.226349,0.856120,0.946466,1.166388,-2.247210,-0.537235,0.088548,0.701220,-1.159793,1.558759,2.248622,5
3479748283828,-0.104139,-0.159944,1.458606,-2.850571,-37.742251,-6.237472,-0.070435,-0.144261,1.589962,-3.623505,-37.112443,-5.116886,0.038825,0.621199,0.753521,-0.691051,0.091128,0.000000,18.996977,41.232917,-3.926711,-19.197405,6.392975,-0.070437,-0.549078,0.226421,0.855423,0.948316,1.167638,-2.245682,-0.537235,0.088548,0.701220,-1.159793,1.558759,2.248622,5
3479749313946,-0.104096,-0.159327,1.459358,-2.851275,-37.742156,-6.237471,-0.070130,-0.143581,1.591699,-3.630368,-37.106914,-5.107106,0.042787,0.617237,0.752728,-0.704340,0.094925,0.000000,18.983855,43.197715,-3.240519,-19.151645,6.330594,-0.070794,-0.549469,0.226492,0.854731,0.950141,1.168893,-2.244175,-0.537235,0.088548,0.701220,-1.159793,1.558759,2.248622,5
3479750314336,-0.104055,-0.158729,1.460076,-2.851964,-37.742056,-6.237472,-0.069824,-0.142898,1.593444,-3.637264,-37.101358,-5.097279,0.043579,0.625161,0.749559,-0.717630,0.103468,0.000000,19.214937,42.620556,-3.161700,-19.232788,6.350978,-0.071109,-0.549844,0.226560,0.854072,0.951865,1.170103,-2.242759,-0.537235,0.088548,0.701220,-1.159793,1.558759,2.248622,5
3479751314162,-0.104011,-0.158105,1.460827,-2.852701,-37.741948,-6.237470,-0.069516,-0.142211,1.595198,-3.644194,-37.095775,-5.087403,0.043579,0.624368,0.751143,-0.737564,0.107265,0.002848,19.557959,43.799636,-2.738546,-19.212094,6.315261,-0.071189,-0.550234,0.226633,0.853386,0.953655,1.171377,-2.241291,-0.537235,0.088548,0.701220,-1.159793,1.558759,2.248622,5
3479752283512,-0.103966,-0.157453,1.461606,-2.853484,-37.741834,-6.237472,-0.069207,-0.141521,1.596960,-3.651157,-37.090165,-5.077480,0.044371,0.627538,0.751936,-0.749904,0.112011,0.000000,19.810648,43.988257,-2.592540,-19.273949,6.326278,-0.071470,-0.550639,0.226710,0.852675,0.955495,1.172718,-2.239789,-0.537235,0.088548,0.701220,-1.159793,1.558759,2.248622,5
3479753316443,-0.103920,-0.156824,1.462350,-2.854255,-37.741720,-6.237471,-0.068896,-0.140828,1.598731,-3.658154,-37.084528,-5.067509,0.045956,0.628330,0.744012,-0.770787,0.113909,0.000000,20.027269,45.241309,-1.868080,-19.198058,6.250883,-0.071496,-0.551027,0.226783,0.851998,0.957238,1.174014,-2.238370,-0.537235,0.088548,0.701220,-1.159793,1.558759,2.248622,5
3479754311683,-0.103874,-0.156191,1.463094,-2.855032,-37.741600,-6.237472,-0.068583,-0.140132,1.600510,-3.665185,-37.078863,-5.057490,0.045956,0.633084,0.743220,-0.776483,0.119605,0.000000,20.333119,45.183651,-1.746699,-19.272123,6.263326,-0.072016,-0.551416,0.226857,0.851321,0.958977,1.175314,-2.236955,-0.537235,0.088548,0.701220,-1.159793,1.558759,2.248622,5
3479755315077,-0.103827,-0.155584,1.463807,-2.855792,-37.741483,-6.237469,-0.068269,-0.139432,1.602298,-3.672250,-37.073172,-5.047423,0.049125,0.631499,0.744012,-0.795468,0.121503,0.003797,20.406277,46.651088,-1.212565,-19.249668,6.223033,-0.072243,-0.551789,0.226928,0.850675,0.960634,1.176569,-2.235607,-0.537235,0.088548,0.701220,-1.159793,1.558759,2.248622,5
3479756313540,-0.103775,-0.154923,1.464586,-2.856637,-37.741351,-6.237471,-0.067954,-0.138728,1.604094,-3.679348,-37.067453,-5.037309,0.049125,0.634669,0.747182,-0.807808,0.123402,0.000000,20.736097,46.741313,-1.163845,-19.328333,6.248244,-0.072491,-0.552193,0.227005,0.849973,0.962417,1.177952,-2.234164,-0.537235,0.088548,0.701220,-1.159793,1.558759,2.248622,5
3479757314228,-0.103721,-0.154283,1.465338,-2.857457,-37.741222,-6.237470,-0.067637,-0.138022,1.605899,-3.686479,-37.061708,-5.027146,0.053879,0.639423,0.752728,-0.820148,0.129097,0.000000,20.641355,46.422191,-1.282675,-19.478636,6.314921,-0.072985,-0.552584,0.227078,0.849296,0.964145,1.179288,-2.232759,-0.537235,0.088548,0.701220,-1.159793,1.558759,2.248622,5
3479758313185,-0.103666,-0.153641,1.466101,-2.858294,-37.741087,-6.237471,-0.067318,-0.137312,1.607712,-3.693645,-37.055935,-5.016935,0.055464,0.641800,0.763029,-0.837235,0.134793,0.000000,20.842967,46.472660,-1.427841,-19.603661,6.373460,-0.073225,-0.552975,0.227151,0.848615,0.965874,1.180642,-2.231357,-0.537235,0.088548,0.701220,-1.159793,1.558759,2.248622,5
3479759283640,-0.103613,-0.152994,1.466862,-2.859144,-37.740950,-6.237471,-0.066998,-0.136599,1.609534,-3.700843,-37.050135,-5.006677,0.053087,0.647346,0.760652,-0.849575,0.137641,0.000000,21.387338,46.348443,-1.264863,-19.644600,6.372645,-0.073454,-0.553367,0.227227,0.847935,0.967598,1.182005,-2.229961,-0.537235,0.088548,0.701220,-1.159793,1.558759,2.248622,5
3479760283384,-0.103555,-0.152349,1.467636,-2.859998,-37.740810,-6.237472,-0.066677,-0.135882,1.611364,-3.708076,-37.044308,-4.996370,0.057841,0.644969,0.774122,-0.854321,0.139539,0.000000,21.294667,47.261954,-1.310331,-19.782167,6.429177,-0.074183,-0.553759,0.227300,0.847248,0.969347,1.183377,-2.228540,-0.537235,0.088548,0.701220,-1.159793,1.558759,2.248622,5
3479761283374,-0.103498,-0.151697,1.468413,-2.860863,-37.740669,-6.237472,-0.066354,-0.135162,1.613203,-3.715342,-37.038454,-4.986016,0.057049,0.652100,0.777291,-0.864763,0.141438,0.000000,21.688493,46.499905,-1.495271,-19.916460,6.489624,-0.074566,-0.554154,0.227374,0.846558,0.971112,1.184760,-2.227104,-0.537235,0.088548,0.701220,-1.159793,1.558759,2.248622,5
3479762312053,-0.103441,-0.151070,1.469167,-2.861700,-37.740532,-6.237472,-0.066030,-0.134439,1.615051,-3.722642,-37.032573,-4.975614,0.057841,0.654477,0.786799,-0.876154,0.143336,0.000000,21.952837,46.621220,-1.613575,-20.040102,6.544340,-0.074973,-0.554533,0.227445,0.845891,0.972821,1.186098,-2.225710,-0.537235,0.088548,0.701220,-1.159793,1.558759,2.248622,5
3479763312339,-0.103384,-0.150407,1.469963,-2.862588,-37.740394,-6.237471,-0.065704,-0.133712,1.616906,-3.729975,-37.026665,-4.965163,0.057841,0.663193,0.796307,-0.887545,0.138590,0.000000,22.269965,45.174098,-2.183933,-20.266708,6.672446,-0.075393,-0.554933,0.227520,0.845185,0.974653,1.187515,-2.224212,-0.537235,0.088548,0.701220,-1.159793,1.558759,2.248622,5
3479764312225,-0.103322,-0.149740,1.470770,-2.863483,-37.740251,-6.237472,-0.065376,-0.132982,1.618771,-3.737343,-37.020730,-4.954665,0.061803,0.667155,0.806608,-0.895139,0.142387,0.000000,22.252049,44.766474,-2.493880,-20.461872,6.767863,-0.076041,-0.555336,0.227594,0.844472,0.976507,1.188945,-2.222690,-0.537235,0.088548,0.701220,-1.159793,1.558759,2.248622,5
3479765312478,-0.103256,-0.149043,1.471626,-2.864421,-37.740097,-6.237471,-0.065047,-0.132249,1.620644,-3.744743,-37.014767,-4.944119,0.062595,0.668740,0.821662,-0.897986,0.150930,0.000000,22.518266,44.606336,-2.896198,-20.660835,6.863292,-0.076748,-0.555757,0.227670,0.843721,0.978473,1.190443,-2.221071,-0.537235,0.088548,0.701220,-1.159793,1.558759,2.248622,5
3479766311514,-0.103192,-0.148368,1.472454,-2.865332,-37.739948,-6.237471,-0.064717,-0.131512,1.622525,-3.752178,-37.008778,-4.933525,0.064180,0.675078,0.828001,-0.911276,0.149032,0.000000,22.721295,43.847538,-3.183557,-20.830580,6.950686,-0.077141,-0.556165,0.227744,0.842993,0.980384,1.191895,-2.219495,-0.537235,0.088548,0.701220,-1.159793,1.558759,2.248622,5
3479767313039,-0.103130,-0.147678,1.473298,-2.866252,-37.739804,-6.237471,-0.064385,-0.130772,1.624415,-3.759646,-37.002761,-4.922883,0.061803,0.690133,0.844640,-0.919819,0.144285,0.000000,23.230579,40.564200,-4.482808,-21.216968,7.186750,-0.077666,-0.556580,0.227820,0.842247,0.982379,1.193374,-2.217841,-0.537235,0.088548,0.701220,-1.159793,1.558759,2.248622,5
3479768312014,-0.103063,-0.146985,1.474148,-2.867172,-37.739654,-6.237471,-0.064052,-0.130029,1.626313,-3.767147,-36.996718,-4.912193,0.067349,0.693302,0.850187,-0.920768,0.149981,0.000000,23.076597,40.471195,-4.594026,-21.388627,7.256138,-0.078569,-0.556998,0.227893,0.841496,0.984394,1.194853,-2.216162,-0.537235,0.088548,0.701220,-1.159793,1.558759,2.248622,5
3479769312007,-0.102996,-0.146288,1.475014,-2.868104,-37.739505,-6.237471,-0.063717,-0.129282,1.628220,-3.774682,-36.990647,-4.901455,0.066557,0.696472,0.865241,-0.931210,0.149032,0.000000,23.498080,39.999923,-5.074429,-21.587657,7.364674,-0.079010,-0.557417,0.227967,0.840735,0.986453,1.196350,-2.214443,-0.537235,0.088548,0.701220,-1.159793,1.558759,2.248622,5
3479770283480,-0.102931,-0.145585,1.475884,-2.869042,-37.739361,-6.237471,-0.063381,-0.128533,1.630136,-3.782251,-36.984549,-4.890669,0.064972,0.703603,0.870788,-0.938804,0.144285,0.000000,23.981494,39.017665,-5.429830,-21.762870,7.454601,-0.079506,-0.557839,0.228042,0.839966,0.988556,1.197862,-2.212683,-0.537235,0.088548,0.701220,-1.159793,1.558759,2.248622,5
3479771283589,-0.102860,-0.144874,1.476765,-2.869990,-37.739214,-6.237471,-0.063043,-0.127779,1.632060,-3.789854,-36.978424,-4.879836,0.071311,0.710734,0.880296,-0.947347,0.147133,0.000000,23.765351,37.839689,-5.942929,-22.023572,7.592162,-0.080240,-0.558266,0.228114,0.839189,0.990694,1.199387,-2.210882,-0.537235,0.088548,0.701220,-1.159793,1.558759,2.248622,5
3479772313229,-0.102786,-0.144156,1.477658,-2.870943,-37.739067,-6.237470,-0.062703,-0.127023,1.633992,-3.797490,-36.972272,-4.868954,0.073688,0.717865,0.893766,-0.953043,0.147133,0.000000,23.890393,36.458691,-6.643010,-22.305122,7.747422,-0.080965,-0.558698,0.228186,0.838400,0.992890,1.200925,-2.209025,-0.537235,0.088548,0.701220,-1.159793,1.558759,2.248622,5
3479773314140,-0.102718,-0.143464,1.478521,-2.871865,-37.738930,-6.237471,-0.062362,-0.126263,1.635933,-3.805160,-36.966093,-4.858025,0.072896,0.723411,0.903274,-0.961586,0.143336,0.000000,24.311647,35.722628,-7.038307,-22.492736,7.845983,-0.081477,-0.559112,0.228255,0.837637,0.995028,1.202416,-2.207215,-0.537235,0.088548,0.701220,-1.159793,1.558759,2.248622,5
3479774312786,-0.102646,-0.142737,1.479426,-2.872829,-37.738781,-6.237471,-0.062020,-0.125500,1.637883,-3.812863,-36.959887,-4.847047,0.072103,0.727373,0.904859,-0.963484,0.149032,0.000000,24.747550,35.606947,-7.049302,-22.602465,7.878512,-0.082164,-0.559547,0.228328,0.836837,0.997285,1.203971,-2.205299,-0.537235,0.088548,0.701220,-1.159793,1.558759,2.248622,5
3479775315193,-0.102565,-0.141974,1.480378,-2.873849,-37.738625,-6.237472,-0.061676,-0.124733,1.639841,-3.820600,-36.953654,-4.836022,0.076065,0.732127,0.915159,-0.977723,0.149981,0.000000,24.779072,34.858189,-7.475772,-22.818825,7.994889,-0.082639,-0.560003,0.228402,0.835998,0.999662,1.205612,-2.203275,-0.537235,0.088548,0.701220,-1.159793,1.558759,2.248622,5
3479776312264,-0.102484,-0.141238,1.481302,-2.874838,-37.738477,-6.237470,-0.061331,-0.123963,1.641807,-3.828370,-36.947393,-4.824949,0.081612,0.736089,0.923875,-0.988165,0.148082,0.000000,24.655783,34.410539,-7.779172,-23.023213,8.099501,-0.083278,-0.560443,0.228470,0.835184,1.001991,1.207198,-2.201282,-0.537235,0.088548,0.701220,-1.159793,1.558759,2.248622,5
3479777312692,-0.102401,-0.140496,1.482223,-2.875835,-37.738326,-6.237472,-0.060984,-0.123190,1.643782,-3.836174,-36.941106,-4.813828,0.082404,0.742428,0.921498,-0.997657,0.150930,0.000000,24.967408,33.944237,-7.755045,-23.128032,8.134352,-0.083774,-0.560885,0.228539,0.834370,1.004322,1.208795,-2.199286,-0.537235,0.088548,0.701220,-1.159793,1.558759,2.248622,5
3479778283821,-0.102318,-0.139753,1.483153,-2.876845,-37.738169,-6.237471,-0.060636,-0.122413,1.645766,-3.844012,-36.934792,-4.802660,0.083196,0.742428,0.930214,-1.009997,0.156626,0.000000,25.303821,34.454901,-7.782080,-23.233303,8.173648,-0.084188,-0.561325,0.228608,0.833554,1.006666,1.210401,-2.197279,-0.537235,0.088548,0.701220,-1.159793,1.558759,2.248622,5
3479779283815,-0.102232,-0.139039,1.484043,-2.877873,-37.738017,-6.237472,-0.060286,-0.121633,1.647757,-3.851883,-36.928450,-4.791443,0.085573,0.744012,0.924667,-1.028033,0.161372,0.000000,25.519231,35.368826,-7.251883,-23.217053,8.131702,-0.084404,-0.561747,0.228674,0.832782,1.008839,1.211989,-2.195429,-0.537235,0.088548,0.701220,-1.159793,1.558759,2.248622,5
3479780313616,-0.102145,-0.138259,1.485007,-2.878916,-37.737846,-6.237470,-0.059935,-0.120850,1.649758,-3.859788,-36.922082,-4.780179,0.087158,0.746389,0.923875,-1.042272,0.163270,0.000000,25.796618,35.677259,-7.064377,-23.280073,8.142879,-0.084763,-0.562207,0.228745,0.831931,1.011319,1.213646,-2.193294,-0.537235,0.088548,0.701220,-1.159793,1.558759,2.248622,5
3479781315021,-0.102056,-0.137540,1.485889,-2.879927,-37.737681,-6.237472,-0.059582,-0.120064,1.651767,-3.867726,-36.915686,-4.768867,0.092704,0.749559,0.921498,-1.056510,0.172763,0.000000,25.715251,36.071243,-6.767224,-23.343897,8.146026,-0.085230,-0.562629,0.228809,0.831161,1.013514,1.215212,-2.191415,-0.537235,0.088548,0.701220,-1.159793,1.558759,2.248622,5
3479782283682,-0.101966,-0.136790,1.486801,-2.881001,-37.737506,-6.237470,-0.059228,-0.119274,1.653784,-3.875698,-36.909264,-4.757507,0.089535,0.750351,0.911990,-1.073597,0.174661,0.000000,26.446318,37.282616,-6.052434,-23.252947,8.057980,-0.085299,-0.563066,0.228877,0.830367,1.015775,1.216851,-2.189484,-0.537235,0.088548,0.701220,-1.159793,1.558759,2.248622,5
3479783312546,-0.101869,-0.136007,1.487750,-2.882143,-37.737314,-6.237470,-0.058872,-0.118481,1.655810,-3.883703,-36.902814,-4.746099,0.092704,0.751143,0.908820,-1.097328,0.183204,0.000000,26.632449,38.157540,-5.597063,-23.249529,8.027308,-0.085359,-0.563520,0.228948,0.829547,1.018090,1.218574,-2.187512,-0.537235,0.088548,0.701220,-1.159793,1.558759,2.248622,5
3479784313010,-0.101774,-0.135258,1.488648,-2.883260,-37.737117,-6.237472,-0.058515,-0.117684,1.657845,-3.891742,-36.896338,-4.734644,0.095081,0.748766,0.898520,-1.117262,0.197443,-0.002848,26.901491,40.184379,-4.604373,-23.122678,7.905404,-0.085422,-0.563951,0.229016,0.828776,1.020228,1.220232,-2.185701,-0.537235,0.088548,0.701220,-1.159793,1.558759,2.248622,5
3479785316076,-0.101682,-0.134537,1.489509,-2.884345,-37.736924,-6.237472,-0.058156,-0.116884,1.659887,-3.899814,-36.889835,-4.723140,0.097458,0.754313,0.896143,-1.134348,0.202189,0.000000,27.122397,40.089802,-4.428303,-23.192121,7.920100,-0.085754,-0.564365,0.229082,0.828039,1.022277,1.221830,-2.183966,-0.537235,0.088548,0.701220,-1.159793,1.558759,2.248622,5
3479786313185,-0.101580,-0.133751,1.490430,-2.885552,-37.736701,-6.237471,-0.057796,-0.116081,1.661939,-3.907920,-36.883304,-4.711590,0.099043,0.753521,0.885050,-1.156181,0.213580,0.000000,27.476526,41.717401,-3.525090,-23.079217,7.811457,-0.085774,-0.564812,0.229154,0.827253,1.024421,1.223576,-2.182161,-0.537235,0.088548,0.701220,-1.159793,1.558759,2.248622,5
3479787283259,-0.101482,-0.132998,1.491311,-2.886731,-37.736486,-6.237472,-0.057434,-0.115275,1.663998,-3.916059,-36.876747,-4.699991,0.098251,0.753521,0.881088,-1.178963,0.214529,0.000000,28.029714,42.927864,-2.945368,-23.024432,7.752570,-0.085732,-0.565238,0.229224,0.826506,1.026453,1.225268,-2.180454,-0.537235,0.088548,0.701220,-1.159793,1.558759,2.248622,5
3479788312621,-0.101383,-0.132242,1.492181,-2.887933,-37.736260,-6.237472,-0.057071,-0.114465,1.666067,-3.924232,-36.870162,-4.688345,0.099043,0.755105,0.870788,-1.202694,0.226870,0.000000,28.460475,44.102785,-2.162771,-22.933381,7.660224,-0.085684,-0.565663,0.229295,0.825771,1.028415,1.226969,-2.178817,-0.537235,0.088548,0.701220,-1.159793,1.558759,2.248622,5
3479789312503,-0.101279,-0.131487,1.493051,-2.889147,-37.736028,-6.237471,-0.056706,-0.113652,1.668143,-3.932438,-36.863551,-4.676651,0.103797,0.755898,0.869203,-1.214085,0.231616,0.000000,28.488684,44.967764,-1.766674,-22.971151,7.647082,-0.086176,-0.566087,0.229363,0.825040,1.030368,1.228675,-2.177183,-0.537235,0.088548,0.701220,-1.159793,1.558759,2.248622,5
3479790311318,-0.101177,-0.130759,1.493879,-2.890331,-37.735800,-6.237470,-0.056340,-0.112836,1.670229,-3.940678,-36.856913,-4.664909,0.105382,0.757482,0.865241,-1.237816,0.239210,0.000000,28.835975,45.939582,-1.218227,-22.938365,7.597368,-0.086180,-0.566494,0.229428,0.824345,1.032208,1.230323,-2.175648,-0.537235,0.088548,0.701220,-1.159793,1.558759,2.248622,5
3479791319614,-0.101067,-0.129968,1.494779,-2.891644,-37.735546,-6.237472,-0.055972,-0.112016,1.672322,-3.948951,-36.850248,-4.653120,0.104590,0.759859,0.864449,-1.259649,0.243007,0.000000,29.408488,46.410482,-0.933210,-22.953595,7.583823,-0.086183,-0.566933,0.229500,0.823597,1.034162,1.232135,-2.174027,-0.537235,0.088548,0.701220,-1.159793,1.558759,2.248622,5
3479792314093,-0.100960,-0.129208,1.495649,-2.892911,-37.735295,-6.237472,-0.055603,-0.111193,1.674424,-3.957257,-36.843556,-4.641283,0.106967,0.760652,0.869995,-1.267243,0.250601,0.000000,29.658397,46.965844,-0.836368,-23.049812,7.608498,-0.086757,-0.567356,0.229569,0.822877,1.036053,1.233879,-2.172455,-0.537235,0.088548,0.701220,-1.159793,1.558759,2.248622,5
3479793283359,-0.100848,-0.128443,1.496516,-2.894198,-37.735040,-6.237472,-0.055232,-0.110367,1.676535,-3.965597,-36.836837,-4.629399,0.111721,0.764613,0.867618,-1.287177,0.255347,0.000000,29.716956,47.208686,-0.556792,-23.104604,7.614011,-0.086981,-0.567779,0.229636,0.822160,1.037924,1.235638,-2.170898,-0.537235,0.088548,0.701220,-1.159793,1.558759,2.248622,5
3479794312790,-0.100736,-0.127676,1.497395,-2.895496,-37.734783,-6.237470,-0.054860,-0.109537,1.678654,-3.973970,-36.830091,-4.617467,0.112513,0.766990,0.878711,-1.297619,0.257246,0.000000,30.111747,47.160340,-0.789725,-23.263833,7.689569,-0.087454,-0.568203,0.229703,0.821437,1.039830,1.237409,-2.169306,-0.537235,0.088548,0.701220,-1.159793,1.558759,2.248622,5
3479795314909,-0.100626,-0.126902,1.498286,-2.896800,-37.734522,-6.237470,-0.054487,-0.108704,1.680781,-3.982377,-36.823318,-4.605488,0.109344,0.774122,0.890596,-1.304263,0.260093,0.000000,30.856193,45.977980,-1.364870,-23.487282,7.807485,-0.087983,-0.568630,0.229772,0.820704,1.041785,1.239195,-2.167671,-0.537235,0.088548,0.701220,-1.159793,1.558759,2.248622,5
3479796313899,-0.100516,-0.126152,1.499152,-2.898070,-37.734270,-6.237471,-0.054112,-0.107868,1.682917,-3.990816,-36.816519,-4.593461,0.113305,0.780460,0.903274,-1.325147,0.264840,0.000000,30.981559,45.074903,-1.834172,-23.708018,7.929562,-0.088247,-0.569044,0.229837,0.819993,1.043691,1.240932,-2.166068,-0.537235,0.088548,0.701220,-1.159793,1.558759,2.248622,5
3479797315377,-0.100393,-0.125336,1.500104,-2.899449,-37.734000,-6.237470,-0.053735,-0.107028,1.685062,-3.999290,-36.809692,-4.581386,0.116475,0.786799,0.911990,-1.325147,0.258195,0.000000,31.133262,44.020033,-2.332402,-23.961878,8.062123,-0.089138,-0.569496,0.229904,0.819211,1.045837,1.242825,-2.164248,-0.537235,0.088548,0.701220,-1.159793,1.558759,2.248622,5
3479798313111,-0.100275,-0.124544,1.501034,-2.900778,-37.733738,-6.237471,-0.053357,-0.106185,1.687214,-4.007796,-36.802839,-4.569264,0.118059,0.791553,0.930214,-1.328944,0.261992,0.000000,31.448323,43.030880,-3.059222,-24.251129,8.218851,-0.089909,-0.569934,0.229969,0.818446,1.047961,1.244658,-2.162437,-0.537235,0.088548,0.701220,-1.159793,1.558759,2.248622,5
3479799312709,-0.100156,-0.123745,1.501987,-2.902115,-37.733483,-6.237471,-0.052977,-0.105339,1.689375,-4.016336,-36.795959,-4.557095,0.118852,0.799477,0.952399,-1.337487,0.255347,0.000000,31.830216,41.124899,-4.159461,-24.617307,8.439455,-0.090548,-0.570376,0.230033,0.817662,1.050195,1.246513,-2.160518,-0.537235,0.088548,0.701220,-1.159793,1.558759,2.248622,5
3479800313604,-0.100035,-0.122936,1.502952,-2.903454,-37.733222,-6.237471,-0.052596,-0.104490,1.691545,-4.024909,-36.789052,-4.544878,0.121229,0.808192,0.965077,-1.339385,0.261043,0.000000,32.070903,39.438506,-4.920839,-24.926745,8.604734,-0.091413,-0.570824,0.230096,0.816866,1.052493,1.248377,-2.158534,-0.537235,0.088548,0.701220,-1.159793,1.558759,2.248622,5
3479801311963,-0.099908,-0.122119,1.503934,-2.904794,-37.732973,-6.237471,-0.052214,-0.103637,1.693723,-4.033515,-36.782118,-4.532614,0.127568,0.817701,0.982508,-1.339385,0.248702,0.000000,31.914011,37.261401,-5.992397,-25.334171,8.843340,-0.092473,-0.571278,0.230154,0.816050,1.054922,1.250259,-2.156412,-0.537235,0.088548,0.701220,-1.159793,1.558759,2.248622,5
3479802314436,-0.099782,-0.121300,1.504939,-2.906137,-37.732717,-6.237472,-0.051830,-0.102781,1.695909,-4.042154,-36.775158,-4.520303,0.125983,0.818493,1.004694,-1.343182,0.256296,0.000000,32.550081,36.953321,-6.669633,-25.593154,8.980062,-0.093182,-0.571733,0.230214,0.815221,1.057413,1.252151,-2.154231,-0.537235,0.088548,0.701220,-1.159793,1.558759,2.248622,5
3479803315113,-0.099651,-0.120471,1.505914,-2.907483,-37.732482,-6.237473,-0.051445,-0.101922,1.698104,-4.050827,-36.768171,-4.507944,0.130737,0.829586,1.017372,-1.346030,0.246804,0.000000,32.553912,34.653497,-7.616479,-25.961534,9.193183,-0.094104,-0.572193,0.230269,0.814400,1.059927,1.254046,-2.152016,-0.537235,0.088548,0.701220,-1.159793,1.558759,2.248622,5
3479804283314,-0.099519,-0.119628,1.506997,-2.908840,-37.732218,-6.237471,-0.051058,-0.101059,1.700307,-4.059533,-36.761157,-4.495538,0.131529,0.842263,1.040350,-1.356472,0.252499,0.002848,32.959474,31.562093,-9.069502,-26.412695,9.464812,-0.094800,-0.572664,0.230327,0.813511,1.062731,1.255988,-2.149528,-0.537235,0.088548,0.701220,-1.159793,1.558759,2.248622,5
3479805313393,-0.099389,-0.118782,1.508047,-2.910195,-37.731968,-6.237471,-0.050669,-0.100193,1.702519,-4.068272,-36.754116,-4.483085,0.130737,0.846225,1.049858,-1.355523,0.249652,0.000000,33.512891,30.985597,-9.485486,-26.629713,9.571226,-0.095622,-0.573133,0.230384,0.812636,1.065514,1.257923,-2.147052,-0.537235,0.088548,0.701220,-1.159793,1.558759,2.248622,5
3479806313138,-0.099252,-0.117926,1.509109,-2.911564,-37.731716,-6.237471,-0.050280,-0.099324,1.704739,-4.077044,-36.747049,-4.470585,0.137076,0.855733,1.061743,-1.368812,0.252499,0.000000,33.429433,29.097767,-10.273355,-26.955431,9.755847,-0.096254,-0.573609,0.230437,0.811751,1.068363,1.259876,-2.144506,-0.537235,0.088548,0.701220,-1.159793,1.558759,2.248622,5
3479807314668,-0.099117,-0.117099,1.510130,-2.912886,-37.731474,-6.237470,-0.049888,-0.098452,1.706967,-4.085849,-36.739955,-4.458037,0.140245,0.862072,1.064120,-1.383051,0.254398,0.000000,33.652552,28.461630,-10.430233,-27.116950,9.830709,-0.096725,-0.574068,0.230487,0.810899,1.071139,1.261760,-2.142017,-0.537235,0.088548,0.701220,-1.159793,1.558759,2.248622,5
3479808312792,-0.098975,-0.116191,1.511252,-2.914335,-37.731204,-6.237471,-0.049495,-0.097576,1.709204,-4.094688,-36.732835,-4.445442,0.137076,0.870788,1.076797,-1.391594,0.257246,0.000000,34.466851,26.599799,-11.269895,-27.408712,9.995210,-0.097276,-0.574569,0.230544,0.809962,1.074218,1.263824,-2.139256,-0.537235,0.088548,0.701220,-1.159793,1.558759,2.248622,5
3479809312381,-0.098832,-0.115319,1.512329,-2.915749,-37.730939,-6.237470,-0.049101,-0.096697,1.711449,-4.103559,-36.725687,-4.432801,0.142622,0.872372,1.076797,-1.414376,0.264840,0.000000,34.533171,27.096853,-11.036826,-27.478293,10.010147,-0.097484,-0.575049,0.230596,0.809068,1.077158,1.265820,-2.136614,-0.537235,0.088548,0.701220,-1.159793,1.558759,2.248622,5
3479810311801,-0.098678,-0.114442,1.513408,-2.917177,-37.730670,-6.237472,-0.048705,-0.095815,1.713702,-4.112463,-36.718514,-4.420112,0.146584,0.877126,1.078382,-1.427665,0.268636,0.000000,34.704452,26.742000,-11.111159,-27.626419,10.073307,-0.097986,-0.575533,0.230641,0.808173,1.080116,1.267830,-2.133942,-0.537235,0.088548,0.701220,-1.159793,1.558759,2.248622,5
3479811283370,-0.098538,-0.113563,1.514474,-2.918632,-37.730392,-6.237472,-0.048308,-0.094929,1.715964,-4.121401,-36.711313,-4.407376,0.146584,0.878711,1.066497,-1.455193,0.278129,0.000000,35.328099,27.832776,-10.347755,-27.538498,9.986100,-0.097851,-0.576011,0.230695,0.807293,1.083013,1.269851,-2.131344,-0.537235,0.088548,0.701220,-1.159793,1.558759,2.248622,5
3479812283722,-0.098383,-0.112685,1.515537,-2.920108,-37.730112,-6.237471,-0.047910,-0.094041,1.718234,-4.130371,-36.704086,-4.394593,0.154507,0.877919,1.062535,-1.476077,0.280027,0.000000,35.180216,29.028751,-9.817029,-27.554450,9.963884,-0.098131,-0.576490,0.230742,0.806420,1.085895,1.271886,-2.128745,-0.537235,0.088548,0.701220,-1.159793,1.558759,2.248622,5
3479813315614,-0.098231,-0.111806,1.516594,-2.921613,-37.729816,-6.237471,-0.047509,-0.093148,1.720513,-4.139375,-36.696832,-4.381763,0.152130,0.878711,1.057781,-1.504554,0.296165,0.000000,36.040436,30.032232,-9.271568,-27.501633,9.900288,-0.097928,-0.576966,0.230791,0.805558,1.088708,1.273935,-2.126218,-0.537235,0.088548,0.701220,-1.159793,1.558759,2.248622,5
3479814313778,-0.098078,-0.110966,1.517601,-2.923074,-37.729531,-6.237473,-0.047108,-0.092253,1.722800,-4.148411,-36.689552,-4.368886,0.159261,0.876334,1.049065,-1.523539,0.301860,-0.002848,35.975517,31.927280,-8.392399,-27.435314,9.817570,-0.098170,-0.577420,0.230834,0.804743,1.091370,1.275914,-2.123820,-0.537235,0.088548,0.701220,-1.159793,1.558759,2.248622,5
3479815283262,-0.097914,-0.110094,1.518633,-2.924636,-37.729220,-6.237472,-0.046705,-0.091355,1.725095,-4.157480,-36.682246,-4.355962,0.164016,0.872372,1.032426,-1.561509,0.311353,0.000000,36.207880,34.585636,-7.022589,-27.215597,9.646023,-0.097774,-0.577890,0.230878,0.803915,1.094023,1.277990,-2.121437,-0.537235,0.088548,0.701220,-1.159793,1.558759,2.248622,5
3479816312308,-0.097741,-0.109184,1.519703,-2.926286,-37.728885,-6.237472,-0.046300,-0.090453,1.727398,-4.166582,-36.674913,-4.342991,0.164016,0.873957,1.026880,-1.586189,0.322743,0.000000,36.850777,35.350680,-6.535535,-27.195365,9.602363,-0.097723,-0.578378,0.230923,0.803063,1.096742,1.280165,-2.118996,-0.537235,0.088548,0.701220,-1.159793,1.558759,2.248622,5
3479817314480,-0.097571,-0.108318,1.520718,-2.927892,-37.728558,-6.237472,-0.045894,-0.089548,1.729710,-4.175717,-36.667553,-4.329974,0.170354,0.865241,1.014995,-1.606123,0.326540,0.000000,36.900913,38.782714,-5.153328,-27.003325,9.436296,-0.097877,-0.578840,0.230963,0.802264,1.099270,1.282262,-2.116726,-0.537235,0.088548,0.701220,-1.159793,1.558759,2.248622,5
3479818314075,-0.097406,-0.107493,1.521684,-2.929454,-37.728237,-6.237470,-0.045487,-0.088639,1.732030,-4.184885,-36.660167,-4.316909,0.171939,0.862072,1.008656,-1.627956,0.336982,0.000000,37.391215,40.880289,-4.260614,-26.899804,9.332001,-0.097925,-0.579280,0.231002,0.801510,1.101634,1.284281,-2.114606,-0.537235,0.088548,0.701220,-1.159793,1.558759,2.248622,5
3479819315168,-0.097223,-0.106595,1.522726,-2.931184,-37.727880,-6.237472,-0.045078,-0.087728,1.734358,-4.194086,-36.652754,-4.303798,0.176693,0.858902,1.000732,-1.657383,0.343627,0.000000,37.621338,42.884839,-3.351921,-26.797663,9.236120,-0.097764,-0.579756,0.231042,0.800704,1.104130,1.286499,-2.112370,-0.537235,0.088548,0.701220,-1.159793,1.558759,2.248622,5
3479820283299,-0.097043,-0.105735,1.523719,-2.932858,-37.727532,-6.237471,-0.044668,-0.086813,1.736695,-4.203319,-36.645316,-4.290641,0.179862,0.860487,0.993601,-1.674469,0.347424,0.000000,37.947442,43.821614,-2.775104,-26.785249,9.192545,-0.098007,-0.580212,0.231078,0.799938,1.106503,1.288633,-2.110240,-0.537235,0.088548,0.701220,-1.159793,1.558759,2.248622,5
3479821312644,-0.096863,-0.104875,1.524710,-2.934561,-37.727178,-6.237470,-0.044256,-0.085895,1.739040,-4.212585,-36.637850,-4.277436,0.180655,0.859695,0.991224,-1.702946,0.354069,0.000000,38.543785,45.176647,-2.191000,-26.740792,9.138186,-0.097831,-0.580666,0.231113,0.799182,1.108833,1.290787,-2.108151,-0.537235,0.088548,0.701220,-1.159793,1.558759,2.248622,5
3479822312399,-0.096672,-0.104014,1.525700,-2.936291,-37.726815,-6.237472,-0.043843,-0.084973,1.741393,-4.221884,-36.630359,-4.264185,0.190163,0.861280,0.989639,-1.729525,0.363561,0.000000,38.304211,45.932622,-1.784322,-26.785050,9.135469,-0.097912,-0.581120,0.231144,0.798432,1.111118,1.292962,-2.106096,-0.537235,0.088548,0.701220,-1.159793,1.558759,2.248622,5
3479823312428,-0.096493,-0.103187,1.526647,-2.937969,-37.726461,-6.237472,-0.043428,-0.084049,1.743755,-4.231216,-36.622841,-4.250888,0.188578,0.861280,0.987262,-1.747561,0.369257,0.000000,39.100228,47.166158,-1.249019,-26.756362,9.083912,-0.098030,-0.581554,0.231176,0.797720,1.113288,1.295060,-2.104149,-0.537235,0.088548,0.701220,-1.159793,1.558759,2.248622,5
3479824313616,-0.096290,-0.102283,1.527687,-2.939811,-37.726071,-6.237470,-0.043012,-0.083121,1.746125,-4.240580,-36.615296,-4.237544,0.195709,0.868411,0.999148,-1.770343,0.368307,0.000000,39.065372,45.939805,-1.815644,-27.021036,9.238327,-0.098260,-0.582030,0.231205,0.796939,1.115698,1.297360,-2.101971,-0.537235,0.088548,0.701220,-1.159793,1.558759,2.248622,5
3479825315164,-0.096096,-0.101411,1.528684,-2.941595,-37.725689,-6.237471,-0.042594,-0.082190,1.748503,-4.249977,-36.607726,-4.224153,0.193332,0.872372,0.996771,-1.784582,0.382546,0.000000,39.949092,46.181346,-1.556417,-27.060644,9.225420,-0.098497,-0.582488,0.231235,0.796193,1.117993,1.299581,-2.099899,-0.537235,0.088548,0.701220,-1.159793,1.558759,2.248622,5
3479826283202,-0.095900,-0.100532,1.529693,-2.943405,-37.725309,-6.237470,-0.042175,-0.081256,1.750889,-4.259406,-36.600129,-4.210716,0.196502,0.878711,1.009448,-1.810211,0.379698,0.000000,40.307133,45.211909,-2.063273,-27.288584,9.360753,-0.098559,-0.582948,0.231263,0.795439,1.120359,1.301833,-2.097754,-0.537235,0.088548,0.701220,-1.159793,1.558759,2.248622,5
3479827283869,-0.095704,-0.099647,1.530711,-2.945223,-37.724922,-6.237471,-0.041755,-0.080318,1.753284,-4.268868,-36.592506,-4.197233,0.195709,0.885050,1.017372,-1.817805,0.387292,0.000000,41.021665,44.384076,-2.429832,-27.491659,9.457823,-0.099103,-0.583410,0.231291,0.794680,1.122769,1.304095,-2.095565,-0.537235,0.088548,0.701220,-1.159793,1.558759,2.248622,5
3479828283907,-0.095501,-0.098754,1.531744,-2.947049,-37.724538,-6.237471,-0.041333,-0.079377,1.755686,-4.278362,-36.584857,-4.183703,0.203633,0.892973,1.033218,-1.825399,0.383495,0.000000,40.880779,42.770887,-3.258653,-27.844134,9.659711,-0.099871,-0.583879,0.231313,0.793905,1.125299,1.306373,-2.093246,-0.537235,0.088548,0.701220,-1.159793,1.558759,2.248622,5
3479829316269,-0.095308,-0.097890,1.532749,-2.948802,-37.724172,-6.237471,-0.040909,-0.078433,1.758097,-4.287889,-36.577182,-4.170127,0.202048,0.904859,1.048273,-1.832044,0.378749,0.000000,41.636894,40.412000,-4.260959,-28.196650,9.866453,-0.100519,-0.584331,0.231336,0.793149,1.127839,1.308570,-2.090910,-0.537235,0.088548,0.701220,-1.159793,1.558759,2.248622,5
3479830312317,-0.095104,-0.096978,1.533813,-2.950644,-37.723791,-6.237471,-0.040484,-0.077486,1.760516,-4.297449,-36.569480,-4.156505,0.204425,0.911197,1.064120,-1.842486,0.380647,0.000000,42.060677,39.169529,-4.985414,-28.495025,10.033682,-0.101082,-0.584809,0.231357,0.792346,1.130604,1.310884,-2.088354,-0.537235,0.088548,0.701220,-1.159793,1.558759,2.248622,5
3479831313054,-0.094898,-0.096062,1.534902,-2.952485,-37.723409,-6.237470,-0.040058,-0.076536,1.762944,-4.307041,-36.561752,-4.142836,0.206010,0.915951,1.089475,-1.840587,0.382546,0.000000,42.534857,37.781487,-6.076226,-28.891131,10.257878,-0.102067,-0.585289,0.231377,0.791523,1.133518,1.313205,-2.085646,-0.537235,0.088548,0.701220,-1.159793,1.558759,2.248622,5
3479832283589,-0.094677,-0.095088,1.536057,-2.954424,-37.723014,-6.237471,-0.039630,-0.075582,1.765379,-4.316665,-36.553999,-4.129121,0.213141,0.936552,1.106114,-1.861470,0.380647,0.000000,42.507101,33.170772,-7.714333,-29.417117,10.590855,-0.102474,-0.585800,0.231394,0.790644,1.136724,1.315662,-2.082652,-0.537235,0.088548,0.701220,-1.159793,1.558759,2.248622,5
3479833284028,-0.094465,-0.094153,1.537180,-2.956289,-37.722633,-6.237472,-0.039201,-0.074626,1.767823,-4.326321,-36.546219,-4.115361,0.212349,0.934968,1.123546,-1.864318,0.380647,0.000000,43.251848,33.545299,-8.102372,-29.632022,10.696361,-0.103195,-0.586290,0.231409,0.789791,1.139896,1.318027,-2.079678,-0.537235,0.088548,0.701220,-1.159793,1.558759,2.248622,5
3479834283505,-0.094248,-0.093205,1.538332,-2.958156,-37.722255,-6.237470,-0.038771,-0.073666,1.770275,-4.336010,-36.538413,-4.101554,0.217103,0.947645,1.152070,-1.867166,0.377800,0.002848,43.419819,30.166454,-9.821587,-30.187951,11.035856,-0.104210,-0.586788,0.231421,0.788911,1.143289,1.320407,-2.076480,-0.537235,0.088548,0.701220,-1.159793,1.558759,2.248622,5
3479835283312,-0.094037,-0.092291,1.539446,-2.959951,-37.721898,-6.237471,-0.038339,-0.072702,1.772735,-4.345731,-36.530581,-4.087701,0.218687,0.956361,1.163163,-1.871912,0.373053,0.000000,43.907776,28.562234,-10.537147,-30.495001,11.206758,-0.104930,-0.587269,0.231429,0.788058,1.146656,1.322702,-2.073293,-0.537235,0.088548,0.701220,-1.159793,1.558759,2.248622,5
3479836283416,-0.093810,-0.091325,1.540616,-2.961835,-37.721512,-6.237472,-0.037905,-0.071736,1.775204,-4.355485,-36.522723,-4.073802,0.227403,0.965869,1.170294,-1.884252,0.386343,0.000000,43.758711,26.895554,-11.111640,-30.790481,11.361977,-0.105557,-0.587776,0.231434,0.787161,1.150239,1.325107,-2.069891,-0.537235,0.088548,0.701220,-1.159793,1.558759,2.248622,5
3479837283337,-0.093581,-0.090361,1.541800,-2.963735,-37.721134,-6.237472,-0.037470,-0.070766,1.777680,-4.365270,-36.514839,-4.059858,0.228988,0.964284,1.184556,-1.900390,0.377800,0.000000,44.316107,27.394266,-11.362490,-30.969194,11.457701,-0.105899,-0.588283,0.231436,0.786256,1.153943,1.327533,-2.066364,-0.537235,0.088548,0.701220,-1.159793,1.558759,2.248622,5
3479838283266,-0.093346,-0.089393,1.542987,-2.965650,-37.720757,-6.237471,-0.037034,-0.069794,1.780165,-4.375088,-36.506930,-4.045867,0.234534,0.967454,1.186141,-1.914628,0.377800,0.000000,44.490422,27.387318,-11.355587,-31.111675,11.518421,-0.106345,-0.588791,0.231435,0.785350,1.157711,1.329970,-2.062762,-0.537235,0.088548,0.701220,-1.159793,1.558759,2.248622,5
3479839283241,-0.093105,-0.088419,1.544180,-2.967579,-37.720372,-6.237471,-0.036596,-0.068818,1.782657,-4.384938,-36.498994,-4.031831,0.241665,0.974585,1.193272,-1.928867,0.384444,0.000000,44.507576,26.250353,-11.800836,-31.367493,11.652984,-0.106865,-0.589303,0.231429,0.784440,1.161557,1.332422,-2.059075,-0.537235,0.088548,0.701220,-1.159793,1.558759,2.248622,5
3479840283498,-0.092862,-0.087446,1.545366,-2.969530,-37.719986,-6.237471,-0.036157,-0.067839,1.785158,-4.394820,-36.491033,-4.017749,0.242458,0.973000,1.186141,-1.950700,0.386343,0.000000,45.191022,27.765943,-11.109036,-31.319414,11.589859,-0.106910,-0.589813,0.231422,0.783540,1.165399,1.334886,-2.055386,-0.537235,0.088548,0.701220,-1.159793,1.558759,2.248622,5
3479841283078,-0.092612,-0.086467,1.546555,-2.971498,-37.719586,-6.237471,-0.035716,-0.066856,1.787667,-4.404734,-36.483045,-4.003621,0.250381,0.978547,1.188518,-1.968735,0.399632,0.000000,45.163686,27.244184,-11.223465,-31.496209,11.668759,-0.107279,-0.590325,0.231411,0.782641,1.169266,1.337363,-2.051661,-0.537235,0.088548,0.701220,-1.159793,1.558759,2.248622,5
3479842283338,-0.092356,-0.085494,1.547731,-2.973496,-37.719183,-6.237472,-0.035274,-0.065871,1.790184,-4.414680,-36.475032,-3.989447,0.255928,0.973000,1.176633,-1.998162,0.403429,0.000000,45.422460,29.908055,-10.052541,-31.344845,11.537377,-0.107104,-0.590834,0.231396,0.781760,1.173074,1.339857,-2.047985,-0.537235,0.088548,0.701220,-1.159793,1.558759,2.248622,5
3479843283083,-0.092096,-0.084519,1.548900,-2.975522,-37.718764,-6.237469,-0.034831,-0.064882,1.792709,-4.424659,-36.466993,-3.975229,0.259889,0.974585,1.168710,-2.025690,0.418617,0.002848,45.832210,30.837378,-9.439908,-31.322449,11.487665,-0.107058,-0.591342,0.231378,0.780892,1.176834,1.342362,-2.044351,-0.537235,0.088548,0.701220,-1.159793,1.558759,2.248622,5
3479844309027,-0.091833,-0.083548,1.550061,-2.977582,-37.718338,-6.237471,-0.034386,-0.063890,1.795243,-4.434669,-36.458929,-3.960964,0.263059,0.971416,1.161578,-2.059863,0.426211,0.000000,46.347043,32.833656,-8.560379,-31.223541,11.396205,-0.106659,-0.591848,0.231358,0.780039,1.180533,1.344895,-2.040770,-0.537235,0.088548,0.701220,-1.159793,1.558759,2.248622,5
3479845314629,-0.091567,-0.082577,1.551217,-2.979665,-37.717906,-6.237472,-0.033940,-0.062895,1.797784,-4.444711,-36.450838,-3.946654,0.266228,0.971416,1.155240,-2.082645,0.431907,0.000000,46.829803,34.026818,-7.948565,-31.204751,11.350634,-0.106690,-0.592353,0.231336,0.779196,1.184224,1.347441,-2.037190,-0.537235,0.088548,0.701220,-1.159793,1.558759,2.248622,5
3479846313462,-0.091294,-0.081604,1.552350,-2.981775,-37.717463,-6.237472,-0.033492,-0.061897,1.800333,-4.454784,-36.442722,-3.932299,0.272567,0.973000,1.133054,-2.110173,0.443298,0.000000,47.024967,35.606123,-6.724457,-31.051313,11.210628,-0.106548,-0.592858,0.231310,0.778374,1.187814,1.349997,-2.033699,-0.537235,0.088548,0.701220,-1.159793,1.558759,2.248622,5
3479847315582,-0.091006,-0.080637,1.553476,-2.984004,-37.717016,-6.237472,-0.033043,-0.060896,1.802891,-4.464890,-36.434581,-3.917898,0.278906,0.966661,1.126715,-2.141498,0.447095,0.000000,47.244856,38.292708,-5.682244,-30.929598,11.102240,-0.106269,-0.593360,0.231277,0.777582,1.191213,1.352657,-2.030384,-0.537235,0.088548,0.701220,-1.159793,1.558759,2.248622,5
3479848283486,-0.090721,-0.079629,1.554645,-2.986168,-37.716540,-6.237471,-0.032593,-0.059892,1.805456,-4.475027,-36.426414,-3.903452,0.276529,0.966661,1.117999,-2.164280,0.457536,0.000000,48.300724,39.559337,-4.976747,-30.870007,11.027325,-0.106189,-0.593882,0.231245,0.776735,1.195043,1.355271,-2.026643,-0.537235,0.088548,0.701220,-1.159793,1.558759,2.248622,5
3479849315743,-0.090452,-0.078662,1.555761,-2.988373,-37.716073,-6.237472,-0.032141,-0.058884,1.808030,-4.485196,-36.418221,-3.888961,0.281283,0.967454,1.115622,-2.205097,0.467029,0.000000,48.716387,40.574101,-4.449875,-30.852330,10.996864,-0.105642,-0.594378,0.231219,0.775951,1.198510,1.357894,-2.023266,-0.537235,0.088548,0.701220,-1.159793,1.558759,2.248622,5
3479850313263,-0.090167,-0.077690,1.556877,-2.990601,-37.715597,-6.237471,-0.031687,-0.057873,1.810611,-4.495397,-36.410003,-3.874425,0.285244,0.971416,1.116415,-2.227879,0.475572,0.000000,49.151051,40.641321,-4.321343,-30.951718,11.031647,-0.105695,-0.594879,0.231184,0.775171,1.202005,1.360533,-2.019841,-0.537235,0.088548,0.701220,-1.159793,1.558759,2.248622,5
3479851314290,-0.089889,-0.076761,1.557944,-2.992765,-37.715137,-6.237470,-0.031233,-0.056860,1.813201,-4.505630,-36.401759,-3.859843,0.289206,0.972208,1.116415,-2.256357,0.482217,0.000000,49.600091,41.597443,-3.904598,-30.975356,11.019905,-0.105551,-0.595358,0.231146,0.774433,1.205344,1.363085,-2.016562,-0.537235,0.088548,0.701220,-1.159793,1.558759,2.248622,5
3479852283484,-0.089570,-0.075752,1.559113,-2.995230,-37.714622,-6.237471,-0.030776,-0.055843,1.815798,-4.515894,-36.393490,-3.845217,0.295545,0.969038,1.121169,-2.278189,0.490760,0.000000,49.843210,42.992086,-3.560319,-31.031358,11.023723,-0.105583,-0.595880,0.231097,0.773651,1.208830,1.365961,-2.013124,-0.537235,0.088548,0.701220,-1.159793,1.558759,2.248622,5
3479853312506,-0.089289,-0.074774,1.560242,-2.997432,-37.714127,-6.237472,-0.030319,-0.054822,1.818404,-4.526190,-36.385195,-3.830545,0.293960,0.978547,1.129092,-2.301920,0.494557,0.000000,50.830619,41.528464,-4.058088,-31.259977,11.153548,-0.105606,-0.596382,0.231059,0.772859,1.212626,1.368572,-2.009386,-0.537235,0.088548,0.701220,-1.159793,1.558759,2.248622,5
3479854314198,-0.088990,-0.073787,1.561368,-2.999749,-37.713630,-6.237472,-0.029860,-0.053799,1.821017,-4.536517,-36.376875,-3.815829,0.298714,0.986470,1.125923,-2.317108,0.497405,0.000000,51.183870,40.825390,-4.039886,-31.402501,11.214126,-0.105904,-0.596890,0.231012,0.772085,1.216326,1.371290,-2.005727,-0.537235,0.088548,0.701220,-1.159793,1.558759,2.248622,5
3479855315349,-0.088699,-0.072840,1.562467,-3.001987,-37.713153,-6.237471,-0.029400,-0.052773,1.823639,-4.546875,-36.368529,-3.801068,0.303468,0.986470,1.144147,-2.332296,0.494557,0.000000,51.536138,41.044951,-4.423992,-31.635048,11.340472,-0.106267,-0.597378,0.230963,0.771334,1.220040,1.373914,-2.002045,-0.537235,0.088548,0.701220,-1.159793,1.558759,2.248622,5
3479856283807,-0.088381,-0.071802,1.563670,-3.004435,-37.712630,-6.237471,-0.028938,-0.051743,1.826268,-4.557265,-36.360159,-3.786262,0.305845,0.995186,1.154447,-2.349383,0.499303,0.000000,52.156476,39.480475,-5.051767,-31.918151,11.501053,-0.106513,-0.597913,0.230907,0.770509,1.224217,1.376785,-1.997897,-0.537235,0.088548,0.701220,-1.159793,1.558759,2.248622,5
3479857314410,-0.088068,-0.070799,1.564839,-3.006806,-37.712130,-6.237471,-0.028475,-0.050711,1.828905,-4.567687,-36.351763,-3.771411,0.312184,1.002317,1.168710,-2.371215,0.500252,0.000000,52.382803,38.199248,-5.700225,-32.212315,11.674372,-0.106684,-0.598429,0.230848,0.769709,1.228406,1.379565,-1.993726,-0.537235,0.088548,0.701220,-1.159793,1.558759,2.248622,5
3479858313947,-0.087738,-0.069787,1.566018,-3.009188,-37.711622,-6.237472,-0.028010,-0.049675,1.831551,-4.578140,-36.343341,-3.756516,0.317731,1.012617,1.179802,-2.381657,0.507846,0.000000,52.652859,36.288224,-6.443319,-32.544074,11.859457,-0.107217,-0.598955,0.230777,0.768899,1.232761,1.382357,-1.989366,-0.537235,0.088548,0.701220,-1.159793,1.558759,2.248622,5
3479859283597,-0.087439,-0.068811,1.567157,-3.011488,-37.711130,-6.237471,-0.027544,-0.048636,1.834204,-4.588624,-36.334895,-3.741576,0.324069,1.017372,1.186933,-2.398743,0.511643,0.000000,52.884578,35.912897,-6.636900,-32.739083,11.956847,-0.107510,-0.599456,0.230719,0.768119,1.237064,1.385048,-1.985072,-0.537235,0.088548,0.701220,-1.159793,1.558759,2.248622,5
3479860313575,-0.087095,-0.067738,1.568410,-3.014008,-37.710582,-6.237471,-0.027077,-0.047595,1.836865,-4.599139,-36.326423,-3.726591,0.331200,1.031634,1.204365,-2.421525,0.523984,0.000000,53.059074,32.784037,-7.860714,-33.172208,12.221747,-0.107685,-0.600010,0.230644,0.767261,1.241916,1.387994,-1.980207,-0.537235,0.088548,0.701220,-1.159793,1.558759,2.248622,5
3479861315381,-0.086767,-0.066704,1.569628,-3.016444,-37.710057,-6.237470,-0.026608,-0.046550,1.839534,-4.609686,-36.317926,-3.711562,0.327239,1.034011,1.218627,-2.435764,0.524933,0.000000,54.340249,32.502072,-8.290794,-33.396161,12.341510,-0.107937,-0.600543,0.230571,0.766427,1.246801,1.390840,-1.975309,-0.537235,0.088548,0.701220,-1.159793,1.558759,2.248622,5
3479862316057,-0.086446,-0.065700,1.570797,-3.018791,-37.709548,-6.237473,-0.026138,-0.045502,1.842211,-4.620263,-36.309404,-3.696489,0.333577,1.046688,1.220212,-2.450003,0.529679,0.000000,54.560284,30.548357,-8.739549,-33.659696,12.483826,-0.108340,-0.601060,0.230496,0.765623,1.251633,1.393583,-1.970452,-0.537235,0.088548,0.701220,-1.159793,1.558759,2.248622,5
3479863312343,-0.086090,-0.064604,1.572082,-3.021356,-37.708990,-6.237471,-0.025667,-0.044450,1.844896,-4.630872,-36.300857,-3.681371,0.343086,1.053819,1.233682,-2.460444,0.535374,0.000000,54.493432,29.042015,-9.470396,-34.001524,12.676134,-0.108882,-0.601626,0.230409,0.764741,1.257121,1.396572,-1.964925,-0.537235,0.088548,0.701220,-1.159793,1.558759,2.248622,5
3479864311698,-0.085744,-0.063551,1.573324,-3.023830,-37.708464,-6.237471,-0.025194,-0.043396,1.847588,-4.641512,-36.292285,-3.666209,0.345463,1.053027,1.242398,-2.474683,0.525882,0.000000,55.145704,29.626102,-9.521089,-34.157895,12.752430,-0.109174,-0.602170,0.230321,0.763886,1.262645,1.399457,-1.959354,-0.537235,0.088548,0.701220,-1.159793,1.558759,2.248622,5
3479865315818,-0.085395,-0.062489,1.574571,-3.026322,-37.707926,-6.237472,-0.024719,-0.042339,1.850289,-4.652183,-36.283688,-3.651003,0.349424,1.061743,1.247152,-2.491770,0.538222,0.000000,55.659963,28.333526,-9.893268,-34.393244,12.874095,-0.109416,-0.602718,0.230229,0.763030,1.268324,1.402356,-1.953619,-0.537235,0.088548,0.701220,-1.159793,1.558759,2.248622,5
3479866313748,-0.085037,-0.061424,1.575832,-3.028835,-37.707387,-6.237471,-0.024244,-0.041279,1.852997,-4.662885,-36.275066,-3.635753,0.358140,1.064912,1.261414,-2.512653,0.538222,0.000000,55.700493,27.824150,-10.354594,-34.655601,13.023794,-0.109603,-0.603269,0.230130,0.762166,1.274267,1.405271,-1.947607,-0.537235,0.088548,0.701220,-1.159793,1.558759,2.248622,5
3479867317165,-0.084672,-0.060359,1.577098,-3.031362,-37.706842,-6.237471,-0.023767,-0.040215,1.855713,-4.673617,-36.266420,-3.620458,0.365271,1.064912,1.265376,-2.526892,0.545816,0.000000,55.904732,28.461847,-10.215852,-34.782813,13.068316,-0.109913,-0.603821,0.230025,0.761304,1.280365,1.408196,-1.941425,-0.537235,0.088548,0.701220,-1.159793,1.558759,2.248622,5
3479868314046,-0.084292,-0.059290,1.578374,-3.033906,-37.706288,-6.237471,-0.023289,-0.039149,1.858437,-4.684381,-36.257748,-3.605120,0.366856,1.069666,1.276469,-2.544927,0.553410,0.000000,56.666660,27.774171,-10.632712,-35.022418,13.196553,-0.110095,-0.604377,0.229910,0.760438,1.286698,1.411134,-1.934989,-0.537235,0.088548,0.701220,-1.159793,1.558759,2.248622,5
3479869314253,-0.083932,-0.058219,1.579657,-3.036479,-37.705732,-6.237470,-0.022809,-0.038079,1.861169,-4.695175,-36.249051,-3.589738,0.376364,1.070459,1.282807,-2.572455,0.556258,0.000000,56.683689,28.189113,-10.589603,-35.160344,13.263571,-0.110006,-0.604929,0.229805,0.759572,1.293241,1.414094,-1.928357,-0.537235,0.088548,0.701220,-1.159793,1.558759,2.248622,5
3479870283586,-0.083553,-0.057149,1.580936,-3.039071,-37.705160,-6.237471,-0.022328,-0.037007,1.863908,-4.706000,-36.240330,-3.574312,0.379533,1.070459,1.278846,-2.592390,0.571446,0.000000,57.335833,29.253018,-10.073489,-35.184019,13.237284,-0.110029,-0.605484,0.229687,0.758717,1.299871,1.417063,-1.921612,-0.537235,0.088548,0.701220,-1.159793,1.558759,2.248622,5
3479871313110,-0.083169,-0.056076,1.582220,-3.041676,-37.704599,-6.237470,-0.021845,-0.035931,1.866656,-4.716856,-36.231584,-3.558842,0.384288,1.072836,1.284392,-2.604730,0.561004,0.000000,57.774132,29.255939,-10.183842,-35.369338,13.331833,-0.110386,-0.606041,0.229563,0.757856,1.306854,1.420041,-1.914501,-0.537235,0.088548,0.701220,-1.159793,1.558759,2.248622,5
3479872312715,-0.082783,-0.055003,1.583502,-3.044305,-37.704023,-6.237471,-0.021361,-0.034852,1.869411,-4.727743,-36.222813,-3.543329,0.385872,1.072836,1.281223,-2.629410,0.576192,0.000000,58.615467,30.332509,-9.672218,-35.385748,13.305041,-0.110233,-0.606597,0.229437,0.757005,1.313945,1.423033,-1.907274,-0.537235,0.088548,0.701220,-1.159793,1.558759,2.248622,5
3479873283196,-0.082408,-0.053972,1.584734,-3.046847,-37.703472,-6.237472,-0.020876,-0.033771,1.872173,-4.738660,-36.214018,-3.527771,0.391419,1.076797,1.285977,-2.649344,0.575243,0.000000,59.002944,30.216652,-9.729033,-35.551469,13.387124,-0.110360,-0.607132,0.229310,0.756189,1.321029,1.425916,-1.900048,-0.537235,0.088548,0.701220,-1.159793,1.558759,2.248622,5
3479874311910,-0.081996,-0.052855,1.586074,-3.049625,-37.702863,-6.237472,-0.020390,-0.032686,1.874944,-4.749608,-36.205198,-3.512171,0.396173,1.072043,1.283600,-2.671177,0.582837,0.000000,59.540515,32.163096,-9.046329,-35.539832,13.341418,-0.110276,-0.607712,0.229168,0.755309,1.328929,1.429055,-1.891982,-0.537235,0.088548,0.701220,-1.159793,1.558759,2.248622,5
3479875312378,-0.081599,-0.051777,1.587363,-3.052328,-37.702276,-6.237471,-0.019902,-0.031598,1.877722,-4.760586,-36.196353,-3.496527,0.396965,1.077590,1.289938,-2.703451,0.587583,0.000000,60.484292,31.637175,-9.227691,-35.710084,13.436297,-0.109932,-0.608271,0.229029,0.754466,1.336829,1.432094,-1.883914,-0.537235,0.088548,0.701220,-1.159793,1.558759,2.248622,5
3479876314107,-0.081213,-0.050743,1.588599,-3.054947,-37.701702,-6.237470,-0.019413,-0.030508,1.880508,-4.771594,-36.187484,-3.480839,0.401719,1.079175,1.288354,-2.730030,0.595177,0.000000,61.012570,32.411452,-8.821521,-35.758991,13.437601,-0.109764,-0.608808,0.228890,0.753666,1.344606,1.435025,-1.875963,-0.537235,0.088548,0.701220,-1.159793,1.558759,2.248622,5
3479877315232,-0.080777,-0.049620,1.589935,-3.057821,-37.701063,-6.237471,-0.018922,-0.029414,1.883302,-4.782633,-36.178591,-3.465109,0.404096,1.079175,1.282807,-2.756609,0.611314,0.000000,61.827037,33.524879,-8.222940,-35.760068,13.401121,-0.109481,-0.609394,0.228727,0.752810,1.353233,1.438225,-1.867124,-0.537235,0.088548,0.701220,-1.159793,1.558759,2.248622,5
3479878313646,-0.080383,-0.048537,1.591222,-3.060610,-37.700440,-6.237472,-0.018430,-0.028317,1.886103,-4.793703,-36.169673,-3.449335,0.408850,1.082344,1.286769,-2.788883,0.623654,0.000000,62.424649,33.658657,-8.133763,-35.877262,13.453319,-0.109111,-0.609953,0.228584,0.751992,1.361836,1.441316,-1.858334,-0.537235,0.088548,0.701220,-1.159793,1.558759,2.248622,5
3479879314716,-0.079977,-0.047450,1.592499,-3.063427,-37.699804,-6.237472,-0.017937,-0.027217,1.888912,-4.804802,-36.160730,-3.433517,0.406473,1.087890,1.277261,-2.817361,0.635995,0.000000,63.747530,33.856208,-7.635212,-35.893645,13.432351,-0.108752,-0.610516,0.228430,0.751185,1.370682,1.444422,-1.849279,-0.537235,0.088548,0.701220,-1.159793,1.558759,2.248622,5
3479880313411,-0.079563,-0.046362,1.593776,-3.066282,-37.699160,-6.237471,-0.017442,-0.026114,1.891729,-4.815932,-36.151763,-3.417657,0.413604,1.087890,1.276469,-2.855331,0.643588,0.000000,64.123961,34.919509,-7.138730,-35.913952,13.424119,-0.108158,-0.611080,0.228271,0.750387,1.379843,1.447553,-1.839895,-0.537235,0.088548,0.701220,-1.159793,1.558759,2.248622,5
3479881283650,-0.079145,-0.045271,1.595044,-3.069170,-37.698520,-6.237471,-0.016946,-0.025009,1.894553,-4.827092,-36.142772,-3.401754,0.418358,1.091060,1.267753,-2.887605,0.639791,0.000000,64.720860,35.575424,-6.541922,-35.915951,13.405487,-0.107712,-0.611647,0.228105,0.749598,1.389410,1.450706,-1.830093,-0.537235,0.088548,0.701220,-1.159793,1.558759,2.248622,5
3479882312110,-0.078723,-0.044172,1.596304,-3.072085,-37.697852,-6.237472,-0.016449,-0.023900,1.897385,-4.838282,-36.133757,-3.385808,0.422320,1.098191,1.260622,-2.915133,0.668269,0.000000,65.432705,35.356222,-6.173957,-35.978181,13.406189,-0.107403,-0.612217,0.227936,0.748822,1.399203,1.453871,-1.820051,-0.537235,0.088548,0.701220,-1.159793,1.558759,2.248622,5
3479883313864,-0.078294,-0.043068,1.597563,-3.075029,-37.697174,-6.237470,-0.015950,-0.022788,1.900224,-4.849503,-36.124717,-3.369819,0.428659,1.104530,1.258245,-2.943610,0.677761,0.000000,65.885818,35.048572,-5.994697,-36.087384,13.451606,-0.107103,-0.612791,0.227760,0.748051,1.409449,1.457050,-1.809542,-0.537235,0.088548,0.701220,-1.159793,1.558759,2.248622,5
3479884283355,-0.077879,-0.042012,1.598757,-3.077871,-37.696504,-6.237472,-0.015450,-0.021674,1.903071,-4.860753,-36.115654,-3.353787,0.431036,1.101360,1.246359,-2.963545,0.695797,0.000000,66.749344,37.367629,-4.844572,-35.975849,13.326146,-0.106964,-0.613341,0.227586,0.747331,1.419476,1.460103,-1.799249,-0.537235,0.088548,0.701220,-1.159793,1.558759,2.248622,5
3479885312435,-0.077422,-0.040858,1.600059,-3.080986,-37.695783,-6.237471,-0.014949,-0.020556,1.905926,-4.872033,-36.106566,-3.337713,0.439752,1.107699,1.250321,-2.992022,0.692000,0.000000,66.970961,36.646836,-4.988443,-36.165611,13.436291,-0.106670,-0.613942,0.227391,0.746545,1.431129,1.463435,-1.787294,-0.537235,0.088548,0.701220,-1.159793,1.558759,2.248622,5
3479886312287,-0.076978,-0.039745,1.601304,-3.084004,-37.695078,-6.237471,-0.014446,-0.019435,1.908788,-4.883343,-36.097454,-3.321596,0.444506,1.113245,1.244775,-3.017652,0.704340,0.000000,67.610473,36.667842,-4.619313,-36.234948,13.449151,-0.106398,-0.614524,0.227197,0.745798,1.442869,1.466645,-1.775248,-0.537235,0.088548,0.701220,-1.159793,1.558759,2.248622,5
3479887312602,-0.076541,-0.038675,1.602512,-3.086917,-37.694396,-6.237472,-0.013942,-0.018312,1.911658,-4.894683,-36.088318,-3.305436,0.454806,1.115622,1.257452,-3.041383,0.712883,0.000000,67.649776,36.677033,-4.798123,-36.440943,13.556764,-0.106310,-0.615084,0.227001,0.745076,1.454885,1.469731,-1.762920,-0.537235,0.088548,0.701220,-1.159793,1.558759,2.248622,5
3479888313282,-0.076065,-0.037517,1.603775,-3.090112,-37.693691,-6.237470,-0.013437,-0.017185,1.914535,-4.906053,-36.079158,-3.289234,0.455599,1.111661,1.262999,-3.067012,0.705289,0.000000,68.722920,38.202965,-4.414402,-36.504273,13.575126,-0.105977,-0.615692,0.226784,0.744321,1.468595,1.473092,-1.748858,-0.537235,0.088548,0.701220,-1.159793,1.558759,2.248622,5
3479889315391,-0.075578,-0.036395,1.605103,-3.093195,-37.692945,-6.237472,-0.012931,-0.016056,1.917420,-4.917452,-36.069974,-3.272990,0.467484,1.121961,1.274884,-3.083150,0.713833,-0.002848,68.576580,36.316920,-5.108231,-36.844832,13.772524,-0.106098,-0.616287,0.226555,0.743538,1.483242,1.476325,-1.733839,-0.537235,0.088548,0.701220,-1.159793,1.558759,2.248622,5
3479890313083,-0.075126,-0.035269,1.606389,-3.096296,-37.692222,-6.237469,-0.012423,-0.014923,1.920313,-4.928881,-36.060766,-3.256703,0.469861,1.125923,1.286769,-3.100236,0.722376,0.003797,69.488057,35.891924,-5.420377,-37.086512,13.899070,-0.106237,-0.616875,0.226344,0.742775,1.498761,1.479546,-1.717971,-0.537235,0.088548,0.701220,-1.159793,1.558759,2.248622,5
3479891314250,-0.074644,-0.034147,1.607691,-3.099405,-37.691491,-6.237471,-0.011913,-0.013788,1.923212,-4.940340,-36.051534,-3.240374,0.482538,1.121961,1.301824,-3.109728,0.730919,0.000000,69.287883,36.998188,-5.444738,-37.280166,13.983294,-0.106475,-0.617468,0.226110,0.742008,1.515425,1.482760,-1.700918,-0.537235,0.088548,0.701220,-1.159793,1.558759,2.248622,5
3479892283363,-0.074155,-0.033013,1.609008,-3.102533,-37.690766,-6.237472,-0.011403,-0.012650,1.926120,-4.951828,-36.042279,-3.224004,0.488877,1.133846,1.316878,-3.127764,0.725224,0.000000,69.736377,34.634232,-6.370854,-37.668608,14.225224,-0.106567,-0.618068,0.225869,0.741225,1.533719,1.485965,-1.682221,-0.537235,0.088548,0.701220,-1.159793,1.558759,2.248622,5
3479893312879,-0.073658,-0.031879,1.610345,-3.105680,-37.690043,-6.237471,-0.010891,-0.011509,1.929034,-4.963346,-36.033000,-3.207591,0.496801,1.133846,1.337479,-3.146749,0.723325,0.000000,70.048144,34.658462,-6.841739,-37.951420,14.387939,-0.106582,-0.618670,0.225620,0.740432,1.553709,1.489158,-1.661810,-0.537235,0.088548,0.701220,-1.159793,1.558759,2.248622,5
3479894283940,-0.073156,-0.030742,1.611704,-3.108848,-37.689317,-6.237471,-0.010378,-0.010365,1.931957,-4.974893,-36.023697,-3.191136,0.501555,1.137016,1.358872,-3.168582,0.726173,0.000000,70.710739,33.991486,-7.504987,-38.274613,14.579424,-0.106498,-0.619273,0.225364,0.739627,1.575591,1.492338,-1.639494,-0.537235,0.088548,0.701220,-1.159793,1.558759,2.248622,5
3479895312950,-0.072676,-0.029642,1.613014,-3.111886,-37.688620,-6.237470,-0.009863,-0.009218,1.934886,-4.986469,-36.014370,-3.174639,0.502347,1.146524,1.365211,-3.172379,0.727122,0.003797,71.729045,32.577774,-7.955350,-38.570775,14.737004,-0.107050,-0.619857,0.225115,0.738843,1.598510,1.495347,-1.616148,-0.537235,0.088548,0.701220,-1.159793,1.558759,2.248622,5
3479896312753,-0.072125,-0.028445,1.614451,-3.115214,-37.687870,-6.237471,-0.009348,-0.008068,1.937823,-4.998075,-36.005020,-3.158101,0.509478,1.148901,1.379473,-3.192313,0.723325,0.000000,72.138988,32.217316,-8.352214,-38.838210,14.892551,-0.106911,-0.620497,0.224824,0.737985,1.625884,1.498597,-1.588273,-0.537235,0.088548,0.701220,-1.159793,1.558759,2.248622,5
3479897312252,-0.071654,-0.027337,1.615789,-3.118286,-37.687167,-6.237472,-0.008830,-0.006915,1.940768,-5.009710,-35.995646,-3.141521,0.513440,1.156032,1.394528,-3.206551,0.731868,0.000000,72.897333,31.018374,-8.962003,-39.161459,15.074127,-0.107082,-0.621081,0.224575,0.737186,1.653475,1.501543,-1.560247,-0.537235,0.088548,0.701220,-1.159793,1.558759,2.248622,5
3479898314005,-0.071120,-0.026126,1.617253,-3.121650,-37.686408,-6.237472,-0.008312,-0.005759,1.943720,-5.021374,-35.986249,-3.124899,0.510270,1.161578,1.408790,-3.235029,0.728071,0.000000,74.464465,30.037758,-9.507370,-39.452911,15.253143,-0.106694,-0.621723,0.224286,0.736309,1.686573,1.504702,-1.526644,-0.537235,0.088548,0.701220,-1.159793,1.558759,2.248622,5
3479899292381,-0.070603,-0.024955,1.618662,-3.124913,-37.685667,-6.237471,-0.007792,-0.004601,1.946679,-5.033068,-35.976828,-3.108236,0.517402,1.171087,1.408790,-3.263506,0.741361,0.000000,74.944264,28.915381,-9.590963,-39.638471,15.351587,-0.106304,-0.622345,0.224002,0.735469,1.721493,1.507693,-1.491222,-0.537235,0.088548,0.701220,-1.159793,1.558759,2.248622,5
3479900313301,-0.070087,-0.023781,1.620076,-3.128209,-37.684918,-6.237470,-0.007271,-0.003439,1.949645,-5.044790,-35.967384,-3.091531,0.515817,1.173464,1.414337,-3.295781,0.748955,0.000000,76.386513,29.170830,-9.498198,-39.780263,15.420718,-0.105739,-0.622967,0.223716,0.734632,1.759939,1.510630,-1.452264,-0.537235,0.088548,0.701220,-1.159793,1.558759,2.248622,5
3479901314524,-0.069562,-0.022596,1.621493,-3.131538,-37.684148,-6.237471,-0.006749,-0.002275,1.952619,-5.056541,-35.957917,-3.074785,0.525325,1.185349,1.416714,-3.329004,0.769838,0.000000,76.655621,27.459377,-9.764136,-40.004204,15.547886,-0.105188,-0.623596,0.223419,0.733797,1.802287,1.513505,-1.409384,-0.537235,0.088548,0.701220,-1.159793,1.558759,2.248622,5
3479902313196,-0.069056,-0.021455,1.622842,-3.134757,-37.683402,-6.237471,-0.006226,-0.001107,1.955601,-5.068322,-35.948426,-3.057998,0.526117,1.194065,1.405621,-3.354634,0.776483,0.000000,77.820638,27.094370,-9.317340,-40.073793,15.563464,-0.104822,-0.624202,0.223130,0.733007,1.846905,1.516184,-1.364243,-0.537235,0.088548,0.701220,-1.159793,1.558759,2.248622,5
3479903283544,-0.068504,-0.020213,1.624304,-3.138290,-37.682575,-6.237472,-0.005701,0.000063,1.958589,-5.080131,-35.938912,-3.041170,0.530871,1.192480,1.403244,-3.395451,0.793569,-0.002848,78.679945,28.490348,-8.631653,-40.072519,15.535035,-0.103802,-0.624863,0.222810,0.732159,1.900399,1.518999,-1.310163,-0.537235,0.088548,0.701220,-1.159793,1.558759,2.248622,5
3479904312934,-0.067975,-0.019011,1.625693,-3.141711,-37.681770,-6.237472,-0.005175,0.001235,1.961585,-5.091969,-35.929374,-3.024301,0.529287,1.201988,1.388982,-3.421081,0.804960,0.000000,80.158107,27.999969,-8.113232,-40.131737,15.540369,-0.103396,-0.625502,0.222499,0.731357,1.957241,1.521577,-1.252747,-0.537235,0.088548,0.701220,-1.159793,1.558759,2.248622,5
3479905315158,-0.067437,-0.017811,1.627077,-3.145157,-37.680951,-6.237472,-0.004647,0.002411,1.964588,-5.103836,-35.919814,-3.007390,0.538003,1.199611,1.383435,-3.445761,0.819199,0.000000,80.553197,29.720637,-7.268378,-40.115565,15.487865,-0.102947,-0.626142,0.222177,0.730568,2.019945,1.524011,-1.189448,-0.537235,0.088548,0.701220,-1.159793,1.558759,2.248622,5
3479906283282,-0.066921,-0.016658,1.628395,-3.148484,-37.680162,-6.237471,-0.004119,0.003590,1.967598,-5.115731,-35.910231,-2.990439,0.538003,1.202780,1.374719,-3.467594,0.823945,0.000000,81.854089,30.482027,-6.592274,-40.146550,15.470034,-0.102635,-0.626757,0.221865,0.729820,2.086308,1.526177,-1.122502,-0.537235,0.088548,0.701220,-1.159793,1.558759,2.248622,5
3479907283330,-0.066345,-0.015405,1.629825,-3.152142,-37.679296,-6.237471,-0.003589,0.004771,1.970616,-5.127655,-35.900624,-2.973447,0.553057,1.205950,1.372342,-3.510310,0.831539,0.000000,81.625216,30.817744,-6.137553,-40.195561,15.490468,-0.101592,-0.627430,0.221511,0.729017,2.166059,1.528325,-1.042089,-0.537235,0.088548,0.701220,-1.159793,1.558759,2.248622,5
3479908283359,-0.065784,-0.014203,1.631198,-3.155680,-37.678456,-6.237472,-0.003058,0.005956,1.973641,-5.139607,-35.890994,-2.956415,0.560981,1.201988,1.372342,-3.538787,0.840082,0.000000,82.128090,32.697241,-5.399085,-40.203584,15.460684,-0.100992,-0.628077,0.221161,0.728255,2.250253,1.530137,-0.957237,-0.537235,0.088548,0.701220,-1.159793,1.558759,2.248622,5
3479909312265,-0.065243,-0.013052,1.632507,-3.159096,-37.677640,-6.237471,-0.002525,0.007143,1.976673,-5.151588,-35.881342,-2.939342,0.564150,1.200403,1.369173,-3.566315,0.855270,0.000000,83.136886,34.360186,-4.598599,-40.202694,15.417949,-0.100434,-0.628699,0.220819,0.727535,2.337710,1.531606,-0.869133,-0.537235,0.088548,0.701220,-1.159793,1.558759,2.248622,5
3479910313816,-0.064664,-0.011851,1.633886,-3.162693,-37.676769,-6.237471,-0.001991,0.008333,1.979712,-5.163598,-35.871666,-2.922228,0.578412,1.200403,1.378681,-3.597641,0.870458,0.000000,82.972829,35.006816,-4.422571,-40.333849,15.478032,-0.099767,-0.629351,0.220448,0.726787,2.435945,1.532824,-0.770196,-0.537235,0.088548,0.701220,-1.159793,1.558759,2.248622,5
3479911315076,-0.064079,-0.010651,1.635266,-3.166320,-37.675896,-6.237471,-0.001456,0.009525,1.982758,-5.175636,-35.861968,-2.905074,0.585543,1.200403,1.379473,-3.626118,0.873306,0.000000,83.565668,36.013353,-3.927216,-40.402127,15.495341,-0.099153,-0.630005,0.220067,0.726045,2.540201,1.533670,-0.665218,-0.537235,0.088548,0.701220,-1.159793,1.558759,2.248622,5
3479912314176,-0.063457,-0.009400,1.636716,-3.170128,-37.674981,-6.237471,-0.000920,0.010721,1.985812,-5.187702,-35.852247,-2.887880,0.595844,1.201988,1.395320,-3.660291,0.878052,0.000000,83.850823,35.952105,-4.145782,-40.627494,15.630544,-0.098369,-0.630690,0.219657,0.725268,2.653475,1.534111,-0.551164,-0.537235,0.088548,0.701220,-1.159793,1.558759,2.248622,5
3479913314398,-0.062849,-0.008202,1.638113,-3.173799,-37.674085,-6.237472,-0.000383,0.011919,1.988873,-5.199796,-35.842503,-2.870645,0.607729,1.198026,1.396905,-3.670732,0.896088,0.000000,83.909039,37.729913,-3.496426,-40.681323,15.611617,-0.098265,-0.631349,0.219251,0.724529,2.763640,1.534104,-0.440227,-0.537235,0.088548,0.701220,-1.159793,1.558759,2.248622,5
3479914312587,-0.062233,-0.006996,1.639523,-3.177500,-37.673195,-6.237471,0.000156,0.013120,1.991941,-5.211918,-35.832737,-2.853371,0.615652,1.205157,1.409583,-3.701108,0.890392,0.000000,84.409208,36.676191,-3.888966,-40.953108,15.783572,-0.097659,-0.632012,0.218835,0.723779,2.873343,1.533637,-0.329729,-0.537235,0.088548,0.701220,-1.159793,1.558759,2.248622,5
3479915314698,-0.061612,-0.005790,1.640939,-3.181214,-37.672300,-6.237472,0.000696,0.014324,1.995015,-5.224069,-35.822948,-2.836056,0.621199,1.205950,1.416714,-3.714398,0.894189,0.000000,85.154777,37.184861,-3.755525,-41.132037,15.863287,-0.097521,-0.632678,0.218410,0.723027,2.979474,1.532735,-0.222783,-0.537235,0.088548,0.701220,-1.159793,1.558759,2.248622,5
3479916313537,-0.060978,-0.004581,1.642369,-3.184948,-37.671407,-6.237472,0.001237,0.015531,1.998097,-5.236247,-35.813136,-2.818701,0.633876,1.209911,1.429391,-3.733383,0.893240,0.000000,85.120452,36.753613,-4.006116,-41.380924,16.006747,-0.097234,-0.633348,0.217972,0.722267,3.080076,1.531408,-0.121340,-0.537235,0.088548,0.701220,-1.159793,1.558759,2.248622,5
3479917283239,-0.060341,-0.003365,1.643807,-3.188708,-37.670507,-6.237472,0.001780,0.016740,2.001187,-5.248454,-35.803302,-2.801307,0.637046,1.215458,1.438107,-3.760911,0.899885,0.000000,86.168261,36.258632,-4.122265,-41.604466,16.131220,-0.096642,-0.634022,0.217526,0.721503,-3.109303,1.529702,-0.026676,-0.537235,0.088548,0.701220,-1.159793,1.558759,2.248622,5
3479918283510,-0.059698,-0.002146,1.645255,-3.192504,-37.669597,-6.237471,0.002323,0.017952,2.004283,-5.260688,-35.793446,-2.783873,0.642592,1.219420,1.447615,-3.796033,0.910326,0.000000,86.990542,36.125170,-4.128923,-41.791515,16.235299,-0.095771,-0.634699,0.217070,0.720739,-3.022920,1.527657,0.060587,-0.537235,0.088548,0.701220,-1.159793,1.558759,2.248622,5
3479919325130,-0.059048,-0.000917,1.646705,-3.196327,-37.668670,-6.237471,0.002868,0.019167,2.007386,-5.272950,-35.783567,-2.766399,0.650516,1.228928,1.450785,-3.822612,0.926464,0.000000,87.539832,34.995559,-4.204618,-42.000484,16.348581,-0.095151,-0.635382,0.216603,0.719975,-2.944309,1.525317,0.140101,-0.537235,0.088548,0.701220,-1.159793,1.558759,2.248622,5
3479920284152,-0.058421,0.000270,1.648111,-3.200024,-37.667772,-6.237471,0.003415,0.020385,2.010496,-5.285240,-35.773665,-2.748886,0.652100,1.238436,1.462670,-3.856785,0.938804,0.000000,88.797124,33.669926,-4.574434,-42.280849,16.516473,-0.094376,-0.636042,0.216148,0.719235,-2.875993,1.522815,0.209303,-0.537235,0.088548,0.701220,-1.159793,1.558759,2.248622,5
3479921283684,-0.057760,0.001509,1.649567,-3.203906,-37.666820,-6.237471,0.003962,0.021605,2.013613,-5.297558,-35.763742,-2.731333,0.660816,1.239228,1.456331,-3.881465,0.951144,0.000000,89.279620,34.821918,-3.778126,-42.295543,16.488014,-0.093693,-0.636733,0.215663,0.718477,-2.811646,1.520003,0.274595,-0.537235,0.088548,0.701220,-1.159793,1.558759,2.248622,5
3479922314002,-0.057069,0.002815,1.651024,-3.207973,-37.665856,-6.237470,0.004511,0.022829,2.016737,-5.309903,-35.753796,-2.713741,0.663985,1.251113,1.457123,-3.905196,0.964433,0.000000,90.392409,33.164145,-3.912181,-42.536802,16.623217,-0.093088,-0.637463,0.215149,0.717711,-2.751515,1.516882,0.335729,-0.537235,0.088548,0.701220,-1.159793,1.558759,2.248622,5
3479923315486,-0.056436,0.004019,1.652483,-3.211739,-37.664882,-6.237472,0.005060,0.024054,2.019868,-5.322275,-35.743828,-2.696110,0.663985,1.255075,1.458708,-3.927978,0.973926,0.000000,91.848444,33.396804,-3.613745,-42.691425,16.686893,-0.092572,-0.638132,0.214671,0.716957,-2.702059,1.513815,0.386126,-0.537235,0.088548,0.701220,-1.159793,1.558759,2.248622,5
3479924314042,-0.055764,0.005281,1.653936,-3.215697,-37.663905,-6.237472,0.005611,0.025283,2.023007,-5.334676,-35.733838,-2.678440,0.671117,1.262206,1.452369,-3.958354,0.976774,0.000000,92.536693,33.174889,-3.144563,-42.780666,16.725182,-0.091720,-0.638838,0.214160,0.716204,-2.655386,1.510491,0.433804,-0.537235,0.088548,0.701220,-1.159793,1.558759,2.248622,5
3479925283357,-0.055063,0.006595,1.655460,-3.219849,-37.662885,-6.237472,0.006164,0.026514,2.026152,-5.347103,-35.723825,-2.660730,0.673494,1.262206,1.462670,-3.984933,0.982469,0.000000,93.793101,33.704829,-3.015694,-42.973604,16.823133,-0.090967,-0.639574,0.213619,0.715416,-2.611754,1.506880,0.478503,-0.537235,0.088548,0.701220,-1.159793,1.558759,2.248622,5
3479926313989,-0.054379,0.007866,1.656923,-3.223857,-37.661896,-6.237470,0.006717,0.027748,2.029304,-5.359558,-35.713791,-2.642982,0.684586,1.270130,1.463462,-4.007715,0.989114,0.000000,94.042487,32.964434,-2.896783,-43.145904,16.914542,-0.090348,-0.640287,0.213086,0.714660,-2.574109,1.503302,0.517201,-0.537235,0.088548,0.701220,-1.159793,1.558759,2.248622,5
3479927314318,-0.053690,0.009144,1.658398,-3.227899,-37.660895,-6.237473,0.007272,0.028985,2.032462,-5.372040,-35.703735,-2.625195,0.688548,1.278053,1.474555,-4.041887,1.000505,-0.003797,95.133514,31.901199,-3.133853,-43.407700,17.071201,-0.089341,-0.641005,0.212543,0.713900,-2.539941,1.499610,0.552445,-0.537235,0.088548,0.701220,-1.159793,1.558759,2.248622,5
3479928312367,-0.053025,0.010368,1.659823,-3.231800,-37.659926,-6.237470,0.007828,0.030225,2.035628,-5.384549,-35.693657,-2.607369,0.694887,1.277261,1.487232,-4.071314,1.012845,0.003797,95.946420,32.765465,-2.926198,-43.571650,17.147760,-0.088650,-0.641694,0.212012,0.713171,-2.510218,1.495988,0.583220,-0.537235,0.088548,0.701220,-1.159793,1.558759,2.248622,5
3479929312540,-0.052287,0.011699,1.661383,-3.236063,-37.658857,-6.237471,0.008385,0.031467,2.038801,-5.397085,-35.683557,-2.589505,0.709149,1.280430,1.499118,-4.091248,1.027084,0.000000,95.888683,32.477877,-3.016719,-43.794783,17.268192,-0.087944,-0.642448,0.211418,0.712377,-2.480791,1.491969,0.613826,-0.537235,0.088548,0.701220,-1.159793,1.558759,2.248622,5
3479930283659,-0.051567,0.012978,1.662899,-3.240185,-37.657823,-6.237471,0.008943,0.032712,2.041980,-5.409649,-35.673435,-2.571602,0.719450,1.278846,1.516549,-4.122573,1.033728,0.000000,96.275776,33.183611,-2.993456,-43.990879,17.376602,-0.086992,-0.643174,0.210833,0.711609,-2.455108,1.488025,0.640671,-0.537235,0.088548,0.701220,-1.159793,1.558759,2.248622,5
3479931316523,-0.050841,0.014257,1.664428,-3.244312,-37.656792,-6.237470,0.009503,0.033959,2.045166,-5.422239,-35.663292,-2.553660,0.726581,1.279638,1.528434,-4.127320,1.031830,0.000000,96.949473,33.437755,-3.030360,-44.243496,17.504204,-0.086922,-0.643902,0.210237,0.710830,-2.431891,1.484018,0.665072,-0.537235,0.088548,0.701220,-1.159793,1.558759,2.248622,5
3479932311652,-0.050102,0.015538,1.665965,-3.248453,-37.655770,-6.237471,0.010064,0.035209,2.048359,-5.434856,-35.653127,-2.535681,0.738466,1.280430,1.537150,-4.140609,1.021388,0.000000,97.090540,33.836444,-2.906200,-44.432296,17.604741,-0.086545,-0.644632,0.209626,0.710044,-2.410797,1.479944,0.687380,-0.537235,0.088548,0.701220,-1.159793,1.558759,2.248622,5
3479933283540,-0.049387,0.016768,1.667452,-3.252429,-37.654787,-6.237471,0.010626,0.036462,2.051559,-5.447500,-35.642941,-2.517663,0.747182,1.285184,1.551412,-4.148203,1.021388,0.000000,97.568027,33.269919,-3.191765,-44.729945,17.770056,-0.086443,-0.645335,0.209030,0.709279,-2.392366,1.475990,0.706998,-0.537235,0.088548,0.701220,-1.159793,1.558759,2.248622,5
3479934283437,-0.048595,0.018109,1.669084,-3.256771,-37.653721,-6.237471,0.011189,0.037717,2.054766,-5.460171,-35.632732,-2.499607,0.759067,1.285977,1.564882,-4.170036,1.024236,0.000000,97.757900,33.437898,-3.219596,-44.946438,17.891787,-0.085695,-0.646103,0.208364,0.708437,-2.374059,1.471631,0.726629,-0.537235,0.088548,0.701220,-1.159793,1.558759,2.248622,5
3479935283413,-0.047825,0.019400,1.670659,-3.260954,-37.652680,-6.237472,0.011753,0.038975,2.057979,-5.472868,-35.622503,-2.481513,0.769367,1.290731,1.574390,-4.182376,1.040373,0.000000,98.102157,33.023814,-3.270712,-45.182861,18.011510,-0.085278,-0.646844,0.207712,0.707627,-2.357840,1.467411,0.744146,-0.537235,0.088548,0.701220,-1.159793,1.558759,2.248622,5
3479936283582,-0.047076,0.020639,1.672175,-3.264986,-37.651672,-6.237472,0.012318,0.040236,2.061199,-5.485592,-35.612252,-2.463381,0.780460,1.294692,1.581522,-4.208955,1.051764,0.000000,98.360272,33.079201,-3.070438,-45.339819,18.090415,-0.084425,-0.647558,0.207072,0.706850,-2.343378,1.463328,0.759883,-0.537235,0.088548,0.701220,-1.159793,1.558759,2.248622,5
3479937283678,-0.046287,0.021940,1.673763,-3.269221,-37.650595,-6.237471,0.012885,0.041499,2.064426,-5.498342,-35.601979,-2.445212,0.789176,1.301031,1.587860,-4.234584,1.077394,0.000000,98.928285,32.574470,-2.969453,-45.532808,18.185895,-0.083510,-0.648308,0.206391,0.706040,-2.329221,1.459035,0.775400,-0.537235,0.088548,0.701220,-1.159793,1.558759,2.248622,5
3479938283431,-0.045492,0.023243,1.675342,-3.273473,-37.649501,-6.237472,0.013453,0.042765,2.067659,-5.511119,-35.591686,-2.427004,0.795515,1.302616,1.578352,-4.252620,1.093531,0.000000,99.746435,33.722432,-2.004083,-45.552435,18.149752,-0.082754,-0.649062,0.205697,0.705242,-2.315886,1.454724,0.790120,-0.537235,0.088548,0.701220,-1.159793,1.558759,2.248622,5
3479939283351,-0.044688,0.024552,1.676912,-3.277756,-37.648398,-6.237472,0.014022,0.044034,2.070899,-5.523923,-35.581371,-2.408760,0.803438,1.309747,1.570429,-4.282996,1.103023,0.000000,100.404409,33.649279,-1.347999,-45.618036,18.168785,-0.081623,-0.649821,0.204990,0.704450,-2.303324,1.450379,0.804096,-0.537235,0.088548,0.701220,-1.159793,1.558759,2.248622,5
3479940283147,-0.043879,0.025866,1.678474,-3.282063,-37.647278,-6.237470,0.014592,0.045305,2.074146,-5.536752,-35.571035,-2.390477,0.808985,1.313709,1.561713,-4.306727,1.120110,0.000000,101.339205,34.302499,-0.485719,-45.660697,18.154728,-0.080659,-0.650585,0.204271,0.703668,-2.291433,1.446015,0.817427,-0.537235,0.088548,0.701220,-1.159793,1.558759,2.248622,5
3479941283377,-0.043066,0.027186,1.680027,-3.286392,-37.646158,-6.237471,0.015163,0.046579,2.077399,-5.549608,-35.560677,-2.372158,0.813739,1.320048,1.552997,-4.328560,1.120110,0.000000,102.347727,34.384701,0.201947,-45.748266,18.182477,-0.079809,-0.651353,0.203540,0.702890,-2.280249,1.441619,0.830075,-0.537235,0.088548,0.701220,-1.159793,1.558759,2.248622,5
3479942310073,-0.042245,0.028504,1.681573,-3.290749,-37.645030,-6.237471,0.015736,0.047855,2.080659,-5.562489,-35.550299,-2.353801,0.820870,1.317670,1.546658,-4.357037,1.127704,0.000000,103.115409,36.336052,1.346287,-45.723336,18.126162,-0.078636,-0.652123,0.202796,0.702122,-2.269618,1.437197,0.842198,-0.537235,0.088548,0.701220,-1.159793,1.558759,2.248622,5
3479943318241,-0.041420,0.029835,1.683113,-3.295134,-37.643878,-6.237472,0.016310,0.049134,2.083926,-5.575397,-35.539900,-2.335407,0.824832,1.331140,1.539527,-4.385514,1.152384,0.000000,104.274146,34.936644,1.707527,-45.882455,18.201648,-0.077514,-0.652900,0.202040,0.701359,-2.259475,1.432752,0.853859,-0.537235,0.088548,0.701220,-1.159793,1.558759,2.248622,5
3479944283374,-0.040591,0.031172,1.684648,-3.299550,-37.642703,-6.237470,0.016884,0.050416,2.087199,-5.588331,-35.529480,-2.316976,0.828793,1.336687,1.534773,-4.415890,1.175166,0.000000,105.450858,35.171001,2.425505,-45.968336,18.219691,-0.076271,-0.653682,0.201271,0.700606,-2.249768,1.428286,0.865112,-0.537235,0.088548,0.701220,-1.159793,1.558759,2.248622,5
3479945316614,-0.039754,0.032504,1.686185,-3.303993,-37.641512,-6.237472,0.017460,0.051700,2.090479,-5.601291,-35.519039,-2.298508,0.837509,1.331933,1.537150,-4.443418,1.191303,0.000000,106.075034,37.307140,3.402119,-45.986859,18.186498,-0.075043,-0.654465,0.200487,0.699861,-2.240463,1.423796,0.875994,-0.537235,0.088548,0.701220,-1.159793,1.558759,2.248622,5
3479946314463,-0.038839,0.033897,1.687789,-3.308650,-37.640254,-6.237472,0.018037,0.052986,2.093765,-5.614276,-35.508577,-2.280004,0.844640,1.338271,1.541904,-4.469997,1.207440,0.000000,106.862949,36.819616,3.641215,-46.174720,18.283716,-0.073849,-0.655293,0.199633,0.699086,-2.231256,1.419090,0.886910,-0.537235,0.088548,0.701220,-1.159793,1.558759,2.248622,5
3479947283628,-0.038060,0.035178,1.689272,-3.312954,-37.639080,-6.237473,0.018616,0.054275,2.097058,-5.627288,-35.498095,-2.261463,0.849394,1.333517,1.549035,-4.490881,1.224527,-0.003797,107.969745,38.878280,4.443503,-46.266480,18.288024,-0.072861,-0.656042,0.198878,0.698375,-2.223177,1.414743,0.896520,-0.537235,0.088548,0.701220,-1.159793,1.558759,2.248622,5
3479948313258,-0.037164,0.036578,1.690897,-3.317648,-37.637804,-6.237471,0.019195,0.055567,2.100357,-5.640325,-35.487591,-2.242885,0.859695,1.341441,1.559336,-4.503221,1.224527,0.000000,108.392905,37.672760,4.264785,-46.551921,18.456830,-0.072217,-0.656868,0.198016,0.697589,-2.215004,1.409986,0.906431,-0.537235,0.088548,0.701220,-1.159793,1.558759,2.248622,5
3479949312329,-0.036294,0.037919,1.692469,-3.322149,-37.636585,-6.237471,0.019776,0.056861,2.103663,-5.653387,-35.477067,-2.224270,0.869995,1.341441,1.572013,-4.500373,1.218831,0.000000,108.756613,38.108208,4.366404,-46.797054,18.576884,-0.072048,-0.657662,0.197175,0.696822,-2.207725,1.405404,0.915405,-0.537235,0.088548,0.701220,-1.159793,1.558759,2.248622,5
3479950283285,-0.035446,0.039212,1.693988,-3.326463,-37.635404,-6.237472,0.020357,0.058158,2.106975,-5.666475,-35.466523,-2.205620,0.883465,1.348572,1.586276,-4.499424,1.230222,0.000000,108.746712,37.087720,4.108606,-47.094600,18.737207,-0.071845,-0.658427,0.196352,0.696076,-2.201183,1.401001,0.923607,-0.537235,0.088548,0.701220,-1.159793,1.558759,2.248622,5
3479951311563,-0.034520,0.040614,1.695659,-3.331158,-37.634100,-6.237470,0.020940,0.059457,2.110293,-5.679589,-35.455958,-2.186933,0.889012,1.346987,1.605292,-4.506069,1.253004,0.000000,109.725777,37.650444,4.134705,-47.380810,18.870274,-0.071240,-0.659258,0.195443,0.695258,-2.194462,1.396210,0.932160,-0.537235,0.088548,0.701220,-1.159793,1.558759,2.248622,5
3479952325588,-0.033619,0.041961,1.697276,-3.335663,-37.632856,-6.237472,0.021524,0.060759,2.113618,-5.692727,-35.445373,-2.168210,0.900897,1.346987,1.617177,-4.505119,1.243512,0.000000,109.889473,38.115723,4.282114,-47.605086,18.982045,-0.070961,-0.660057,0.194556,0.694458,-2.188487,1.391591,0.939926,-0.537235,0.088548,0.701220,-1.159793,1.558759,2.248622,5
3479953313762,-0.032744,0.043261,1.698841,-3.339985,-37.631642,-6.237470,0.022109,0.062064,2.116950,-5.705891,-35.434767,-2.149451,0.911197,1.356495,1.633816,-4.511764,1.267243,0.000000,110.265679,36.580469,3.880447,-47.943416,19.169528,-0.070484,-0.660828,0.193689,0.693679,-2.183091,1.387159,0.947072,-0.537235,0.088548,0.701220,-1.159793,1.558759,2.248622,5
3479954314582,-0.031779,0.044672,1.700557,-3.344705,-37.630313,-6.237471,0.022695,0.063370,2.120288,-5.719081,-35.424141,-2.130656,0.926252,1.354118,1.647286,-4.528850,1.275786,0.000000,110.113649,37.522925,4.219575,-48.090284,19.235660,-0.069396,-0.661667,0.192726,0.692828,-2.177497,1.382315,0.954608,-0.537235,0.088548,0.701220,-1.159793,1.558759,2.248622,5
3479955312629,-0.030809,0.046034,1.702207,-3.349251,-37.629027,-6.237472,0.023282,0.064680,2.123632,-5.732295,-35.413495,-2.111825,0.929421,1.362042,1.649663,-4.545937,1.286228,0.000000,111.299933,36.880007,4.491430,-48.312955,19.347032,-0.068492,-0.662484,0.191764,0.692007,-2.172389,1.377650,0.961647,-0.537235,0.088548,0.701220,-1.159793,1.558759,2.248622,5
3479956313565,-0.029904,0.047404,1.703867,-3.353815,-37.627727,-6.237470,0.023871,0.065991,2.126982,-5.745534,-35.402829,-2.092959,0.943683,1.369965,1.659964,-4.564922,1.300466,0.000000,111.281367,35.867227,4.473451,-48.532789,19.473234,-0.067420,-0.663292,0.190835,0.691178,-2.167538,1.372966,0.968389,-0.537235,0.088548,0.701220,-1.159793,1.558759,2.248622,5
3479957313138,-0.028952,0.048777,1.705528,-3.358400,-37.626415,-6.237470,0.024460,0.067306,2.130339,-5.758799,-35.392143,-2.074057,0.952399,1.373135,1.660756,-4.584856,1.311857,0.000000,111.866245,36.317876,5.113577,-48.644933,19.510546,-0.066275,-0.664110,0.189864,0.690349,-2.162865,1.368267,0.975026,-0.537235,0.088548,0.701220,-1.159793,1.558759,2.248622,5
3479958283750,-0.027992,0.050156,1.707192,-3.363007,-37.625088,-6.237471,0.025051,0.068622,2.133702,-5.772088,-35.381436,-2.055120,0.959530,1.379473,1.664718,-4.606689,1.327045,0.000000,112.649968,35.980466,5.480187,-48.824925,19.597151,-0.065088,-0.664932,0.188877,0.689519,-2.158368,1.363549,0.981520,-0.537235,0.088548,0.701220,-1.159793,1.558759,2.248622,5
3479959284227,-0.027022,0.051543,1.708857,-3.367629,-37.623743,-6.237470,0.025642,0.069941,2.137071,-5.785402,-35.370710,-2.036148,0.969831,1.386605,1.664718,-4.621877,1.345081,0.000000,113.050945,35.589190,5.953180,-48.968714,19.656265,-0.064030,-0.665759,0.187873,0.688688,-2.154038,1.358825,0.987882,-0.537235,0.088548,0.701220,-1.159793,1.558759,2.248622,5
3479960315705,-0.026050,0.052931,1.710522,-3.372263,-37.622382,-6.237472,0.026235,0.071263,2.140447,-5.798740,-35.359964,-2.017140,0.972208,1.388189,1.664718,-4.634217,1.360269,-0.002848,114.387973,36.425367,6.711490,-49.116991,19.696194,-0.063067,-0.666586,0.186856,0.687859,-2.149847,1.354093,0.994132,-0.537235,0.088548,0.701220,-1.159793,1.558759,2.248622,5
3479961312146,-0.025108,0.054269,1.712118,-3.376723,-37.621066,-6.237470,0.026829,0.072587,2.143829,-5.812104,-35.349198,-1.998097,0.979339,1.396113,1.664718,-4.653202,1.375457,0.000000,115.159533,36.024913,7.208525,-49.273741,19.763565,-0.062019,-0.667385,0.185865,0.687062,-2.145995,1.349549,0.999992,-0.537235,0.088548,0.701220,-1.159793,1.558759,2.248622,5
3479962312350,-0.024117,0.055669,1.713791,-3.381388,-37.619692,-6.237471,0.027424,0.073914,2.147217,-5.825491,-35.338412,-1.979019,0.991224,1.399282,1.672641,-4.665542,1.373558,0.000000,115.350746,36.087047,7.533972,-49.449007,19.853150,-0.061057,-0.668220,0.184816,0.686222,-2.142181,1.344788,1.005933,-0.537235,0.088548,0.701220,-1.159793,1.558759,2.248622,5
3479963314838,-0.023083,0.057132,1.715544,-3.386259,-37.618236,-6.237472,0.028020,0.075242,2.150611,-5.838904,-35.327606,-1.959907,0.992809,1.404036,1.683734,-4.674085,1.399188,0.000000,116.813281,35.660937,7.665034,-49.753848,19.999149,-0.060175,-0.669091,0.183710,0.685342,-2.138366,1.339825,1.011994,-0.537235,0.088548,0.701220,-1.159793,1.558759,2.248622,5
3479964314797,-0.022072,0.058536,1.717224,-3.390949,-37.616832,-6.237472,0.028617,0.076574,2.154012,-5.852340,-35.316781,-1.940759,1.011033,1.404036,1.680565,-4.690222,1.403934,0.000000,116.252879,36.903064,8.692765,-49.729643,19.952302,-0.058846,-0.669930,0.182626,0.684499,-2.134834,1.335052,1.017726,-0.537235,0.088548,0.701220,-1.159793,1.558759,2.248622,5
3479965313908,-0.021059,0.059947,1.718928,-3.395628,-37.615409,-6.237472,0.029215,0.077907,2.157418,-5.865801,-35.305936,-1.921577,1.012617,1.411167,1.703543,-4.678831,1.422919,0.000000,117.658990,35.445671,8.119591,-50.209126,20.211511,-0.058774,-0.670770,0.181531,0.683636,-2.131553,1.330285,1.023233,-0.537235,0.088548,0.701220,-1.159793,1.558759,2.248622,5
3479966314692,-0.019989,0.061363,1.720637,-3.400307,-37.613966,-6.237471,0.029815,0.079244,2.160831,-5.879286,-35.295072,-1.902361,1.028464,1.415921,1.709089,-4.678831,1.442853,0.000000,117.313562,35.235182,8.486303,-50.358930,20.268670,-0.057985,-0.671621,0.180386,0.682767,-2.128414,1.325525,1.028681,-0.537235,0.088548,0.701220,-1.159793,1.558759,2.248622,5
3479967313545,-0.019002,0.062776,1.722351,-3.404997,-37.612515,-6.237469,0.030415,0.080582,2.164249,-5.892795,-35.284188,-1.883110,1.030049,1.412752,1.713843,-4.690222,1.451396,0.000000,118.785256,36.903254,9.347769,-50.518419,20.308416,-0.056995,-0.672455,0.179287,0.681899,-2.125391,1.320760,1.033956,-0.537235,0.088548,0.701220,-1.159793,1.558759,2.248622,5
3479968315107,-0.017957,0.064196,1.724076,-3.409685,-37.611061,-6.237472,0.031017,0.081923,2.167674,-5.906328,-35.273285,-1.863825,1.045104,1.419883,1.724936,-4.688324,1.454244,-0.003797,118.558181,35.897203,9.313739,-50.762309,20.444078,-0.056302,-0.673299,0.178140,0.681014,-2.122567,1.315985,1.039113,-0.537235,0.088548,0.701220,-1.159793,1.558759,2.248622,5
3479969283382,-0.016899,0.065615,1.725809,-3.414389,-37.609601,-6.237471,0.031619,0.083266,2.171105,-5.919885,-35.262363,-1.844506,1.057781,1.419091,1.733652,-4.703512,1.459940,0.000000,118.627132,36.845656,9.923239,-50.875791,20.483870,-0.055092,-0.674144,0.176973,0.680124,-2.119880,1.311203,1.044172,-0.537235,0.088548,0.701220,-1.159793,1.558759,2.248622,5
3479970314371,-0.015837,0.067034,1.727547,-3.419112,-37.608123,-6.237469,0.032223,0.084612,2.174542,-5.933466,-35.251421,-1.825153,1.062535,1.419091,1.737614,-4.723446,1.477975,0.000000,119.672637,37.944807,10.755811,-51.004568,20.515109,-0.053681,-0.674989,0.175791,0.679236,-2.117252,1.306412,1.049205,-0.537235,0.088548,0.701220,-1.159793,1.558759,2.248622,5
3479971325562,-0.014759,0.068458,1.729295,-3.423857,-37.606623,-6.237472,0.032827,0.085960,2.177985,-5.947071,-35.240461,-1.805766,1.077590,1.423845,1.747914,-4.744329,1.499808,-0.002848,119.474799,37.714755,11.106205,-51.143482,20.582099,-0.052063,-0.675837,0.174586,0.678344,-2.114697,1.301606,1.054212,-0.537235,0.088548,0.701220,-1.159793,1.558759,2.248622,5
3479972283338,-0.013721,0.069820,1.730976,-3.428420,-37.605163,-6.237470,0.033433,0.087310,2.181434,-5.960700,-35.229481,-1.786345,1.083929,1.419883,1.754253,-4.763314,1.524488,0.000000,120.315241,39.720323,12.127805,-51.227322,20.571099,-0.050686,-0.676650,0.173415,0.677491,-2.112295,1.297001,1.058996,-0.537235,0.088548,0.701220,-1.159793,1.558759,2.248622,5
3479973311707,-0.012581,0.071306,1.732803,-3.433388,-37.603555,-6.237472,0.034040,0.088663,2.184889,-5.974352,-35.218482,-1.766891,1.094229,1.428599,1.755045,-4.769959,1.542524,-0.002848,120.680255,38.856980,12.559830,-51.407011,20.652728,-0.049453,-0.677536,0.172123,0.676562,-2.109751,1.291995,1.064172,-0.537235,0.088548,0.701220,-1.159793,1.558759,2.248622,5
3479974284897,-0.011427,0.072734,1.734565,-3.438344,-37.601988,-6.237471,0.034647,0.090018,2.188350,-5.988027,-35.207465,-1.747403,1.107699,1.427806,1.761384,-4.756669,1.567204,0.000000,120.603652,39.865133,13.258273,-51.537976,20.670080,-0.048829,-0.678403,0.170815,0.675698,-2.107096,1.287044,1.069471,-0.537235,0.088548,0.701220,-1.159793,1.558759,2.248622,5
3479975284469,-0.010404,0.074109,1.736255,-3.442685,-37.600483,-6.237472,0.035256,0.091375,2.191817,-6.001726,-35.196428,-1.727882,1.113245,1.434145,1.762969,-4.729141,1.571951,0.000000,121.461170,39.463402,13.588158,-51.819008,20.781191,-0.049116,-0.679204,0.169641,0.674794,-2.105346,1.282646,1.073628,-0.537235,0.088548,0.701220,-1.159793,1.558759,2.248622,5
3479976313216,-0.009233,0.075602,1.738100,-3.447590,-37.598845,-6.237470,0.035866,0.092735,2.195289,-6.015449,-35.185373,-1.708327,1.123546,1.432561,1.771684,-4.708258,1.573849,0.000000,121.732092,40.281384,14.068173,-52.033471,20.856887,-0.048826,-0.680088,0.168300,0.673833,-2.103270,1.277711,1.078434,-0.537235,0.088548,0.701220,-1.159793,1.558759,2.248622,5
3479977325487,-0.008142,0.076982,1.739801,-3.452061,-37.597326,-6.237472,0.036477,0.094097,2.198768,-6.029194,-35.174298,-1.688739,1.137808,1.441276,1.775646,-4.672187,1.585240,0.000000,121.489027,39.222408,14.190212,-52.285039,20.962046,-0.049157,-0.680903,0.167050,0.672935,-2.101517,1.273205,1.082732,-0.537235,0.088548,0.701220,-1.159793,1.558759,2.248622,5
3479978312992,-0.006996,0.078422,1.741579,-3.456674,-37.595717,-6.237470,0.037089,0.095461,2.202252,-6.042963,-35.163206,-1.669119,1.145732,1.440484,1.778023,-4.612384,1.608971,0.000000,121.988686,40.088341,14.761173,-52.547292,21.015126,-0.050137,-0.681750,0.165734,0.671989,-2.099813,1.268568,1.087116,-0.537235,0.088548,0.701220,-1.159793,1.558759,2.248622,5
3479979312673,-0.005795,0.079927,1.743448,-3.461434,-37.594025,-6.237472,0.037702,0.096827,2.205743,-6.056755,-35.152094,-1.649465,1.156032,1.444446,1.797832,-4.564922,1.627956,-0.002848,122.200360,39.102530,14.379886,-52.965488,21.212717,-0.050692,-0.682630,0.164350,0.670982,-2.098213,1.263775,1.091537,-0.537235,0.088548,0.701220,-1.159793,1.558759,2.248622,5
3479980283342,-0.004584,0.081379,1.745247,-3.465938,-37.592375,-6.237471,0.038316,0.098196,2.209239,-6.070570,-35.140964,-1.629779,1.161578,1.452369,1.798624,-4.504170,1.649789,0.000000,122.912331,38.121140,14.525362,-53.322756,21.343728,-0.051844,-0.683482,0.162975,0.669999,-2.096833,1.259243,1.095702,-0.537235,0.088548,0.701220,-1.159793,1.558759,2.248622,5
3479981283537,-0.003457,0.082833,1.747056,-3.470375,-37.590717,-6.237471,0.038931,0.099567,2.212741,-6.084407,-35.129816,-1.610060,1.172671,1.453162,1.808925,-4.436774,1.657383,0.000000,123.016389,38.163429,14.586173,-53.667295,21.468664,-0.053159,-0.684314,0.161655,0.668995,-2.095637,1.254772,1.099610,-0.537235,0.088548,0.701220,-1.159793,1.558759,2.248622,5
3479982312333,-0.002271,0.084297,1.748866,-3.474728,-37.589047,-6.237472,0.039547,0.100941,2.216248,-6.098268,-35.118649,-1.590308,1.186141,1.464254,1.810509,-4.353240,1.670672,0.000000,122.751262,36.226685,14.370808,-54.042769,21.621863,-0.054969,-0.685154,0.160291,0.667969,-2.094629,1.250377,1.103400,-0.537235,0.088548,0.701220,-1.159793,1.558759,2.248622,5
3479983312361,-0.001129,0.085703,1.750606,-3.478818,-37.587433,-6.237471,0.040164,0.102316,2.219762,-6.112151,-35.107464,-1.570524,1.188518,1.469008,1.812886,-4.265909,1.683012,0.000000,123.829401,35.772617,14.452696,-54.479911,21.774483,-0.057163,-0.685954,0.158979,0.666967,-2.093831,1.246245,1.106878,-0.537235,0.088548,0.701220,-1.159793,1.558759,2.248622,5
3479984312832,0.000080,0.087168,1.752425,-3.482989,-37.585739,-6.237471,0.040782,0.103694,2.223281,-6.126057,-35.096261,-1.550708,1.209119,1.465047,1.818433,-4.170985,1.694403,0.000000,122.601666,36.800587,14.817170,-54.690306,21.791094,-0.059136,-0.686783,0.157597,0.665904,-2.093156,1.242026,1.110371,-0.537235,0.088548,0.701220,-1.159793,1.558759,2.248622,5
3479985311825,0.001398,0.088705,1.754312,-3.487216,-37.583934,-6.237471,0.041401,0.105074,2.226806,-6.139985,-35.085039,-1.530860,1.215458,1.474555,1.810509,-4.053278,1.733322,0.000000,123.073715,35.345731,14.905912,-55.110458,21.907662,-0.061941,-0.687653,0.156114,0.664782,-2.092579,1.237755,1.113951,-0.537235,0.088548,0.701220,-1.159793,1.558759,2.248622,5
3479986312871,0.002577,0.090182,1.756119,-3.491128,-37.582182,-6.237471,0.042021,0.106456,2.230336,-6.153936,-35.073800,-1.510980,1.228928,1.476140,1.806548,-3.911841,1.752307,-0.002848,122.727972,35.320924,15.097504,-55.479376,21.977474,-0.065534,-0.688466,0.154754,0.663687,-2.092201,1.233799,1.117119,-0.537235,0.088548,0.701220,-1.159793,1.558759,2.248622,5
3479987314277,0.003817,0.091664,1.757842,-3.494898,-37.580469,-6.237472,0.042642,0.107841,2.233872,-6.167910,-35.062542,-1.491068,1.239228,1.482478,1.797832,-3.770403,1.783632,0.000000,122.688903,34.529792,15.278535,-55.866737,22.054365,-0.069261,-0.689286,0.153363,0.662604,-2.091933,1.229983,1.120210,-0.537235,0.088548,0.701220,-1.159793,1.558759,2.248622,5
3479988312439,0.005072,0.093143,1.759710,-3.498520,-37.578590,-6.237471,0.043264,0.109227,2.237414,-6.181905,-35.051267,-1.471124,1.255075,1.479309,1.793870,-3.622321,1.807364,0.000000,121.918410,35.441354,15.664390,-56.173547,22.065359,-0.073017,-0.690092,0.151950,0.661449,-2.091870,1.226323,1.123154,-0.537235,0.088548,0.701220,-1.159793,1.558759,2.248622,5
3479989314536,0.006341,0.094628,1.761489,-3.502002,-37.576771,-6.237471,0.043887,0.110616,2.240962,-6.195923,-35.039973,-1.451148,1.269337,1.484855,1.779608,-3.481833,1.818754,0.000000,121.316078,34.937406,16.032673,-56.470017,22.095379,-0.076668,-0.690896,0.150540,0.660305,-2.091938,1.222795,1.125947,-0.537235,0.088548,0.701220,-1.159793,1.558759,2.248622,5
3479990314275,0.007623,0.096118,1.763260,-3.505313,-37.574923,-6.237471,0.044511,0.112007,2.244515,-6.209963,-35.028662,-1.431141,1.282015,1.489609,1.770892,-3.310968,1.848181,0.000000,120.872530,34.227071,16.078030,-56.885378,22.166023,-0.081328,-0.691693,0.149128,0.659143,-2.092163,1.219436,1.128583,-0.537235,0.088548,0.701220,-1.159793,1.558759,2.248622,5
3479991314821,0.008918,0.097601,1.765019,-3.508434,-37.573049,-6.237472,0.045135,0.113401,2.248073,-6.224025,-35.017333,-1.411103,1.294692,1.483271,1.759007,-3.121119,1.873811,0.000000,120.372074,35.930547,16.728466,-57.214306,22.134195,-0.086543,-0.692480,0.147716,0.657966,-2.092534,1.216266,1.131065,-0.537235,0.088548,0.701220,-1.159793,1.558759,2.248622,5
3479992283835,0.010230,0.099081,1.766777,-3.511354,-37.571136,-6.237472,0.045761,0.114796,2.251638,-6.238109,-35.005986,-1.391033,1.312124,1.480101,1.757422,-2.919879,1.913679,0.000000,119.229764,36.445945,16.745858,-57.621156,22.160391,-0.092104,-0.693255,0.146303,0.656771,-2.093060,1.213297,1.133387,-0.537235,0.088548,0.701220,-1.159793,1.558759,2.248622,5
3479993284121,0.011558,0.100562,1.768529,-3.514060,-37.569188,-6.237472,0.046388,0.116194,2.255207,-6.252214,-34.994622,-1.370932,1.327971,1.480894,1.752668,-2.706299,1.947852,0.000000,118.249941,36.139648,16.577377,-58.085996,22.221803,-0.098196,-0.694021,0.144890,0.655552,-2.093769,1.210536,1.135519,-0.537235,0.088548,0.701220,-1.159793,1.558759,2.248622,5
3479994283337,0.012899,0.102039,1.770267,-3.516563,-37.567209,-6.237471,0.047016,0.117593,2.258783,-6.266342,-34.983240,-1.350800,1.341441,1.476932,1.737614,-2.502211,1.978228,0.000000,117.520477,37.351735,17.122183,-58.423549,22.181092,-0.103964,-0.694776,0.143481,0.654321,-2.094614,1.207981,1.137498,-0.537235,0.088548,0.701220,-1.159793,1.558759,2.248622,5
3479995312736,0.014199,0.103455,1.771935,-3.518753,-37.565290,-6.237471,0.047645,0.118995,2.262363,-6.280491,-34.971841,-1.330638,1.355703,1.476932,1.739991,-2.289580,2.004807,0.000000,116.673313,37.008318,16.686210,-58.947915,22.281996,-0.110304,-0.695488,0.142134,0.653111,-2.095627,1.205725,1.139177,-0.537235,0.088548,0.701220,-1.159793,1.558759,2.248622,5
3479996312542,0.015567,0.104925,1.773666,-3.520825,-37.563276,-6.237471,0.048275,0.120399,2.265949,-6.294661,-34.960425,-1.310444,1.368381,1.469801,1.731275,-2.072203,2.014299,0.000000,115.952940,38.475703,16.969789,-59.356064,22.281746,-0.116746,-0.696217,0.140737,0.651830,-2.096868,1.203571,1.140721,-0.537235,0.088548,0.701220,-1.159793,1.558759,2.248622,5
3479997312011,0.016957,0.106390,1.775378,-3.522663,-37.561233,-6.237472,0.048905,0.121806,2.269541,-6.308853,-34.948991,-1.290221,1.389774,1.465047,1.712259,-1.837739,2.042776,0.000000,114.088262,39.785380,17.515872,-59.620515,22.178036,-0.123464,-0.696934,0.139343,0.650535,-2.098256,1.201647,1.142097,-0.537235,0.088548,0.701220,-1.159793,1.558759,2.248622,5
3479998315579,0.018414,0.107913,1.777149,-3.524306,-37.559075,-6.237471,0.049537,0.123214,2.273138,-6.323067,-34.937540,-1.269966,1.400074,1.461877,1.701166,-1.576697,2.070305,0.000000,113.562788,40.146468,17.419728,-60.168233,22.224163,-0.131394,-0.697666,0.137905,0.649163,-2.099913,1.199903,1.143280,-0.537235,0.088548,0.701220,-1.159793,1.558759,2.248622,5
3479999315311,0.019833,0.109374,1.778819,-3.525619,-37.556974,-6.237470,0.050170,0.124624,2.276740,-6.337301,-34.926072,-1.249682,1.419091,1.460293,1.670264,-1.313756,2.101630,0.000000,111.930113,41.119106,18.113004,-60.450469,22.096521,-0.139162,-0.698356,0.136532,0.647834,-2.101655,1.198488,1.144231,-0.537235,0.088548,0.701220,-1.159793,1.558759,2.248622,5
3480000316593,0.021261,0.110828,1.780464,-3.526660,-37.554837,-6.237471,0.050803,0.126037,2.280348,-6.351557,-34.914586,-1.229367,1.427806,1.453954,1.644909,-1.040373,2.136752,0.000000,111.555987,42.867439,18.752816,-60.883125,22.019569,-0.147556,-0.699032,0.135176,0.646495,-2.103549,1.197340,1.144983,-0.537235,0.088548,0.701220,-1.159793,1.558759,2.248622,5
3480001314857,0.022765,0.112283,1.782078,-3.527428,-37.552668,-6.237472,0.051438,0.127451,2.283961,-6.365834,-34.903084,-1.209022,1.443653,1.455539,1.613215,-0.767940,2.169026,-0.002848,110.159636,43.124463,19.227775,-61.233037,21.924814,-0.155811,-0.699704,0.133789,0.645142,-2.105603,1.196456,1.145592,-0.537235,0.088548,0.701220,-1.159793,1.558759,2.248622,5
3480002283669,0.024161,0.113729,1.783662,-3.527893,-37.550464,-6.237472,0.052073,0.128868,2.287579,-6.380132,-34.891565,-1.188647,1.457123,1.446030,1.583899,-0.465130,2.204148,0.000000,109.180525,45.531044,20.030740,-61.615391,21.782144,-0.165210,-0.700343,0.132506,0.643780,-2.107827,1.195869,1.145852,-0.537235,0.088548,0.701220,-1.159793,1.558759,2.248622,5
3480003283338,0.025631,0.115179,1.785212,-3.528005,-37.548224,-6.237471,0.052709,0.130287,2.291203,-6.394451,-34.880029,-1.168242,1.469801,1.449992,1.550620,-0.112011,2.240219,0.000000,108.272090,44.917572,20.004573,-62.206246,21.766874,-0.176449,-0.700977,0.131204,0.642395,-2.110302,1.195618,1.145854,-0.537235,0.088548,0.701220,-1.159793,1.558759,2.248622,5
3480004283370,0.027119,0.116627,1.786730,-3.528005,-37.545944,-6.237472,0.053347,0.131707,2.294832,-6.408791,-34.868476,-1.147808,1.488025,1.447615,1.518134,-0.000000,2.279139,0.000000,106.179116,46.811323,21.492162,-62.083459,21.473521,-0.179510,-0.701605,0.129896,0.641027,-2.112730,1.195495,1.145896,-0.537235,0.088548,0.701220,-1.159793,1.558759,2.248622,5
3480005283608,0.028551,0.118012,1.788149,-3.528005,-37.543724,-6.237473,0.053985,0.133130,2.298466,-6.423151,-34.856907,-1.127344,1.494364,1.446823,1.483271,-0.000000,2.318058,0.000000,105.467430,49.226023,23.590681,-61.827413,21.153281,-0.179168,-0.702207,0.128632,0.639750,-2.114890,1.195414,1.146110,-0.537235,0.088548,0.701220,-1.159793,1.558759,2.248622,5
3480006283293,0.030066,0.119452,1.789604,-3.528003,-37.541384,-6.237472,0.054624,0.134555,2.302106,-6.437532,-34.845321,-1.106851,1.514172,1.439692,1.454746,-0.000000,2.339890,0.000000,102.926385,52.507425,25.714713,-61.401737,20.756152,-0.178467,-0.702835,0.127296,0.638443,-2.117024,1.195359,1.146470,-0.537235,0.088548,0.701220,-1.159793,1.558759,2.248622,5
3480007283305,0.031596,0.120893,1.791034,-3.528003,-37.539004,-6.237472,0.055264,0.135982,2.305750,-6.451934,-34.833718,-1.086329,1.530019,1.441276,1.430184,-0.000000,2.380708,0.000000,100.867514,53.805314,27.261700,-61.121806,20.462202,-0.177874,-0.703463,0.125943,0.637163,-2.119015,1.195335,1.146994,-0.537235,0.088548,0.701220,-1.159793,1.558759,2.248622,5
3480008283306,0.033141,0.122337,1.792459,-3.528002,-37.536606,-6.237470,0.055905,0.137411,2.309400,-6.466356,-34.822099,-1.065777,1.545074,1.443653,1.424637,-0.000000,2.397794,0.002848,98.894649,54.061941,27.915487,-61.025500,20.321263,-0.177593,-0.704089,0.124576,0.635888,-2.120969,1.195326,1.147571,-0.537235,0.088548,0.701220,-1.159793,1.558759,2.248622,5
3480009283483,0.034700,0.123783,1.793880,-3.528004,-37.534194,-6.237471,0.056547,0.138842,2.313055,-6.480798,-34.810463,-1.045196,1.559336,1.446030,1.420675,-0.000000,2.412033,0.000000,97.004192,54.248282,28.500572,-60.950599,20.196421,-0.177238,-0.704713,0.123195,0.634619,-2.122884,1.195321,1.148205,-0.537235,0.088548,0.701220,-1.159793,1.558759,2.248622,5
3480010283651,0.036270,0.125229,1.795315,-3.528001,-37.531766,-6.237470,0.057190,0.140275,2.316715,-6.495261,-34.798812,-1.024587,1.570429,1.446823,1.434938,0.002848,2.428170,0.000000,95.486683,53.989535,28.385314,-61.057151,20.190499,-0.177209,-0.705332,0.121804,0.633343,-2.124812,1.195325,1.148841,-0.537235,0.088548,0.701220,-1.159793,1.558759,2.248622,5
3480011283455,0.037857,0.126677,1.796768,-3.528001,-37.529316,-6.237471,0.057833,0.141710,2.320380,-6.509743,-34.787144,-1.003949,1.586276,1.447615,1.453954,-0.000000,2.449053,0.000000,93.310566,53.542353,28.117427,-61.121376,20.177750,-0.176862,-0.705946,0.120398,0.632060,-2.126742,1.195328,1.149498,-0.537235,0.088548,0.701220,-1.159793,1.558759,2.248622,5
3480012283497,0.039452,0.128132,1.798256,-3.527999,-37.526852,-6.237472,0.058478,0.143147,2.324050,-6.524246,-34.775459,-0.983282,1.594991,1.454746,1.487232,-0.000000,2.464241,0.000000,92.061144,51.100086,26.858663,-61.462872,20.362164,-0.176997,-0.706554,0.118982,0.630754,-2.128744,1.195325,1.150101,-0.537235,0.088548,0.701220,-1.159793,1.558759,2.248622,5
3480013315173,0.041058,0.129590,1.799768,-3.527997,-37.524374,-6.237470,0.059123,0.144586,2.327725,-6.538769,-34.763759,-0.962587,1.606084,1.458708,1.511795,-0.000000,2.478480,0.000000,90.489674,49.688784,26.130283,-61.673351,20.451627,-0.176938,-0.707155,0.117556,0.629433,-2.130793,1.195321,1.150675,-0.537235,0.088548,0.701220,-1.159793,1.558759,2.248622,5
3480014283560,0.042673,0.131056,1.801315,-3.527998,-37.521872,-6.237471,0.059769,0.146027,2.331406,-6.553312,-34.752043,-0.941864,1.614800,1.465839,1.547451,-0.000000,2.502211,0.000000,89.205646,47.128814,24.773715,-62.029007,20.645547,-0.177007,-0.707751,0.116120,0.628091,-2.132892,1.195307,1.151220,-0.537235,0.088548,0.701220,-1.159793,1.558759,2.248622,5
3480015315578,0.044294,0.132528,1.802895,-3.528000,-37.519365,-6.237471,0.060417,0.147470,2.335091,-6.567874,-34.740311,-0.921112,1.621139,1.472178,1.579937,-0.000000,2.506957,0.000000,88.245732,44.821064,23.529614,-62.395161,20.847064,-0.177168,-0.708340,0.114677,0.626725,-2.135080,1.195280,1.151690,-0.537235,0.088548,0.701220,-1.159793,1.558759,2.248622,5
3480016314859,0.045996,0.134074,1.804584,-3.527997,-37.516764,-6.237471,0.061065,0.148914,2.338781,-6.582456,-34.728563,-0.900332,1.633024,1.483271,1.619554,-0.000000,2.497465,0.000000,86.487635,40.944847,21.644564,-62.795869,21.125163,-0.177311,-0.708946,0.113164,0.625262,-2.137523,1.195226,1.152034,-0.537235,0.088548,0.701220,-1.159793,1.558759,2.248622,5
3480017312553,0.047563,0.135502,1.806167,-3.527997,-37.514367,-6.237470,0.061714,0.150361,2.342477,-6.597058,-34.716799,-0.879525,1.636986,1.490402,1.652040,-0.002848,2.501262,0.000000,85.891288,38.587965,20.385920,-63.193003,21.347173,-0.177482,-0.709495,0.111771,0.623893,-2.139852,1.195163,1.152276,-0.537235,0.088548,0.701220,-1.159793,1.558759,2.248622,5
3480018314467,0.049272,0.137065,1.807929,-3.527997,-37.511772,-6.237471,0.062363,0.151810,2.346177,-6.611679,-34.705019,-0.858690,1.641740,1.503079,1.693242,-0.000000,2.490820,0.000000,85.068888,34.261367,18.289220,-63.725912,21.699774,-0.177916,-0.710084,0.110252,0.622370,-2.142528,1.195066,1.152407,-0.537235,0.088548,0.701220,-1.159793,1.558759,2.248622,5
3480019283509,0.050907,0.138573,1.809656,-3.527996,-37.509241,-6.237470,0.063014,0.153260,2.349882,-6.626319,-34.693224,-0.837827,1.635401,1.507041,1.727313,-0.000000,2.530689,0.000000,85.716129,32.411043,17.093497,-64.244779,21.939846,-0.178155,-0.710641,0.108792,0.620889,-2.145126,1.194978,1.152512,-0.537235,0.088548,0.701220,-1.159793,1.558759,2.248622,5
3480020312597,0.052555,0.140094,1.811422,-3.527999,-37.506709,-6.237471,0.063666,0.154713,2.353592,-6.640979,-34.681414,-0.816936,1.647286,1.521303,1.766138,-0.002848,2.531638,0.000000,84.014629,27.978422,15.113424,-64.653476,22.235764,-0.178173,-0.711192,0.107321,0.619375,-2.147846,1.194863,1.152517,-0.537235,0.088548,0.701220,-1.159793,1.558759,2.248622,5
3480021315988,0.054199,0.141624,1.813226,-3.527998,-37.504166,-6.237472,0.064318,0.156167,2.357306,-6.655658,-34.669588,-0.796019,1.644117,1.530019,1.803378,-0.000000,2.543029,0.000000,84.288478,24.821702,13.430500,-65.221712,22.556557,-0.178617,-0.711734,0.105852,0.617833,-2.150659,1.194736,1.152434,-0.537235,0.088548,0.701220,-1.159793,1.558759,2.248622,5
3480022312251,0.055776,0.143106,1.814985,-3.527998,-37.501715,-6.237471,0.064971,0.157624,2.361026,-6.670356,-34.657746,-0.775074,1.644909,1.542697,1.835864,-0.000000,2.558217,0.000000,84.124322,21.156671,11.815054,-65.719914,22.852241,-0.178893,-0.712248,0.104439,0.616328,-2.153448,1.194604,1.152272,-0.537235,0.088548,0.701220,-1.159793,1.558759,2.248622,5
3480023312257,0.057562,0.144726,1.816927,-3.527998,-37.499044,-6.237471,0.065625,0.159082,2.364750,-6.685073,-34.645889,-0.754102,1.648079,1.553789,1.866766,-0.000000,2.562963,0.000000,83.414439,17.522022,10.210758,-66.162123,23.128699,-0.178964,-0.712805,0.102851,0.614669,-2.156555,1.194446,1.152100,-0.537235,0.088548,0.701220,-1.159793,1.558759,2.248622,5
3480024315141,0.059145,0.146289,1.818824,-3.527999,-37.496472,-6.237472,0.066280,0.160542,2.368480,-6.699809,-34.634017,-0.733103,1.652040,1.563298,1.896875,-0.000000,2.572455,-0.002848,82.849861,14.409566,8.777188,-66.588314,23.381904,-0.178996,-0.713317,0.101418,0.613051,-2.159618,1.194278,1.151731,-0.537235,0.088548,0.701220,-1.159793,1.558759,2.248622,5
3480025283526,0.060797,0.147860,1.820742,-3.527998,-37.493894,-6.237470,0.066936,0.162004,2.372214,-6.714563,-34.622130,-0.712077,1.652040,1.571221,1.918268,-0.000000,2.577202,0.002848,82.729034,11.997897,7.762276,-66.981513,23.591476,-0.179149,-0.713828,0.099935,0.611416,-2.162752,1.194105,1.151363,-0.537235,0.088548,0.701220,-1.159793,1.558759,2.248622,5
3480026314579,0.062461,0.149440,1.822685,-3.527997,-37.491318,-6.237470,0.067592,0.163467,2.375952,-6.729337,-34.610228,-0.691025,1.663925,1.579144,1.942831,-0.000000,2.576252,0.000000,81.017139,9.379658,6.626980,-67.232840,23.758951,-0.178895,-0.714332,0.098442,0.609759,-2.165965,1.193915,1.150934,-0.537235,0.088548,0.701220,-1.159793,1.558759,2.248622,5
3480027313618,0.064128,0.151026,1.824652,-3.527997,-37.488719,-6.237472,0.068250,0.164933,2.379696,-6.744129,-34.598311,-0.669946,1.667887,1.586276,1.966601,-0.000000,2.599034,0.000000,80.329790,7.031039,5.592005,-67.571614,23.938547,-0.178729,-0.714828,0.096943,0.608088,-2.169202,1.193722,1.150493,-0.537235,0.088548,0.701220,-1.159793,1.558759,2.248622,5
3480028315489,0.065734,0.152555,1.826546,-3.528000,-37.486219,-6.237471,0.068908,0.166400,2.383444,-6.758939,-34.586379,-0.648841,1.673434,1.594991,1.976110,-0.000000,2.605679,0.000000,79.538457,5.073219,5.097730,-67.791561,24.044419,-0.178523,-0.715298,0.095499,0.606478,-2.172331,1.193533,1.150056,-0.537235,0.088548,0.701220,-1.159793,1.558759,2.248622,5
3480029315034,0.067486,0.154216,1.828620,-3.528000,-37.483493,-6.237471,0.069567,0.167870,2.387197,-6.773768,-34.574432,-0.627710,1.682942,1.595784,1.991956,-0.000000,2.620867,0.000000,78.016147,4.201921,4.657956,-67.940712,24.098543,-0.177967,-0.715799,0.093924,0.604721,-2.175753,1.193328,1.149569,-0.537235,0.088548,0.701220,-1.159793,1.558759,2.248622,5
3480030312988,0.069175,0.155814,1.830616,-3.528000,-37.480853,-6.237472,0.070227,0.169341,2.390954,-6.788615,-34.562470,-0.606552,1.689280,1.598161,1.995918,-0.000000,2.639852,0.000000,76.998964,3.690487,4.695867,-68.047471,24.100954,-0.177412,-0.716274,0.092402,0.603034,-2.179012,1.193140,1.149140,-0.537235,0.088548,0.701220,-1.159793,1.558759,2.248622,5
3480031312623,0.070871,0.157413,1.832613,-3.528001,-37.478195,-6.237471,0.070887,0.170814,2.394716,-6.803481,-34.550494,-0.585369,1.696412,1.598953,1.997503,-0.000000,2.657888,0.000000,75.865757,3.616134,4.919035,-68.110098,24.069756,-0.176764,-0.716741,0.090872,0.601352,-2.182244,1.192962,1.148748,-0.537235,0.088548,0.701220,-1.159793,1.558759,2.248622,5
3480032313287,0.072651,0.159008,1.834603,-3.528001,-37.475509,-6.237472,0.071549,0.172288,2.398482,-6.818364,-34.538503,-0.564160,1.707504,1.594991,1.989579,-0.000000,2.686365,0.000000,74.072320,4.985258,5.832932,-67.981607,23.895904,-0.175733,-0.717209,0.089279,0.599685,-2.185390,1.192806,1.148528,-0.537235,0.088548,0.701220,-1.159793,1.558759,2.248622,5
3480033311672,0.074293,0.160598,1.836585,-3.528001,-37.472798,-6.237470,0.072211,0.173765,2.402253,-6.833265,-34.526498,-0.542925,1.714636,1.590237,1.982448,-0.000000,2.710096,0.000000,72.998192,6.500702,6.736103,-67.933505,23.754344,-0.174834,-0.717657,0.087781,0.598032,-2.188466,1.192672,1.148241,-0.537235,0.088548,0.701220,-1.159793,1.558759,2.248622,5
3480034315671,0.076015,0.162181,1.838558,-3.528001,-37.470056,-6.237470,0.072874,0.175243,2.406029,-6.848185,-34.514478,-0.521664,1.721767,1.583106,1.972940,-0.000000,2.742370,0.000000,71.802220,8.659067,7.893265,-67.830460,23.561406,-0.173771,-0.718104,0.086222,0.596400,-2.191439,1.192564,1.148141,-0.537235,0.088548,0.701220,-1.159793,1.558759,2.248622,5
3480035314040,0.077747,0.163762,1.840508,-3.527999,-37.467297,-6.237471,0.073538,0.176723,2.409809,-6.863122,-34.502444,-0.500379,1.732067,1.580729,1.949170,-0.000000,2.759457,0.000000,70.211685,10.391735,9.400258,-67.609536,23.315455,-0.172584,-0.718547,0.084653,0.594789,-2.194319,1.192480,1.148140,-0.537235,0.088548,0.701220,-1.159793,1.558759,2.248622,5
3480036283342,0.079490,0.165336,1.842438,-3.528001,-37.464514,-6.237472,0.074203,0.178205,2.413594,-6.878077,-34.490396,-0.479068,1.742368,1.574390,1.930946,-0.000000,2.782239,0.000000,68.579429,12.754148,10.902833,-67.394804,23.060159,-0.171325,-0.718985,0.083072,0.593202,-2.197093,1.192419,1.148257,-0.537235,0.088548,0.701220,-1.159793,1.558759,2.248622,5
3480037314237,0.081236,0.166899,1.844354,-3.528001,-37.461714,-6.237472,0.074868,0.179688,2.417383,-6.893049,-34.478333,-0.457732,1.746329,1.562505,1.915099,-0.000000,2.800274,0.000000,67.777090,16.215751,12.564791,-67.251641,22.808432,-0.170174,-0.719414,0.081486,0.591637,-2.199775,1.192387,1.148466,-0.537235,0.088548,0.701220,-1.159793,1.558759,2.248622,5
3480038315243,0.082994,0.168460,1.846257,-3.527999,-37.458877,-6.237470,0.075534,0.181173,2.421176,-6.908039,-34.466256,-0.436371,1.758215,1.560921,1.903214,-0.000000,2.837295,0.000000,65.901061,17.371544,13.628586,-67.087392,22.608376,-0.168852,-0.719839,0.079887,0.590092,-2.202360,1.192386,1.148787,-0.537235,0.088548,0.701220,-1.159793,1.558759,2.248622,5
3480039312957,0.084681,0.169947,1.848065,-3.528002,-37.456132,-6.237472,0.076201,0.182660,2.424974,-6.923046,-34.454166,-0.414985,1.761384,1.551412,1.888159,-0.000000,2.861975,0.000000,65.271292,20.503895,15.229376,-66.972911,22.371852,-0.167724,-0.720241,0.078350,0.588635,-2.204720,1.192408,1.149216,-0.537235,0.088548,0.701220,-1.159793,1.558759,2.248622,5
3480040313465,0.086521,0.171562,1.850028,-3.528000,-37.453136,-6.237472,0.076869,0.184149,2.428777,-6.938071,-34.442061,-0.393575,1.767723,1.549035,1.882613,-0.000000,2.881909,0.000000,64.061462,21.405403,15.973768,-66.945325,22.255477,-0.166547,-0.720669,0.076672,0.587056,-2.207268,1.192448,1.149705,-0.537235,0.088548,0.701220,-1.159793,1.558759,2.248622,5
3480041312308,0.088293,0.173111,1.851901,-3.528001,-37.450226,-6.237471,0.077537,0.185639,2.432583,-6.953113,-34.429943,-0.372140,1.772477,1.549035,1.873105,-0.000000,2.909438,0.000000,63.147718,22.164994,16.842166,-66.922045,22.131071,-0.165406,-0.721075,0.075052,0.585559,-2.209620,1.192513,1.150278,-0.537235,0.088548,0.701220,-1.159793,1.558759,2.248622,5
3480042312917,0.090067,0.174654,1.853777,-3.527999,-37.447292,-6.237472,0.078206,0.187131,2.436394,-6.968172,-34.417811,-0.350681,1.773269,1.543489,1.875482,-0.000000,2.934118,0.000000,62.742136,23.601977,17.469987,-67.013237,22.056150,-0.164400,-0.721472,0.073429,0.584071,-2.211921,1.192597,1.150905,-0.537235,0.088548,0.701220,-1.159793,1.558759,2.248622,5
3480043283981,0.091918,0.176197,1.855647,-3.528001,-37.444346,-6.237471,0.078876,0.188625,2.440209,-6.983247,-34.405665,-0.329198,1.777231,1.542697,1.869935,-0.000000,2.946458,0.000000,61.840794,24.347863,18.186581,-67.024303,21.963211,-0.163295,-0.721868,0.071748,0.582592,-2.214187,1.192692,1.151646,-0.537235,0.088548,0.701220,-1.159793,1.558759,2.248622,5
3480044283361,0.093617,0.177755,1.857440,-3.527999,-37.441502,-6.237472,0.079547,0.190121,2.444029,-6.998340,-34.393505,-0.307691,1.774854,1.557751,1.869935,-0.000000,2.963545,0.000000,62.044220,21.574264,17.885374,-67.311553,22.089419,-0.162727,-0.722257,0.070186,0.581122,-2.216515,1.192759,1.152140,-0.537235,0.088548,0.701220,-1.159793,1.558759,2.248622,5
3480045283276,0.095394,0.179308,1.859392,-3.528000,-37.438514,-6.237472,0.080219,0.191618,2.447853,-7.013450,-34.381332,-0.286159,1.777231,1.552997,1.874689,-0.000000,2.988225,0.000000,61.432677,22.703572,18.356946,-67.410702,22.031921,-0.161605,-0.722623,0.068553,0.579595,-2.218928,1.192837,1.152681,-0.537235,0.088548,0.701220,-1.159793,1.558759,2.248622,5
3480046283421,0.097092,0.180801,1.861196,-3.527999,-37.435503,-6.237472,0.080891,0.193116,2.451681,-7.028576,-34.369146,-0.264604,1.773269,1.558543,1.882613,-0.000000,3.011007,0.000000,61.832795,21.743691,18.247575,-67.712223,22.118109,-0.160871,-0.722984,0.066974,0.578210,-2.220812,1.193035,1.153639,-0.537235,0.088548,0.701220,-1.159793,1.558759,2.248622,5
3480047283500,0.098867,0.182365,1.863088,-3.528000,-37.432468,-6.237471,0.081564,0.194617,2.455513,-7.043719,-34.356946,-0.243026,1.775646,1.563298,1.892121,-0.000000,3.034738,0.000000,61.260922,20.700654,18.076778,-67.918542,22.175725,-0.159886,-0.723349,0.065335,0.576727,-2.223029,1.193171,1.154372,-0.537235,0.088548,0.701220,-1.159793,1.558759,2.248622,5
3480048283542,0.100633,0.183930,1.864997,-3.528000,-37.429420,-6.237471,0.082238,0.196119,2.459349,-7.058878,-34.344733,-0.221423,1.765346,1.565675,1.908760,-0.000000,3.048027,0.000000,62.439568,19.855869,17.641117,-68.374036,22.342497,-0.159338,-0.723703,0.063702,0.575236,-2.225270,1.193308,1.155075,-0.537235,0.088548,0.701220,-1.159793,1.558759,2.248622,5
3480049283280,0.102479,0.185508,1.866925,-3.528000,-37.426358,-6.237470,0.082912,0.197622,2.463189,-7.074053,-34.332507,-0.199798,1.769307,1.577560,1.928569,-0.000000,3.062266,0.002848,61.590314,16.848450,16.662110,-68.686477,22.530226,-0.158543,-0.724054,0.062009,0.573728,-2.227566,1.193441,1.155810,-0.537235,0.088548,0.701220,-1.159793,1.558759,2.248622,5
3480050283511,0.104182,0.187090,1.868867,-3.527998,-37.423280,-6.237470,0.083587,0.199128,2.467034,-7.089245,-34.320268,-0.178149,1.775646,1.582314,1.942039,-0.000000,3.077454,0.000000,60.592452,15.572508,16.304321,-68.881593,22.606858,-0.157411,-0.724387,0.060418,0.572213,-2.229882,1.193578,1.156386,-0.537235,0.088548,0.701220,-1.159793,1.558759,2.248622,5
3480051283177,0.105956,0.188676,1.870842,-3.527999,-37.420196,-6.237472,0.084263,0.200634,2.470883,-7.104453,-34.308015,-0.156478,1.774854,1.586276,1.975317,-0.000000,3.084099,0.000000,60.464968,13.623706,15.093517,-69.335382,22.849575,-0.156734,-0.724713,0.058773,0.570676,-2.232272,1.193698,1.156967,-0.537235,0.088548,0.701220,-1.159793,1.558759,2.248622,5
3480052283490,0.107733,0.190270,1.872838,-3.527998,-37.417114,-6.237471,0.084940,0.202143,2.474736,-7.119677,-34.295750,-0.134783,1.776438,1.593407,1.995918,-0.000000,3.082200,0.000000,60.045997,11.503429,14.243215,-69.681176,23.037885,-0.155917,-0.725028,0.057129,0.569121,-2.234744,1.193809,1.157468,-0.537235,0.088548,0.701220,-1.159793,1.558759,2.248622,5
3480053283178,0.109512,0.191866,1.874872,-3.527996,-37.414025,-6.237471,0.085617,0.203653,2.478592,-7.134917,-34.283472,-0.113066,1.778816,1.596576,2.033951,-0.000000,3.088845,0.000000,59.474331,9.485362,12.863944,-70.117772,23.289229,-0.155137,-0.725330,0.055482,0.567542,-2.237306,1.193906,1.157889,-0.537235,0.088548,0.701220,-1.159793,1.558759,2.248622,5
3480054315399,0.111303,0.193470,1.876947,-3.528002,-37.410940,-6.237471,0.086295,0.205164,2.482453,-7.150173,-34.271181,-0.091326,1.791493,1.603707,2.074360,-0.005695,3.085048,0.000000,57.479854,6.509869,11.229500,-70.424197,23.540544,-0.153978,-0.725618,0.053826,0.565934,-2.239985,1.193972,1.158214,-0.537235,0.088548,0.701220,-1.159793,1.558759,2.248622,5
3480055330057,0.113099,0.195083,1.879050,-3.527999,-37.407841,-6.237471,0.086974,0.206677,2.486318,-7.165445,-34.258877,-0.069564,1.795455,1.613215,2.103677,0.002848,3.099287,0.000000,56.718642,3.474625,9.868204,-70.829696,23.790289,-0.153345,-0.725896,0.052167,0.564303,-2.242743,1.194036,1.158468,-0.537235,0.088548,0.701220,-1.159793,1.558759,2.248622,5
3480056318364,0.114898,0.196706,1.881196,-3.527999,-37.404725,-6.237470,0.087653,0.208192,2.490187,-7.180732,-34.246561,-0.047779,1.799417,1.622723,2.145671,-0.000000,3.115424,0.000000,55.917438,-0.053796,8.021266,-71.305782,24.112651,-0.152429,-0.726160,0.050504,0.562645,-2.245595,1.194085,1.158643,-0.537235,0.088548,0.701220,-1.159793,1.558759,2.248622,5
3480057315498,0.116780,0.198399,1.883454,-3.527997,-37.401475,-6.237470,0.088333,0.209708,2.494059,-7.196035,-34.234232,-0.025972,1.807340,1.628270,2.169442,-0.000000,3.118272,0.002848,54.498990,-2.225101,7.043769,-71.562518,24.282208,-0.151200,-0.726423,0.048766,0.560904,-2.248624,1.194128,1.158776,-0.537235,0.088548,0.701220,-1.159793,1.558759,2.248622,5
3480058283357,0.118665,0.200099,1.885643,-3.527998,-37.398332,-6.237471,0.089014,0.211226,2.497936,-7.211353,-34.221891,-0.004144,1.812094,1.635401,2.188458,-0.000000,3.142952,0.000000,53.482557,-4.453505,6.247815,-71.824426,24.430538,-0.149861,-0.726686,0.047036,0.559173,-2.251712,1.194135,1.158823,-0.537235,0.088548,0.701220,-1.159793,1.558759,2.248622,5
3480059313610,0.120481,0.201741,1.887845,-3.527999,-37.395184,-6.237470,0.089695,0.212745,2.501816,-7.226687,-34.209538,0.017707,1.816056,1.641740,2.201928,-0.000000,3.147698,0.000000,52.703331,-6.212425,5.697674,-72.071185,24.560467,-0.148609,-0.726920,0.045358,0.557477,-2.254695,1.194170,1.158896,-0.537235,0.088548,0.701220,-1.159793,1.558759,2.248622,5
3480060326981,0.122222,0.203321,1.890054,-3.528000,-37.392016,-6.237471,0.090377,0.214266,2.505701,-7.242036,-34.197172,0.039579,1.816056,1.647286,2.209059,-0.000000,3.168582,0.000000,52.574406,-7.372934,5.500216,-72.331594,24.649295,-0.147286,-0.727124,0.043735,0.555828,-2.257515,1.194246,1.159052,-0.537235,0.088548,0.701220,-1.159793,1.558759,2.248622,5
3480061313719,0.123971,0.204908,1.892171,-3.527998,-37.389102,-6.237470,0.091060,0.215788,2.509589,-7.257399,-34.184794,0.061473,1.823979,1.652833,2.207474,-0.000000,3.179973,0.000000,51.307418,-8.193630,5.700569,-72.381740,24.643031,-0.145785,-0.727328,0.042133,0.554163,-2.260631,1.194209,1.158853,-0.537235,0.088548,0.701220,-1.159793,1.558759,2.248622,5
3480062314832,0.125873,0.206634,1.894473,-3.528000,-37.385638,-6.237472,0.091744,0.217312,2.513481,-7.272778,-34.172404,0.083388,1.823979,1.656794,2.207474,-0.000000,3.203704,0.000000,50.993367,-9.030323,5.816545,-72.570567,24.675675,-0.144055,-0.727553,0.040358,0.552433,-2.263458,1.194352,1.159254,-0.537235,0.088548,0.701220,-1.159793,1.558759,2.248622,5
3480063313281,0.127774,0.208364,1.896679,-3.528000,-37.382420,-6.237470,0.092428,0.218837,2.517376,-7.288172,-34.160002,0.105325,1.824772,1.659171,2.205890,-0.000000,3.217942,0.000000,50.530014,-9.479152,6.074158,-72.714645,24.684935,-0.142415,-0.727776,0.038609,0.550695,-2.266550,1.194392,1.159324,-0.537235,0.088548,0.701220,-1.159793,1.558759,2.248622,5
3480064313206,0.129530,0.209956,1.898888,-3.528001,-37.379176,-6.237471,0.093113,0.220364,2.521276,-7.303581,-34.147588,0.127282,1.827941,1.660756,2.208267,-0.000000,3.243572,-0.002848,49.934304,-9.625823,6.306111,-72.855706,24.683177,-0.140634,-0.727951,0.036968,0.549062,-2.269278,1.194517,1.159595,-0.537235,0.088548,0.701220,-1.159793,1.558759,2.248622,5
3480065316512,0.131367,0.211617,1.901099,-3.528002,-37.375903,-6.237471,0.093798,0.221892,2.525179,-7.319004,-34.135162,0.149261,1.836657,1.661548,2.211436,-0.000000,3.272999,0.000000,48.438908,-9.778679,6.553504,-72.890469,24.644452,-0.138674,-0.728137,0.035263,0.547387,-2.272129,1.194626,1.159839,-0.537235,0.088548,0.701220,-1.159793,1.558759,2.248622,5
3480066315077,0.133197,0.213276,1.903307,-3.528000,-37.372600,-6.237472,0.094484,0.223422,2.529086,-7.334442,-34.122725,0.171260,1.830318,1.658379,2.208267,-0.000000,3.303374,0.000000,49.051098,-8.827312,7.184002,-73.112273,24.614601,-0.136930,-0.728314,0.033561,0.545724,-2.274916,1.194762,1.160141,-0.537235,0.088548,0.701220,-1.159793,1.558759,2.248622,5
3480067314402,0.135111,0.214928,1.905513,-3.528000,-37.369274,-6.237471,0.095171,0.224953,2.532996,-7.349894,-34.110276,0.193280,1.835864,1.652833,2.205890,-0.000000,3.326156,0.000000,47.880433,-7.443072,7.946177,-73.109528,24.500413,-0.134755,-0.728485,0.031796,0.544075,-2.277651,1.194918,1.160581,-0.537235,0.088548,0.701220,-1.159793,1.558759,2.248622,5
3480068315193,0.136871,0.216581,1.907722,-3.528000,-37.365932,-6.237472,0.095858,0.226485,2.536910,-7.365361,-34.097815,0.215320,1.835072,1.652833,2.209059,-0.000000,3.341344,0.000000,47.849401,-7.428787,8.162750,-73.327932,24.526337,-0.132990,-0.728641,0.030141,0.542429,-2.280369,1.195083,1.160885,-0.537235,0.088548,0.701220,-1.159793,1.558759,2.248622,5
3480069283636,0.138708,0.218228,1.909919,-3.527997,-37.362572,-6.237472,0.096546,0.228019,2.540828,-7.380842,-34.085343,0.237381,1.837449,1.646494,2.196382,0.002848,3.360329,0.000000,47.252865,-5.468154,9.363917,-73.321302,24.366617,-0.130822,-0.728792,0.028430,0.540801,-2.283020,1.195275,1.161331,-0.537235,0.088548,0.701220,-1.159793,1.558759,2.248622,5
3480070315609,0.140544,0.219873,1.912107,-3.528000,-37.359195,-6.237471,0.097235,0.229554,2.544750,-7.396337,-34.072859,0.259462,1.835864,1.644909,2.188458,-0.002848,3.377416,0.000000,47.219845,-4.623859,10.169467,-73.432847,24.298959,-0.128597,-0.728935,0.026717,0.539186,-2.285619,1.195482,1.161829,-0.537235,0.088548,0.701220,-1.159793,1.558759,2.248622,5
3480071313551,0.142381,0.221510,1.914288,-3.528002,-37.355799,-6.237470,0.097924,0.231091,2.548674,-7.411846,-34.060364,0.281563,1.837449,1.637778,2.180535,-0.000000,3.395451,0.000000,46.732960,-2.676675,11.217638,-73.473587,24.165200,-0.126410,-0.729070,0.025001,0.537587,-2.288159,1.195711,1.162386,-0.537235,0.088548,0.701220,-1.159793,1.558759,2.248622,5
3480072314644,0.144146,0.223076,1.916370,-3.527999,-37.352538,-6.237471,0.098614,0.232629,2.552603,-7.427370,-34.047858,0.303683,1.838241,1.633816,2.170234,0.002848,3.405893,0.000000,46.463271,-1.128036,12.254206,-73.534897,24.051345,-0.124394,-0.729192,0.023356,0.536064,-2.290562,1.195947,1.162949,-0.537235,0.088548,0.701220,-1.159793,1.558759,2.248622,5
3480073313810,0.146060,0.224777,1.918626,-3.527999,-37.348965,-6.237473,0.099304,0.234169,2.556535,-7.442907,-34.035340,0.325824,1.838241,1.631439,2.166272,-0.000000,3.427726,-0.003797,46.120605,-0.415422,12.906788,-73.651085,23.992385,-0.121909,-0.729317,0.021567,0.534424,-2.293106,1.196224,1.163630,-0.537235,0.088548,0.701220,-1.159793,1.558759,2.248622,5
3480074311976,0.147899,0.226405,1.920790,-3.528000,-37.345508,-6.237471,0.099995,0.235709,2.560470,-7.458457,-34.022812,0.347984,1.839034,1.628270,2.163895,-0.000000,3.456203,0.002848,45.747389,0.563547,13.593289,-73.764263,23.920419,-0.119700,-0.729427,0.019846,0.532862,-2.295502,1.196516,1.164333,-0.537235,0.088548,0.701220,-1.159793,1.558759,2.248622,5
3480075312142,0.149740,0.228030,1.922958,-3.528000,-37.342022,-6.237472,0.100687,0.237252,2.564409,-7.474022,-34.010272,0.370163,1.840618,1.625101,2.167857,-0.000000,3.486579,0.000000,45.256703,1.298255,14.026467,-73.911486,23.881771,-0.117331,-0.729529,0.018122,0.531309,-2.297846,1.196829,1.165092,-0.537235,0.088548,0.701220,-1.159793,1.558759,2.248622,5
3480076312611,0.151582,0.229659,1.925131,-3.527999,-37.338512,-6.237473,0.101379,0.238795,2.568351,-7.489600,-33.997722,0.392362,1.842203,1.629062,2.172611,-0.000000,3.509361,0.000000,44.812009,0.536897,14.083109,-74.115579,23.923340,-0.115141,-0.729622,0.016396,0.529758,-2.300177,1.197155,1.165869,-0.537235,0.088548,0.701220,-1.159793,1.558759,2.248622,5
3480077315226,0.153422,0.231284,1.927326,-3.527999,-37.334984,-6.237473,0.102072,0.240340,2.572297,-7.505191,-33.985161,0.414580,1.839826,1.625101,2.194797,-0.000000,3.528346,0.000000,44.885491,0.679936,13.735205,-74.477600,24.027878,-0.113127,-0.729701,0.014671,0.528203,-2.302526,1.197488,1.166630,-0.537235,0.088548,0.701220,-1.159793,1.558759,2.248622,5
3480078315515,0.155265,0.232912,1.929528,-3.527997,-37.331446,-6.237472,0.102766,0.241886,2.576246,-7.520796,-33.972589,0.436817,1.842996,1.627478,2.201928,-0.000000,3.537838,0.000000,44.229096,0.114132,13.738962,-74.672144,24.074975,-0.110868,-0.729770,0.012944,0.526645,-2.304894,1.197827,1.167374,-0.537235,0.088548,0.701220,-1.159793,1.558759,2.248622,5
3480079315147,0.157108,0.234537,1.931740,-3.527997,-37.327901,-6.237472,0.103460,0.243433,2.580199,-7.536413,-33.960006,0.459072,1.842996,1.625893,2.212228,-0.000000,3.545432,0.000000,44.004834,0.222343,13.766820,-74.926303,24.125117,-0.108643,-0.729828,0.011217,0.525086,-2.307270,1.198166,1.168112,-0.537235,0.088548,0.701220,-1.159793,1.558759,2.248622,5
3480080283777,0.158961,0.236167,1.933965,-3.527998,-37.324354,-6.237471,0.104155,0.244982,2.584154,-7.552044,-33.947413,0.481346,1.853296,1.629855,2.224906,-0.000000,3.546381,0.000000,42.338761,-0.909886,13.485888,-75.046050,24.191010,-0.106221,-0.729875,0.009484,0.523518,-2.309697,1.198500,1.168810,-0.537235,0.088548,0.701220,-1.159793,1.558759,2.248622,5
3480081284171,0.160810,0.237803,1.936205,-3.528000,-37.320785,-6.237471,0.104850,0.246532,2.588113,-7.567688,-33.934810,0.503639,1.848542,1.636193,2.240753,-0.000000,3.569163,0.000000,42.810247,-2.595435,12.923667,-75.472057,24.365922,-0.104204,-0.729912,0.007754,0.521943,-2.312138,1.198839,1.169495,-0.537235,0.088548,0.701220,-1.159793,1.558759,2.248622,5
3480082313820,0.162663,0.239442,1.938453,-3.527999,-37.317204,-6.237472,0.105546,0.248083,2.592075,-7.583345,-33.922196,0.525950,1.853296,1.638570,2.247884,-0.000000,3.581503,0.000000,41.924354,-3.172967,12.937304,-75.639917,24.404322,-0.101698,-0.729939,0.006021,0.520367,-2.314590,1.199185,1.170173,-0.537235,0.088548,0.701220,-1.159793,1.558759,2.248622,5
3480083312711,0.164442,0.241024,1.940624,-3.528000,-37.313749,-6.237470,0.106242,0.249636,2.596041,-7.599014,-33.909572,0.548280,1.855673,1.650456,2.262939,-0.000000,3.609032,0.000000,41.489173,-5.799216,12.259185,-75.960578,24.577717,-0.099565,-0.729956,0.004356,0.518845,-2.316976,1.199520,1.170796,-0.537235,0.088548,0.701220,-1.159793,1.558759,2.248622,5
3480084315132,0.166294,0.242673,1.942906,-3.528001,-37.310114,-6.237472,0.106939,0.251190,2.600010,-7.614696,-33.896938,0.570627,1.852504,1.648871,2.282747,-0.000000,3.635610,0.000000,41.697696,-6.065386,11.897102,-76.343772,24.692676,-0.097220,-0.729961,0.002621,0.517258,-2.319449,1.199881,1.171466,-0.537235,0.088548,0.701220,-1.159793,1.558759,2.248622,5
3480085283338,0.168229,0.244402,1.945298,-3.527998,-37.306295,-6.237471,0.107636,0.252745,2.603981,-7.630391,-33.884293,0.592992,1.857258,1.659964,2.296217,-0.000000,3.665986,0.000000,40.759785,-8.790724,11.237265,-76.607106,24.846932,-0.094567,-0.729956,0.000808,0.515598,-2.322047,1.200273,1.172152,-0.537235,0.088548,0.701220,-1.159793,1.558759,2.248622,5
3480086283633,0.170086,0.246075,1.947610,-3.527998,-37.302613,-6.237467,0.108335,0.254301,2.607956,-7.646098,-33.871639,0.615375,1.856465,1.672641,2.311272,-0.000000,3.682123,0.003797,40.728474,-11.786747,10.420602,-77.004962,25.067942,-0.092373,-0.729943,-0.000932,0.513993,-2.324588,1.200648,1.172767,-0.537235,0.088548,0.701220,-1.159793,1.558759,2.248622,5
3480087324948,0.171930,0.247751,1.949939,-3.528000,-37.298920,-6.237472,0.109033,0.255859,2.611934,-7.661817,-33.858975,0.637775,1.844580,1.676603,2.329496,-0.000000,3.692565,-0.004746,42.262534,-13.181590,9.770957,-77.592910,25.296711,-0.090201,-0.729917,-0.002663,0.512378,-2.327155,1.201014,1.173350,-0.537235,0.088548,0.701220,-1.159793,1.558759,2.248622,5
3480088315390,0.173711,0.249367,1.952183,-3.527997,-37.295379,-6.237472,0.109732,0.257417,2.615916,-7.677549,-33.846300,0.660193,1.855673,1.685319,2.341381,-0.000000,3.696362,0.000000,40.615818,-15.155933,9.351685,-77.728290,25.401195,-0.087639,-0.729882,-0.004329,0.510819,-2.329680,1.201365,1.173853,-0.537235,0.088548,0.701220,-1.159793,1.558759,2.248622,5
3480089303448,0.175569,0.251057,1.954542,-3.527998,-37.291701,-6.237472,0.110432,0.258977,2.619900,-7.693293,-33.833616,0.682628,1.857258,1.690073,2.358812,-0.000000,3.677377,0.000000,40.247207,-16.772581,8.705620,-78.076022,25.587656,-0.085260,-0.729833,-0.006063,0.509176,-2.332405,1.201706,1.174288,-0.537235,0.088548,0.701220,-1.159793,1.558759,2.248622,5
3480090315427,0.177501,0.252826,1.957016,-3.527998,-37.287867,-6.237471,0.111132,0.260538,2.623887,-7.709049,-33.820923,0.705080,1.857258,1.698789,2.373867,-0.000000,3.679276,0.000000,40.028012,-19.208222,7.966533,-78.450226,25.793856,-0.082682,-0.729769,-0.007866,0.507451,-2.335310,1.202054,1.174672,-0.537235,0.088548,0.701220,-1.159793,1.558759,2.248622,5
3480091283680,0.179360,0.254529,1.959414,-3.527998,-37.284180,-6.237472,0.111833,0.262100,2.627877,-7.724816,-33.808220,0.727549,1.858842,1.703543,2.397637,-0.000000,3.686870,0.000000,39.628300,-21.035189,7.104908,-78.832719,25.997921,-0.080164,-0.729695,-0.009597,0.505781,-2.338159,1.202377,1.174988,-0.537235,0.088548,0.701220,-1.159793,1.558759,2.248622,5
3480092314341,0.181220,0.256164,1.961720,-3.527999,-37.280627,-6.237469,0.112534,0.263664,2.631871,-7.740596,-33.795507,0.750035,1.860427,1.707504,2.407145,-0.000000,3.708702,0.003797,39.197140,-21.952663,6.964518,-79.085257,26.079554,-0.077479,-0.729612,-0.011314,0.504181,-2.340895,1.202701,1.175365,-0.537235,0.088548,0.701220,-1.159793,1.558759,2.248622,5
3480093313486,0.183082,0.257947,1.964254,-3.527999,-37.276738,-6.237471,0.113236,0.265229,2.635867,-7.756387,-33.782785,0.772538,1.861219,1.711466,2.430916,-0.000000,3.730535,0.000000,38.928576,-23.762889,6.103719,-79.490491,26.280107,-0.074595,-0.729510,-0.013063,0.502430,-2.343904,1.203051,1.175586,-0.537235,0.088548,0.701220,-1.159793,1.558759,2.248622,5
3480094314397,0.184860,0.259587,1.966602,-3.528001,-37.273129,-6.237472,0.113938,0.266794,2.639866,-7.772189,-33.770053,0.795057,1.855673,1.710674,2.449140,-0.003797,3.762809,0.000000,39.600694,-24.050565,5.789215,-79.925864,26.405434,-0.071828,-0.729403,-0.014721,0.500821,-2.346662,1.203388,1.175872,-0.537235,0.088548,0.701220,-1.159793,1.558759,2.248622,5
3480095313494,0.186791,0.261366,1.969166,-3.527999,-37.269190,-6.237472,0.114641,0.268361,2.643868,-7.788003,-33.757313,0.817592,1.854088,1.707504,2.461817,-0.000000,3.781794,0.000000,39.570545,-24.026422,5.662039,-80.261629,26.483480,-0.068772,-0.729274,-0.016520,0.499073,-2.349665,1.203767,1.176175,-0.537235,0.088548,0.701220,-1.159793,1.558759,2.248622,5
3480096283351,0.188644,0.263073,1.971633,-3.527998,-37.265388,-6.237471,0.115344,0.269929,2.647873,-7.803829,-33.744563,0.840144,1.852504,1.706712,2.466571,-0.000000,3.801728,0.000000,39.641794,-23.983690,5.839072,-80.545345,26.523535,-0.065614,-0.729139,-0.018246,0.497401,-2.352537,1.204146,1.176476,-0.537235,0.088548,0.701220,-1.159793,1.558759,2.248622,5
3480097283727,0.190503,0.264774,1.974103,-3.527999,-37.261578,-6.237472,0.116048,0.271498,2.651881,-7.819665,-33.731804,0.862711,1.858842,1.701166,2.469741,-0.000000,3.810272,0.000000,38.553499,-22.954760,6.317315,-80.642745,26.473858,-0.062078,-0.728992,-0.019975,0.495735,-2.355393,1.204531,1.176798,-0.537235,0.088548,0.701220,-1.159793,1.558759,2.248622,5
3480098314238,0.192356,0.266471,1.976575,-3.527997,-37.257752,-6.237471,0.116752,0.273068,2.655891,-7.835513,-33.719037,0.885294,1.853296,1.696412,2.472910,-0.000000,3.826409,0.000000,39.185455,-22.059693,6.700625,-80.978510,26.490855,-0.058856,-0.728835,-0.021699,0.494077,-2.358235,1.204935,1.177127,-0.537235,0.088548,0.701220,-1.159793,1.558759,2.248622,5
3480099314342,0.194135,0.268097,1.978943,-3.527998,-37.254066,-6.237470,0.117457,0.274640,2.659905,-7.851372,-33.706260,0.907893,1.855673,1.698789,2.470533,-0.000000,3.842546,0.000000,38.804536,-22.195089,7.121423,-81.156097,26.489880,-0.055546,-0.728676,-0.023353,0.492497,-2.360929,1.205336,1.177475,-0.537235,0.088548,0.701220,-1.159793,1.558759,2.248622,5
3480100315242,0.195992,0.269784,1.981417,-3.527998,-37.250209,-6.237472,0.118162,0.276212,2.663921,-7.867241,-33.693475,0.930508,1.857258,1.686903,2.474495,-0.000000,3.856785,-0.002848,38.370351,-19.914078,7.826720,-81.323473,26.403778,-0.051794,-0.728499,-0.025078,0.490858,-2.363712,1.205766,1.177865,-0.537235,0.088548,0.701220,-1.159793,1.558759,2.248622,5
3480101314122,0.197927,0.271540,1.983995,-3.528000,-37.246155,-6.237472,0.118868,0.277786,2.667940,-7.883122,-33.680681,0.953138,1.855673,1.685319,2.472118,-0.000000,3.891907,0.000000,38.359830,-19.518566,8.340176,-81.555186,26.380392,-0.048013,-0.728304,-0.026877,0.489165,-2.366559,1.206244,1.178327,-0.537235,0.088548,0.701220,-1.159793,1.558759,2.248622,5
3480102283683,0.199783,0.273224,1.986473,-3.528000,-37.242235,-6.237470,0.119574,0.279360,2.671961,-7.899013,-33.667878,0.975783,1.855673,1.683734,2.478457,-0.000000,3.919435,0.002848,38.211686,-19.314702,8.535665,-81.824300,26.404028,-0.044451,-0.728107,-0.028602,0.487548,-2.369268,1.206727,1.178793,-0.537235,0.088548,0.701220,-1.159793,1.558759,2.248622,5
3480103312966,0.201634,0.274903,1.988949,-3.528000,-37.238286,-6.237471,0.120281,0.280936,2.675986,-7.914915,-33.655067,0.998443,1.850919,1.679772,2.475287,-0.000000,3.948861,0.000000,38.755601,-18.272296,9.205770,-82.111825,26.368478,-0.040683,-0.727902,-0.030325,0.485946,-2.371914,1.207236,1.179318,-0.537235,0.088548,0.701220,-1.159793,1.558759,2.248622,5
3480104313648,0.203485,0.276586,1.991420,-3.528000,-37.234317,-6.237472,0.120988,0.282512,2.680012,-7.930827,-33.642247,1.021118,1.851711,1.682149,2.471325,-0.000000,3.969745,0.000000,38.547813,-18.458861,9.665716,-82.321154,26.366767,-0.036885,-0.727689,-0.032048,0.484353,-2.374532,1.207763,1.179872,-0.537235,0.088548,0.701220,-1.159793,1.558759,2.248622,5
3480105312609,0.205255,0.278192,1.993781,-3.528001,-37.230500,-6.237472,0.121696,0.284090,2.684042,-7.946749,-33.629419,1.043807,1.847750,1.677395,2.464987,-0.000000,3.982085,0.000000,39.089517,-17.021067,10.526823,-82.580790,26.308094,-0.033216,-0.727477,-0.033695,0.482840,-2.377003,1.208286,1.180433,-0.537235,0.088548,0.701220,-1.159793,1.558759,2.248622,5
3480106314116,0.207179,0.279936,1.996329,-3.527998,-37.226334,-6.237472,0.122404,0.285668,2.688074,-7.962682,-33.616583,1.066512,1.846957,1.671057,2.446763,-0.000000,3.999171,0.000000,39.003123,-15.114226,11.893953,-82.684574,26.148839,-0.028786,-0.727241,-0.035484,0.481215,-2.379627,1.208885,1.181098,-0.537235,0.088548,0.701220,-1.159793,1.558759,2.248622,5
3480107283254,0.209024,0.281616,1.998763,-3.528000,-37.222330,-6.237470,0.123112,0.287248,2.692109,-7.978624,-33.603739,1.089230,1.845373,1.679772,2.434085,-0.000000,4.004867,0.000000,39.215697,-16.228814,12.425187,-82.926092,26.179567,-0.024989,-0.727010,-0.037200,0.479663,-2.382133,1.209469,1.181748,-0.537235,0.088548,0.701220,-1.159793,1.558759,2.248622,5
3480108312963,0.210879,0.283296,2.001187,-3.528001,-37.218299,-6.237472,0.123821,0.288829,2.696146,-7.994577,-33.590886,1.111963,1.854881,1.679772,2.424577,-0.000000,4.030497,0.000000,37.730680,-15.710478,13.320445,-82.908029,26.064012,-0.020488,-0.726772,-0.038924,0.478126,-2.384578,1.210077,1.182466,-0.537235,0.088548,0.701220,-1.159793,1.558759,2.248622,5
3480109312496,0.212729,0.284976,2.003613,-3.528001,-37.214242,-6.237471,0.124531,0.290410,2.700185,-8.010540,-33.578026,1.134710,1.850127,1.679772,2.425369,-0.000000,4.057075,0.000000,38.314489,-15.587439,13.686932,-83.259453,26.091025,-0.016554,-0.726525,-0.040644,0.476598,-2.386998,1.210710,1.183205,-0.537235,0.088548,0.701220,-1.159793,1.558759,2.248622,5
3480110315331,0.214509,0.286586,2.005945,-3.527998,-37.210329,-6.237472,0.125241,0.291993,2.704227,-8.026512,-33.565158,1.157471,1.858050,1.682942,2.430916,0.002848,4.081756,0.000000,37.162335,-16.109564,13.847368,-83.406874,26.106915,-0.012559,-0.726278,-0.042296,0.475138,-2.389303,1.211333,1.183935,-0.537235,0.088548,0.701220,-1.159793,1.558759,2.248622,5
3480111313722,0.216442,0.288335,2.008385,-3.527999,-37.206235,-6.237470,0.125951,0.293576,2.708272,-8.042494,-33.552282,1.180246,1.858050,1.676603,2.440424,-0.000000,4.094096,0.000000,36.897713,-15.231036,14.103006,-83.682328,26.115593,-0.008272,-0.726019,-0.044076,0.473566,-2.391887,1.211951,1.184605,-0.537235,0.088548,0.701220,-1.159793,1.558759,2.248622,5
3480112315232,0.218298,0.290021,2.010939,-3.527998,-37.201947,-6.237470,0.126662,0.295161,2.712319,-8.058486,-33.539398,1.203034,1.855673,1.686111,2.453102,-0.000000,4.116878,0.000000,37.237680,-17.427655,13.566902,-84.138896,26.307231,-0.004324,-0.725720,-0.045810,0.472029,-2.394256,1.212685,1.185448,-0.537235,0.088548,0.701220,-1.159793,1.558759,2.248622,5
3480113283579,0.220239,0.291703,2.013400,-3.527999,-37.197811,-6.237472,0.127373,0.296746,2.716368,-8.074487,-33.526507,1.225836,1.863596,1.681357,2.461817,-0.000000,4.135863,0.000000,35.841132,-16.685078,13.876988,-84.257115,26.273461,0.000287,-0.725425,-0.047591,0.470510,-2.396675,1.213363,1.186284,-0.537235,0.088548,0.701220,-1.159793,1.558759,2.248622,5
3480114313135,0.222023,0.293389,2.015873,-3.527998,-37.193661,-6.237472,0.128084,0.298333,2.720420,-8.090497,-33.513608,1.248651,1.862804,1.686111,2.472910,-0.000000,4.150101,0.000000,36.006218,-17.900653,13.613475,-84.656390,26.408905,0.004323,-0.725127,-0.049255,0.468988,-2.399127,1.214048,1.186929,-0.537235,0.088548,0.701220,-1.159793,1.558759,2.248622,5
3480115284143,0.223880,0.295069,2.018361,-3.528000,-37.189495,-6.237470,0.128796,0.299920,2.724474,-8.106517,-33.500702,1.271479,1.857258,1.679772,2.487172,-0.000000,4.166239,0.000000,36.688960,-17.083440,13.639848,-85.113997,26.475926,0.008510,-0.724812,-0.050971,0.467470,-2.401584,1.214743,1.187643,-0.537235,0.088548,0.701220,-1.159793,1.558759,2.248622,5
3480116314920,0.225671,0.296689,2.020749,-3.528000,-37.185469,-6.237471,0.129509,0.301508,2.728531,-8.122546,-33.487788,1.294321,1.869143,1.687696,2.487965,-0.000000,4.201361,0.000000,34.984596,-18.317025,13.874135,-85.164514,26.478411,0.013158,-0.724502,-0.052623,0.466015,-2.403927,1.215427,1.188354,-0.537235,0.088548,0.701220,-1.159793,1.558759,2.248622,5
3480117312639,0.227619,0.298454,2.023358,-3.527999,-37.181074,-6.237472,0.130221,0.303097,2.732589,-8.138584,-33.474868,1.317175,1.869935,1.692450,2.503812,-0.000000,4.225092,0.000000,34.713920,-19.840976,13.400968,-85.550256,26.630856,0.017667,-0.724152,-0.054419,0.464432,-2.406495,1.216178,1.189106,-0.537235,0.088548,0.701220,-1.159793,1.558759,2.248622,5
3480118283458,0.229409,0.300085,2.025767,-3.527997,-37.177009,-6.237472,0.130934,0.304687,2.736650,-8.154630,-33.461940,1.340041,1.869143,1.700373,2.514112,0.003797,4.239331,0.000000,34.893558,-21.514852,13.073478,-85.961681,26.787431,0.021621,-0.723822,-0.056066,0.462975,-2.408876,1.216882,1.189779,-0.537235,0.088548,0.701220,-1.159793,1.558759,2.248622,5
3480119312429,0.231351,0.301854,2.028410,-3.527998,-37.172567,-6.237469,0.131648,0.306278,2.740713,-8.170685,-33.449005,1.362920,1.865181,1.697996,2.533921,-0.000000,4.259265,0.002848,35.282864,-21.822148,12.688761,-86.445369,26.923656,0.026287,-0.723446,-0.057853,0.461388,-2.411492,1.217654,1.190483,-0.537235,0.088548,0.701220,-1.159793,1.558759,2.248622,5
3480120322689,0.233213,0.303556,2.030965,-3.527998,-37.168300,-6.237471,0.132362,0.307869,2.744779,-8.186750,-33.436063,1.385812,1.862012,1.701958,2.555314,-0.000000,4.266859,0.000000,35.710355,-23.298416,11.986228,-86.969891,27.137273,0.030544,-0.723072,-0.059563,0.459855,-2.414057,1.218386,1.191103,-0.537235,0.088548,0.701220,-1.159793,1.558759,2.248622,5
3480121314720,0.234999,0.305189,2.033439,-3.527996,-37.164213,-6.237471,0.133076,0.309462,2.748846,-8.202822,-33.423114,1.408716,1.862804,1.701166,2.583839,-0.000000,4.267808,0.000000,35.614179,-23.991488,11.230344,-87.442918,27.328914,0.034694,-0.722699,-0.061196,0.458373,-2.416602,1.219075,1.191609,-0.537235,0.088548,0.701220,-1.159793,1.558759,2.248622,5
3480122314810,0.236931,0.306974,2.036143,-3.527999,-37.159772,-6.237471,0.133791,0.311055,2.752916,-8.218903,-33.410158,1.431631,1.854088,1.710674,2.596516,-0.000000,4.264960,0.000000,36.844053,-26.410957,10.541922,-88.065174,27.593050,0.038977,-0.722280,-0.062962,0.456749,-2.419442,1.219808,1.192078,-0.537235,0.088548,0.701220,-1.159793,1.558759,2.248622,5
3480123313964,0.238868,0.308685,2.038763,-3.527999,-37.155489,-6.237470,0.134506,0.312649,2.756987,-8.234992,-33.397196,1.454559,1.859635,1.711466,2.620286,-0.000000,4.282996,0.000000,35.871346,-27.344664,9.943343,-88.391500,27.734617,0.043778,-0.721858,-0.064713,0.455186,-2.422210,1.220519,1.192569,-0.537235,0.088548,0.701220,-1.159793,1.558759,2.248622,5
3480124283637,0.240728,0.310397,2.041391,-3.527998,-37.151197,-6.237471,0.135221,0.314244,2.761061,-8.251090,-33.384227,1.477498,1.859635,1.711466,2.627418,-0.000000,4.292488,0.000000,35.841660,-27.553094,10.000729,-88.743742,27.805812,0.048678,-0.721429,-0.066404,0.453624,-2.424992,1.221235,1.192966,-0.537235,0.088548,0.701220,-1.159793,1.558759,2.248622,5
3480125312296,0.242508,0.312113,2.044025,-3.528000,-37.146861,-6.237471,0.135937,0.315840,2.765137,-8.267195,-33.371252,1.500449,1.860427,1.716220,2.634549,-0.000000,4.336154,0.000000,35.812747,-28.595795,9.953715,-89.100890,27.890583,0.053743,-0.720996,-0.068038,0.452070,-2.427742,1.221979,1.193322,-0.537235,0.088548,0.701220,-1.159793,1.558759,2.248622,5
3480126314951,0.244362,0.313828,2.046664,-3.527998,-37.142510,-6.237471,0.136653,0.317436,2.769215,-8.283309,-33.358270,1.523411,1.854088,1.715428,2.638510,-0.000000,4.350392,0.000000,36.718655,-28.544263,10.135202,-89.572693,27.963534,0.058691,-0.720548,-0.069722,0.450521,-2.430495,1.222736,1.193743,-0.537235,0.088548,0.701220,-1.159793,1.558759,2.248622,5
3480127313898,0.246139,0.315472,2.049195,-3.527998,-37.138330,-6.237470,0.137370,0.319034,2.773295,-8.299430,-33.345281,1.546384,1.853296,1.716220,2.639303,-0.000000,4.361783,0.002848,36.912665,-28.526061,10.474448,-89.910816,27.998412,0.063627,-0.720109,-0.071334,0.449042,-2.433138,1.223471,1.194142,-0.537235,0.088548,0.701220,-1.159793,1.558759,2.248622,5
3480128315799,0.248063,0.317254,2.051956,-3.527997,-37.133755,-6.237470,0.138086,0.320632,2.777376,-8.315559,-33.332287,1.569368,1.848542,1.709881,2.648018,0.002848,4.389311,0.000000,37.482707,-27.714394,10.655530,-90.368823,28.034603,0.069085,-0.719621,-0.073079,0.447445,-2.435983,1.224294,1.194596,-0.537235,0.088548,0.701220,-1.159793,1.558759,2.248622,5
3480129313439,0.249908,0.318959,2.054610,-3.527998,-37.129358,-6.237472,0.138803,0.322231,2.781460,-8.331696,-33.319286,1.592363,1.845373,1.705127,2.653565,-0.000000,4.397855,0.000000,37.921983,-26.951699,10.953960,-90.774479,28.064823,0.074498,-0.719141,-0.074749,0.445919,-2.438711,1.225090,1.195030,-0.537235,0.088548,0.701220,-1.159793,1.558759,2.248622,5
3480130283393,0.251752,0.320668,2.057262,-3.528000,-37.124945,-6.237471,0.139521,0.323830,2.785546,-8.347841,-33.306280,1.615369,1.843788,1.709089,2.651980,-0.000000,4.413043,0.000000,38.198541,-27.577849,11.229648,-91.138118,28.124080,0.079877,-0.718654,-0.076416,0.444398,-2.441441,1.225901,1.195459,-0.537235,0.088548,0.701220,-1.159793,1.558759,2.248622,5
3480131313652,0.253596,0.322369,2.059926,-3.527998,-37.120486,-6.237469,0.140239,0.325431,2.789633,-8.363992,-33.293267,1.638386,1.844580,1.701166,2.664658,-0.000000,4.458606,0.000000,38.009751,-26.386636,11.456590,-91.487183,28.112443,0.085663,-0.718153,-0.078082,0.442892,-2.444128,1.226749,1.195932,-0.537235,0.088548,0.701220,-1.159793,1.558759,2.248622,5
3480132312604,0.255445,0.324073,2.062594,-3.528000,-37.116002,-6.237472,0.140957,0.327032,2.793723,-8.380151,-33.280249,1.661412,1.848542,1.704335,2.667827,-0.000000,4.484236,-0.002848,37.461767,-26.988042,11.639050,-91.757658,28.154529,0.091465,-0.717644,-0.079750,0.441392,-2.446790,1.227611,1.196437,-0.537235,0.088548,0.701220,-1.159793,1.558759,2.248622,5
3480133313947,0.257218,0.325699,2.065147,-3.528002,-37.111674,-6.237472,0.141675,0.328633,2.797814,-8.396317,-33.267224,1.684449,1.850127,1.696412,2.664658,-0.002848,4.515561,0.000000,37.255057,-25.101388,12.566569,-91.986424,28.042628,0.097475,-0.717148,-0.081348,0.439975,-2.449282,1.228470,1.196979,-0.537235,0.088548,0.701220,-1.159793,1.558759,2.248622,5
3480134313645,0.259145,0.327469,2.067919,-3.527999,-37.106958,-6.237471,0.142394,0.330236,2.801907,-8.412491,-33.254194,1.707497,1.850127,1.699581,2.661488,-0.000000,4.527901,0.000000,37.239869,-25.662838,12.897766,-92.324370,28.087123,0.103439,-0.716600,-0.083081,0.438440,-2.452002,1.229421,1.197551,-0.537235,0.088548,0.701220,-1.159793,1.558759,2.248622,5
3480135283674,0.260997,0.329162,2.070582,-3.527997,-37.102436,-6.237470,0.143113,0.331839,2.806001,-8.428671,-33.241159,1.730554,1.852504,1.692450,2.663865,-0.000000,4.522206,0.000000,36.889763,-24.358241,13.428287,-92.609426,28.059552,0.109475,-0.716063,-0.084742,0.436973,-2.454629,1.230335,1.198080,-0.537235,0.088548,0.701220,-1.159793,1.558759,2.248622,5
3480136284979,0.262851,0.330853,2.073239,-3.527999,-37.097926,-6.237473,0.143833,0.333443,2.810098,-8.444858,-33.228118,1.753620,1.854088,1.690865,2.656734,-0.000000,4.509866,-0.003797,36.703454,-23.772164,14.126568,-92.873370,28.037769,0.115583,-0.715518,-0.086399,0.435511,-2.457260,1.231241,1.198601,-0.537235,0.088548,0.701220,-1.159793,1.558759,2.248622,5
3480137313805,0.264705,0.332543,2.075894,-3.528000,-37.093407,-6.237472,0.144552,0.335047,2.814196,-8.461052,-33.215071,1.776697,1.854088,1.690865,2.655150,-0.000000,4.519358,0.000000,36.730801,-23.631291,14.572700,-93.206589,28.052892,0.121562,-0.714965,-0.088052,0.434056,-2.459905,1.232164,1.199104,-0.537235,0.088548,0.701220,-1.159793,1.558759,2.248622,5
3480138284221,0.266482,0.334161,2.078446,-3.528003,-37.089058,-6.237472,0.145272,0.336653,2.818296,-8.477252,-33.202019,1.799782,1.855673,1.690865,2.661488,-0.002848,4.535495,0.000000,36.586863,-23.589599,14.779356,-93.547071,28.093495,0.127479,-0.714425,-0.089634,0.432668,-2.462431,1.233059,1.199593,-0.537235,0.088548,0.701220,-1.159793,1.558759,2.248622,5
3480139313199,0.268421,0.335849,2.081104,-3.528002,-37.084459,-6.237471,0.145992,0.338258,2.822397,-8.493459,-33.188962,1.822877,1.862804,1.687696,2.658319,-0.000000,4.599095,0.000000,35.382331,-22.663939,15.589279,-93.662450,27.975233,0.134306,-0.713847,-0.091347,0.431243,-2.464976,1.234049,1.200282,-0.537235,0.088548,0.701220,-1.159793,1.558759,2.248622,5
3480140314689,0.270281,0.337607,2.083892,-3.528002,-37.079631,-6.237472,0.146713,0.339865,2.826500,-8.509672,-33.175900,1.845981,1.859635,1.689280,2.674958,-0.000000,4.637064,0.000000,35.885204,-23.536571,15.213466,-94.210146,28.118932,0.140559,-0.713246,-0.093014,0.429763,-2.467623,1.235099,1.200847,-0.537235,0.088548,0.701220,-1.159793,1.558759,2.248622,5
3480141312119,0.272069,0.339221,2.086452,-3.527999,-37.075159,-6.237472,0.147434,0.341472,2.830605,-8.525891,-33.162833,1.869094,1.867558,1.682942,2.674958,-0.000000,4.665542,0.000000,34.768061,-22.057662,15.993362,-94.351116,28.013760,0.147269,-0.712679,-0.094601,0.428418,-2.470010,1.236099,1.201487,-0.537235,0.088548,0.701220,-1.159793,1.558759,2.248622,5
3480142283400,0.274015,0.340980,2.089249,-3.527995,-37.070287,-6.237471,0.148155,0.343079,2.834711,-8.542117,-33.149761,1.892216,1.865974,1.689280,2.686051,-0.000000,4.679780,0.000000,34.984444,-23.663080,15.639900,-94.842482,28.182018,0.153626,-0.712050,-0.096323,0.426952,-2.472654,1.237188,1.202134,-0.537235,0.088548,0.701220,-1.159793,1.558759,2.248622,5
3480143312259,0.275876,0.342667,2.091931,-3.528000,-37.065628,-6.237472,0.148876,0.344688,2.838819,-8.558348,-33.136684,1.915346,1.861219,1.687696,2.682089,-0.004746,4.658897,0.000000,35.729767,-23.208780,16.163759,-95.287684,28.216808,0.160124,-0.711438,-0.097966,0.425546,-2.475224,1.238219,1.202714,-0.537235,0.088548,0.701220,-1.159793,1.558759,2.248622,5
3480144314982,0.277752,0.344352,2.094617,-3.527999,-37.060972,-6.237471,0.149598,0.346296,2.842928,-8.574586,-33.123602,1.938485,1.875482,1.684526,2.686051,-0.000000,4.656049,0.000000,33.668116,-22.672266,16.577280,-95.353579,28.179615,0.167008,-0.710814,-0.099612,0.424143,-2.477833,1.239253,1.203259,-0.537235,0.088548,0.701220,-1.159793,1.558759,2.248622,5
3480145314044,0.279546,0.345968,2.097190,-3.528000,-37.056507,-6.237470,0.150320,0.347906,2.847039,-8.590829,-33.110516,1.961632,1.872312,1.686903,2.686843,-0.002848,4.658897,0.000000,34.246274,-22.920209,16.862289,-95.798320,28.246118,0.173288,-0.710209,-0.101183,0.422802,-2.480349,1.240248,1.203759,-0.537235,0.088548,0.701220,-1.159793,1.558759,2.248622,5
3480146283585,0.281498,0.347722,2.099990,-3.528003,-37.051620,-6.237472,0.151042,0.349516,2.851151,-8.607078,-33.097425,1.984787,1.872312,1.684526,2.685259,-0.002848,4.693070,0.000000,34.146794,-22.419577,17.416032,-96.135782,28.220276,0.180564,-0.709541,-0.102892,0.421358,-2.483038,1.241357,1.204351,-0.537235,0.088548,0.701220,-1.159793,1.558759,2.248622,5
3480147315043,0.283370,0.349409,2.102677,-3.528001,-37.046886,-6.237471,0.151764,0.351126,2.855264,-8.623333,-33.084329,2.007950,1.871520,1.686903,2.687636,-0.000000,4.733887,0.000000,34.281751,-22.789937,17.674599,-96.539898,28.258758,0.187385,-0.708893,-0.104527,0.419986,-2.485586,1.242459,1.204947,-0.537235,0.088548,0.701220,-1.159793,1.558759,2.248622,5
3480148314971,0.285237,0.351102,2.105375,-3.528001,-37.042117,-6.237470,0.152487,0.352737,2.859379,-8.639593,-33.071229,2.031121,1.867558,1.692450,2.697936,-0.000000,4.769010,0.000000,34.906167,-24.030884,17.464201,-97.081151,28.398144,0.194033,-0.708236,-0.106159,0.418619,-2.488133,1.243582,1.205543,-0.537235,0.088548,0.701220,-1.159793,1.558759,2.248622,5
3480149284403,0.287034,0.352724,2.107975,-3.528001,-37.037554,-6.237472,0.153210,0.354349,2.863496,-8.655858,-33.058125,2.054300,1.873897,1.694035,2.711406,-0.000000,4.766162,0.000000,34.108150,-24.566889,17.312301,-97.408121,28.497919,0.200661,-0.707592,-0.107720,0.417302,-2.490635,1.244645,1.206056,-0.537235,0.088548,0.701220,-1.159793,1.558759,2.248622,5
3480150284918,0.288971,0.354488,2.110809,-3.528000,-37.032616,-6.237471,0.153933,0.355961,2.867613,-8.672129,-33.045017,2.077485,1.858050,1.694035,2.720914,-0.000000,4.736735,0.000000,36.438997,-25.090554,17.027676,-98.250160,28.707320,0.207104,-0.706882,-0.109397,0.415863,-2.493450,1.245782,1.206492,-0.537235,0.088548,0.701220,-1.159793,1.558759,2.248622,5
3480151284745,0.290838,0.356184,2.113551,-3.527998,-37.027927,-6.237469,0.154656,0.357574,2.871732,-8.688405,-33.031904,2.100679,1.866766,1.695619,2.741515,-0.000000,4.689273,0.000000,35.270183,-26.108798,16.444912,-98.596626,28.894508,0.213756,-0.706184,-0.111000,0.414459,-2.496325,1.246823,1.206736,-0.537235,0.088548,0.701220,-1.159793,1.558759,2.248622,5
3480152318270,0.292625,0.357810,2.116187,-3.528000,-37.023469,-6.237472,0.155380,0.359187,2.875852,-8.704685,-33.018787,2.123879,1.865181,1.697996,2.748646,-0.000000,4.651303,0.000000,35.683893,-26.691219,16.358586,-99.093847,29.039556,0.220083,-0.705503,-0.112526,0.413102,-2.499172,1.247783,1.206870,-0.537235,0.088548,0.701220,-1.159793,1.558759,2.248622,5
3480153312240,0.294571,0.359508,2.118949,-3.528001,-37.018839,-6.237471,0.156103,0.360800,2.879974,-8.720971,-33.005667,2.147086,1.868351,1.697996,2.762116,-0.000000,4.630420,0.000000,35.165792,-27.136309,16.130035,-99.487593,29.165425,0.226949,-0.704771,-0.114167,0.411677,-2.502249,1.248765,1.206974,-0.537235,0.088548,0.701220,-1.159793,1.558759,2.248622,5
3480154312884,0.296363,0.361208,2.121721,-3.528001,-37.014230,-6.237470,0.156827,0.362414,2.884096,-8.737261,-32.992543,2.170300,1.870728,1.700373,2.772417,-0.000000,4.608587,0.000000,35.005688,-27.927792,15.925415,-99.923234,29.308454,0.233759,-0.704045,-0.115690,0.410243,-2.505419,1.249725,1.206824,-0.537235,0.088548,0.701220,-1.159793,1.558759,2.248622,5
3480155314336,0.298385,0.362985,2.124619,-3.527999,-37.009404,-6.237471,0.157552,0.364029,2.888220,-8.753556,-32.979415,2.193521,1.870728,1.703543,2.781133,-0.000000,4.632318,0.000000,34.848958,-28.850310,15.798871,-100.353014,29.417762,0.241166,-0.703260,-0.117383,0.408751,-2.508739,1.250737,1.206805,-0.537235,0.088548,0.701220,-1.159793,1.558759,2.248622,5
3480156313169,0.300251,0.364684,2.127419,-3.528000,-37.004785,-6.237470,0.158276,0.365644,2.892345,-8.769856,-32.966283,2.216748,1.865974,1.699581,2.800149,-0.000000,4.619029,0.000000,35.564758,-28.776440,15.405636,-100.980496,29.573870,0.247963,-0.702500,-0.118946,0.407315,-2.512007,1.251691,1.206624,-0.537235,0.088548,0.701220,-1.159793,1.558759,2.248622,5
3480157283356,0.302122,0.366384,2.130234,-3.528000,-37.000191,-6.237470,0.159001,0.367259,2.896471,-8.786160,-32.953148,2.239981,1.870728,1.700373,2.815203,-0.000000,4.594348,0.000000,34.935186,-29.431283,15.068171,-101.374507,29.720889,0.254989,-0.701726,-0.120503,0.405867,-2.515382,1.252617,1.206334,-0.537235,0.088548,0.701220,-1.159793,1.558759,2.248622,5
3480158283828,0.303907,0.368077,2.133059,-3.528000,-36.995616,-6.237470,0.159725,0.368875,2.900598,-8.802468,-32.940009,2.263221,1.863596,1.692450,2.824712,-0.000000,4.574414,0.000000,36.095031,-28.348717,15.148953,-102.012936,29.800281,0.262020,-0.700949,-0.121991,0.404418,-2.518821,1.253527,1.205885,-0.537235,0.088548,0.701220,-1.159793,1.558759,2.248622,5
3480159326208,0.305777,0.369769,2.135907,-3.527998,-36.991100,-6.237472,0.160450,0.370491,2.904726,-8.818781,-32.926867,2.286466,1.869935,1.691658,2.848482,-0.000000,4.516510,0.000000,35.251767,-29.064592,14.436045,-102.438298,30.012237,0.268820,-0.700145,-0.123525,0.402946,-2.522441,1.254377,1.205329,-0.537235,0.088548,0.701220,-1.159793,1.558759,2.248622,5
3480160283576,0.307563,0.371387,2.138647,-3.527999,-36.986810,-6.237472,0.161175,0.372108,2.908855,-8.835097,-32.913721,2.309718,1.862804,1.687696,2.857990,-0.000000,4.475693,0.000000,36.419882,-28.607388,14.368157,-103.079554,30.142617,0.275365,-0.699364,-0.124981,0.401525,-2.526019,1.255156,1.204672,-0.537235,0.088548,0.701220,-1.159793,1.558759,2.248622,5
3480161283584,0.309510,0.373077,2.141517,-3.527999,-36.982369,-6.237471,0.161901,0.373725,2.912986,-8.851417,-32.900573,2.332974,1.869143,1.689280,2.870668,-0.000000,4.441520,0.000000,35.455410,-29.324880,14.076171,-103.409286,30.285174,0.282490,-0.698525,-0.126548,0.400030,-2.529871,1.255935,1.203941,-0.537235,0.088548,0.701220,-1.159793,1.558759,2.248622,5
3480162283692,0.311464,0.374831,2.144508,-3.528001,-36.977810,-6.237471,0.162626,0.375343,2.917117,-8.867742,-32.887421,2.356237,1.872312,1.683734,2.872252,-0.000000,4.375073,0.000000,34.956988,-28.617859,14.327934,-103.759327,30.345352,0.290014,-0.697649,-0.128116,0.398462,-2.534010,1.256692,1.202966,-0.537235,0.088548,0.701220,-1.159793,1.558759,2.248622,5
3480163284802,0.313181,0.376446,2.147260,-3.528001,-36.973684,-6.237470,0.163352,0.376960,2.921249,-8.884070,-32.874266,2.379505,1.873897,1.686111,2.869083,-0.000000,4.304829,0.000000,35.017950,-28.932778,14.567316,-104.153006,30.455606,0.296696,-0.696845,-0.129489,0.397005,-2.537965,1.257332,1.201824,-0.537235,0.088548,0.701220,-1.159793,1.558759,2.248622,5
3480164283733,0.315064,0.378123,2.150126,-3.528002,-36.969458,-6.237469,0.164078,0.378579,2.925382,-8.900401,-32.861109,2.402777,1.883405,1.677395,2.865913,-0.000000,4.226041,0.000000,33.632314,-27.370421,15.191315,-104.307130,30.430263,0.304196,-0.695984,-0.130974,0.395475,-2.542215,1.257943,1.200584,-0.537235,0.088548,0.701220,-1.159793,1.558759,2.248622,5
3480165283139,0.317025,0.379800,2.152981,-3.528002,-36.965323,-6.237471,0.164804,0.380197,2.929516,-8.916737,-32.847948,2.426055,1.881820,1.676603,2.854821,-0.000000,4.134914,0.000000,33.810745,-27.039744,15.747716,-104.684718,30.496187,0.311148,-0.695106,-0.132499,0.393930,-2.546606,1.258484,1.199262,-0.537235,0.088548,0.701220,-1.159793,1.558759,2.248622,5
3480166283576,0.318909,0.381474,2.155833,-3.528001,-36.961297,-6.237472,0.165530,0.381816,2.933651,-8.933075,-32.834785,2.449338,1.883405,1.674226,2.852444,-0.000000,4.025750,0.000000,33.625730,-26.743992,15.980935,-105.057671,30.607142,0.317863,-0.694228,-0.133953,0.392363,-2.551190,1.258937,1.197647,-0.537235,0.088548,0.701220,-1.159793,1.558759,2.248622,5
3480167283139,0.320717,0.383151,2.158683,-3.528003,-36.957388,-6.237472,0.166256,0.383435,2.937786,-8.949417,-32.821619,2.472625,1.888159,1.676603,2.849274,-0.000000,3.908993,0.000000,33.115465,-27.289842,16.094922,-105.374313,30.759029,0.324383,-0.693350,-0.135340,0.390767,-2.555992,1.259291,1.195721,-0.537235,0.088548,0.701220,-1.159793,1.558759,2.248622,5
3480168283378,0.322599,0.384825,2.161536,-3.528001,-36.953602,-6.237472,0.166982,0.385055,2.941923,-8.965762,-32.808451,2.495917,1.881820,1.674226,2.853236,-0.000000,3.786540,0.000000,34.057886,-27.268205,15.949840,-105.975685,30.960027,0.330419,-0.692450,-0.136759,0.389142,-2.561017,1.259540,1.193620,-0.537235,0.088548,0.701220,-1.159793,1.558759,2.248622,5
3480169283470,0.324483,0.386497,2.164385,-3.527999,-36.949953,-6.237471,0.167709,0.386674,2.946060,-8.982110,-32.795280,2.519213,1.884197,1.671849,2.849274,-0.000000,3.648900,0.000000,33.728293,-26.999474,16.174664,-106.312585,31.089404,0.336688,-0.691539,-0.138160,0.387486,-2.566275,1.259676,1.191265,-0.537235,0.088548,0.701220,-1.159793,1.558759,2.248622,5
3480170283501,0.326369,0.388166,2.167241,-3.528000,-36.946485,-6.237471,0.168435,0.388294,2.950198,-8.998460,-32.782107,2.542513,1.885782,1.669472,2.855613,-0.000000,3.467594,0.000000,33.525340,-27.170215,15.872095,-106.743049,31.330181,0.342287,-0.690613,-0.139540,0.385782,-2.571842,1.259650,1.188578,-0.537235,0.088548,0.701220,-1.159793,1.558759,2.248622,5
3480171283173,0.328339,0.389839,2.170077,-3.528001,-36.943195,-6.237472,0.169162,0.389915,2.954336,-9.014814,-32.768932,2.565817,1.890536,1.672641,2.836597,-0.000000,3.290085,0.000000,32.759911,-27.505677,16.465401,-106.915760,31.452119,0.348201,-0.689669,-0.140958,0.384041,-2.577660,1.259479,1.185695,-0.537235,0.088548,0.701220,-1.159793,1.558759,2.248622,5
3480172283548,0.330150,0.391498,2.172914,-3.528001,-36.940132,-6.237472,0.169889,0.391535,2.958475,-9.031170,-32.755755,2.589125,1.889744,1.659171,2.836597,-0.000000,3.063215,0.000000,32.904078,-25.642321,16.642041,-107.353413,31.603248,0.353474,-0.688732,-0.142238,0.382251,-2.583811,1.259119,1.182282,-0.537235,0.088548,0.701220,-1.159793,1.558759,2.248622,5
3480173283623,0.332044,0.393162,2.175727,-3.528004,-36.937286,-6.237472,0.170616,0.393156,2.962615,-9.047529,-32.742575,2.612437,1.894498,1.663925,2.812826,-0.002848,2.845838,0.000000,32.216260,-26.209884,17.294236,-107.497795,31.755684,0.358762,-0.687778,-0.143552,0.380413,-2.590245,1.258578,1.178639,-0.537235,0.088548,0.701220,-1.159793,1.558759,2.248622,5
3480174283511,0.333942,0.394823,2.178533,-3.528003,-36.934682,-6.237472,0.171343,0.394777,2.966756,-9.063890,-32.729394,2.635752,1.897667,1.660756,2.806488,-0.000000,2.604730,0.000000,31.689715,-26.013416,17.390038,-107.781417,31.970479,0.363275,-0.686810,-0.144840,0.378518,-2.597023,1.257829,1.174616,-0.537235,0.088548,0.701220,-1.159793,1.558759,2.248622,5
3480175283288,0.335838,0.396483,2.181323,-3.528004,-36.932334,-6.237472,0.172071,0.396399,2.970897,-9.080254,-32.716210,2.659070,1.896083,1.660756,2.789848,-0.000000,2.347484,0.000000,31.840303,-26.118187,17.733148,-108.106321,32.191333,0.367437,-0.685832,-0.146098,0.376564,-2.604128,1.256860,1.170229,-0.537235,0.088548,0.701220,-1.159793,1.558759,2.248622,5
3480176290673,0.337736,0.398135,2.184112,-3.528003,-36.930249,-6.237472,0.172798,0.398020,2.975039,-9.096620,-32.703025,2.682392,1.897667,1.651248,2.789056,-0.000000,2.085492,0.000000,31.410573,-25.040842,17.740169,-108.414388,32.405402,0.371295,-0.684839,-0.147327,0.374548,-2.611570,1.255662,1.165467,-0.537235,0.088548,0.701220,-1.159793,1.558759,2.248622,5
3480177314824,0.339635,0.399787,2.186896,-3.528004,-36.928460,-6.237471,0.173525,0.399642,2.979181,-9.112988,-32.689838,2.705717,1.899252,1.652040,2.783510,-0.000000,1.788379,0.000000,31.041061,-25.731613,17.543167,-108.705670,32.731576,0.374349,-0.683829,-0.148523,0.372456,-2.619389,1.254194,1.160291,-0.537235,0.088548,0.701220,-1.159793,1.558759,2.248622,5
3480178283453,0.341532,0.401430,2.189685,-3.528004,-36.926972,-6.237472,0.174253,0.401264,2.983324,-9.129358,-32.676650,2.729044,1.896875,1.643324,2.789848,-0.000000,1.488417,0.000000,31.122204,-25.148845,17.098808,-109.130268,33.057316,0.376907,-0.682801,-0.149682,0.370287,-2.627567,1.252451,1.154714,-0.537235,0.088548,0.701220,-1.159793,1.558759,2.248622,5
3480179315832,0.343431,0.403069,2.192477,-3.528004,-36.925850,-6.237471,0.174980,0.402886,2.987467,-9.145730,-32.663460,2.752374,1.899252,1.638570,2.791433,-0.000000,1.122008,0.000000,30.534272,-25.285153,16.637680,-109.411407,33.442217,0.378743,-0.681751,-0.150801,0.368023,-2.636178,1.250373,1.148657,-0.537235,0.088548,0.701220,-1.159793,1.558759,2.248622,5
3480180283355,0.345402,0.404774,2.195377,-3.528002,-36.925141,-6.237471,0.175708,0.404508,2.991610,-9.162103,-32.650269,2.775707,1.892121,1.635401,2.781133,-0.000000,0.709086,0.000000,31.202488,-25.656087,16.360814,-109.835416,33.872090,0.379729,-0.680636,-0.151910,0.365546,-2.645650,1.247789,1.141778,-0.537235,0.088548,0.701220,-1.159793,1.558759,2.248622,5
3480181315267,0.347228,0.406336,2.198033,-3.528006,-36.924927,-6.237472,0.176436,0.406131,2.995755,-9.178478,-32.637076,2.799041,1.905591,1.629855,2.770832,-0.003797,0.213580,0.000000,29.006830,-25.504764,16.339370,-109.731456,34.251427,0.380326,-0.679589,-0.152894,0.363161,-2.654773,1.245012,1.135003,-0.537235,0.088548,0.701220,-1.159793,1.558759,2.248622,5
3480182328408,0.349286,0.408032,2.200889,-3.528002,-36.924928,-6.237472,0.177164,0.407753,2.999899,-9.194855,-32.623882,2.822378,1.900044,1.628270,2.742308,-0.000000,-0.000000,0.000000,29.117264,-25.042588,17.064789,-109.882491,34.386510,0.381693,-0.678430,-0.153985,0.360526,-2.664764,1.241787,1.127596,-0.537235,0.088548,0.701220,-1.159793,1.558759,2.248622,5
3480183292650,0.351035,0.409583,2.203494,-3.528005,-36.924926,-6.237472,0.177891,0.409376,3.004044,-9.211233,-32.610687,2.845717,1.904006,1.619554,2.716160,-0.002848,-0.000000,0.000000,28.069829,-22.481443,18.486192,-109.773794,34.194064,0.384686,-0.677384,-0.154888,0.358126,-2.673708,1.238815,1.120889,-0.537235,0.088548,0.701220,-1.159793,1.558759,2.248622,5
3480184287355,0.353023,0.411265,2.206295,-3.528001,-36.924928,-6.237472,0.178619,0.410999,3.008189,-9.227612,-32.597491,2.869058,1.907175,1.614008,2.688428,-0.000000,-0.000000,0.000000,26.863598,-20.684948,19.749398,-109.657955,34.044675,0.387556,-0.676231,-0.155922,0.355541,-2.683198,1.235582,1.113906,-0.537235,0.088548,0.701220,-1.159793,1.558759,2.248622,5
3480185312016,0.354934,0.412875,2.208956,-3.528002,-36.924926,-6.237471,0.179347,0.412622,3.012334,-9.243993,-32.584294,2.892401,1.911137,1.610046,2.661488,-0.000000,-0.000000,0.000000,25.636126,-19.048473,21.020003,-109.529750,33.899611,0.390427,-0.675122,-0.156915,0.353082,-2.692075,1.232479,1.107440,-0.537235,0.088548,0.701220,-1.159793,1.558759,2.248622,5
3480186313552,0.356843,0.414411,2.211507,-3.528004,-36.924926,-6.237471,0.180075,0.414245,3.016480,-9.260374,-32.571096,2.915745,1.908760,1.603707,2.656734,-0.000000,-0.000000,0.000000,25.285107,-17.557071,21.463285,-109.682573,33.880264,0.392643,-0.674037,-0.157911,0.350735,-2.700418,1.229484,1.101484,-0.537235,0.088548,0.701220,-1.159793,1.558759,2.248622,5
3480187283417,0.358669,0.416004,2.214162,-3.528002,-36.924928,-6.237473,0.180803,0.415868,3.020626,-9.276757,-32.557898,2.939090,1.908760,1.592614,2.655150,-0.000000,-0.000000,0.000000,24.678164,-15.453694,21.878974,-109.816961,33.837873,0.395013,-0.672923,-0.158832,0.348301,-2.708940,1.226346,1.095284,-0.537235,0.088548,0.701220,-1.159793,1.558759,2.248622,5
3480188312789,0.360741,0.417659,2.216928,-3.528003,-36.924926,-6.237472,0.181531,0.417491,3.024772,-9.293140,-32.544698,2.962437,1.911137,1.588653,2.655150,-0.002848,-0.000000,0.000000,23.436616,-14.710700,22.019625,-109.856545,33.864988,0.397400,-0.671724,-0.159899,0.345775,-2.717658,1.223061,1.089155,-0.537235,0.088548,0.701220,-1.159793,1.558759,2.248622,5
3480189314583,0.362568,0.419243,2.219586,-3.528001,-36.924927,-6.237472,0.182260,0.419115,3.028918,-9.309524,-32.531499,2.985784,1.907175,1.584691,2.658319,-0.000000,-0.000000,0.000000,23.468391,-13.993004,21.980572,-110.141466,33.941033,0.399226,-0.670588,-0.160805,0.343357,-2.725877,1.219884,1.083257,-0.537235,0.088548,0.701220,-1.159793,1.558759,2.248622,5
3480190315227,0.364485,0.420761,2.222142,-3.528003,-36.924926,-6.237471,0.182988,0.420738,3.033065,-9.325909,-32.518298,3.009132,1.917476,1.583899,2.663073,-0.000000,-0.000000,0.000000,21.332734,-13.653142,22.008873,-110.047894,33.977675,0.401519,-0.669460,-0.161779,0.341042,-2.733632,1.216814,1.077898,-0.537235,0.088548,0.701220,-1.159793,1.558759,2.248622,5
3480191283688,0.366484,0.422406,2.224922,-3.528000,-36.924927,-6.237471,0.183716,0.422362,3.037211,-9.342294,-32.505098,3.032481,1.919061,1.580729,2.665450,-0.000000,-0.000000,0.000000,20.331982,-13.121968,21.998578,-110.153572,34.036379,0.403722,-0.668236,-0.162770,0.338532,-2.741915,1.213457,1.072129,-0.537235,0.088548,0.701220,-1.159793,1.558759,2.248622,5
3480192314080,0.368320,0.423990,2.227596,-3.527999,-36.924927,-6.237470,0.184444,0.423985,3.041358,-9.358679,-32.491897,3.055831,1.920645,1.583106,2.674166,-0.000000,-0.000000,0.000000,19.593757,-13.612739,21.618769,-110.336677,34.182557,0.405520,-0.667063,-0.163660,0.336124,-2.749743,1.210207,1.066635,-0.537235,0.088548,0.701220,-1.159793,1.558759,2.248622,5
3480193313278,0.370323,0.425568,2.230280,-3.527999,-36.924927,-6.237471,0.185172,0.425609,3.045505,-9.375065,-32.478696,3.079181,1.923022,1.578352,2.684466,-0.000000,-0.000000,0.000000,18.451519,-12.908891,21.395690,-110.461438,34.259032,0.407632,-0.665848,-0.164652,0.333720,-2.757442,1.206932,1.061439,-0.537235,0.088548,0.701220,-1.159793,1.558759,2.248622,5
3480194315428,0.372165,0.427086,2.232866,-3.528001,-36.924927,-6.237471,0.185901,0.427232,3.049651,-9.391451,-32.465495,3.102531,1.920645,1.582314,2.697144,-0.003797,-0.002848,0.000000,18.260514,-13.675402,20.832779,-110.751865,34.451478,0.409233,-0.664683,-0.165543,0.331411,-2.764729,1.203760,1.056476,-0.537235,0.088548,0.701220,-1.159793,1.558759,2.248622,5
3480195312525,0.374085,0.428738,2.235704,-3.528003,-36.924926,-6.237471,0.186629,0.428856,3.053798,-9.407837,-32.452293,3.125881,1.920645,1.586276,2.724876,-0.002848,-0.000000,0.000000,17.663303,-15.103330,19.558115,-111.089652,34.744931,0.410567,-0.663411,-0.166445,0.328893,-2.772565,1.200271,1.051089,-0.537235,0.088548,0.701220,-1.159793,1.558759,2.248622,5
3480196315177,0.376087,0.430324,2.238457,-3.528001,-36.924927,-6.237472,0.187357,0.430479,3.057945,-9.424222,-32.439092,3.149230,1.919853,1.585483,2.752608,-0.000000,-0.000000,0.000000,17.030870,-15.608158,18.448200,-111.421653,34.986328,0.411985,-0.662142,-0.167403,0.326468,-2.780006,1.196879,1.046158,-0.537235,0.088548,0.701220,-1.159793,1.558759,2.248622,5
3480197313568,0.377924,0.431924,2.241240,-3.527999,-36.924928,-6.237472,0.188085,0.432103,3.062091,-9.440608,-32.425891,3.172580,1.916684,1.600538,2.783510,-0.000000,-0.000000,0.000000,17.087680,-18.925169,16.731989,-111.886325,35.418252,0.412730,-0.660881,-0.168241,0.324024,-2.787398,1.193434,1.041117,-0.537235,0.088548,0.701220,-1.159793,1.558759,2.248622,5
3480198312227,0.379831,0.433525,2.244060,-3.527999,-36.924927,-6.237471,0.188813,0.433726,3.066238,-9.456993,-32.412691,3.195929,1.907175,1.601330,2.819957,-0.000000,-0.000000,0.000000,17.836665,-20.013109,15.113606,-112.510881,35.773759,0.413620,-0.659585,-0.169112,0.321569,-2.794722,1.189941,1.036220,-0.537235,0.088548,0.701220,-1.159793,1.558759,2.248622,5
3480199312279,0.381741,0.435137,2.246913,-3.528000,-36.924927,-6.237471,0.189541,0.435350,3.070384,-9.473377,-32.399490,3.219277,1.909553,1.611631,2.853236,-0.000000,-0.000000,0.000000,16.976263,-22.565283,13.475576,-112.834696,36.151781,0.414745,-0.658266,-0.169972,0.319096,-2.801987,1.186395,1.031391,-0.537235,0.088548,0.701220,-1.159793,1.558759,2.248622,5
3480200283675,0.383654,0.436755,2.249787,-3.527999,-36.924925,-6.237472,0.190270,0.436973,3.074531,-9.489761,-32.386291,3.242625,1.913514,1.617969,2.873837,-0.000000,-0.000000,0.000000,15.857987,-24.083092,12.465553,-113.039374,36.409717,0.416377,-0.656929,-0.170824,0.316617,-2.809166,1.182811,1.026654,-0.537235,0.088548,0.701220,-1.159793,1.558759,2.248622,5
3480201312538,0.385558,0.438383,2.252684,-3.527998,-36.924928,-6.237472,0.190998,0.438596,3.078677,-9.506145,-32.373091,3.265971,1.904006,1.627478,2.896815,-0.000000,-0.002848,0.000000,16.694896,-26.291284,11.114318,-113.603015,36.777600,0.417293,-0.655575,-0.171657,0.314126,-2.816276,1.179179,1.021979,-0.537235,0.088548,0.701220,-1.159793,1.558759,2.248622,5
3480202283346,0.387545,0.440019,2.255591,-3.527999,-36.924922,-6.237470,0.191726,0.440219,3.082823,-9.522527,-32.359893,3.289317,1.906383,1.636193,2.907115,-0.000000,0.005695,0.000000,15.721122,-27.909457,10.444908,-113.772834,36.994901,0.419131,-0.654193,-0.172535,0.311633,-2.823288,1.175522,1.017491,-0.537235,0.088548,0.701220,-1.159793,1.558759,2.248622,5
3480203314522,0.389295,0.441587,2.258394,-3.527999,-36.924928,-6.237472,0.192454,0.441842,3.086968,-9.538909,-32.346695,3.312661,1.910345,1.637778,2.924547,-0.000000,-0.000000,0.000000,14.787739,-28.456219,9.711026,-113.988737,37.192418,0.420894,-0.652879,-0.173264,0.309240,-2.829918,1.171976,1.013127,-0.537235,0.088548,0.701220,-1.159793,1.558759,2.248622,5
3480204315130,0.391358,0.443294,2.261460,-3.527996,-36.924926,-6.237472,0.193182,0.443465,3.091114,-9.555289,-32.333498,3.336003,1.907968,1.636986,2.947525,0.002848,-0.000000,0.000000,14.335649,-29.011425,8.639304,-114.350417,37.440050,0.422517,-0.651405,-0.174150,0.306637,-2.837034,1.168096,1.008636,-0.537235,0.088548,0.701220,-1.159793,1.558759,2.248622,5
3480205314088,0.393098,0.444870,2.264297,-3.528000,-36.924929,-6.237472,0.193910,0.445088,3.095259,-9.571669,-32.320302,3.359344,1.896875,1.644909,2.960995,-0.000000,-0.002848,0.000000,15.590088,-30.580485,7.735971,-114.922484,37.739459,0.423641,-0.650060,-0.174852,0.304236,-2.843496,1.164485,1.004438,-0.537235,0.088548,0.701220,-1.159793,1.558759,2.248622,5
3480206318837,0.395076,0.446587,2.267403,-3.528001,-36.924926,-6.237472,0.194638,0.446711,3.099404,-9.588047,-32.307107,3.382683,1.897667,1.647286,2.977634,-0.003797,-0.000000,0.000000,14.805549,-31.458608,6.882942,-115.175040,37.964098,0.425619,-0.648564,-0.175659,0.301624,-2.850434,1.160530,1.000050,-0.537235,0.088548,0.701220,-1.159793,1.558759,2.248622,5
3480207313806,0.396967,0.448235,2.270409,-3.528001,-36.924924,-6.237472,0.195365,0.448334,3.103548,-9.604423,-32.293913,3.406020,1.890536,1.648079,3.006159,-0.000000,-0.000000,0.000000,15.277723,-32.355664,5.513464,-115.731630,38.281626,0.426749,-0.647110,-0.176415,0.299112,-2.857011,1.156695,0.995914,-0.537235,0.088548,0.701220,-1.159793,1.558759,2.248622,5
3480208284274,0.398860,0.449877,2.273425,-3.527999,-36.924926,-6.237472,0.196093,0.449956,3.107692,-9.620798,-32.280720,3.429355,1.893706,1.641740,3.016459,-0.000000,-0.000000,0.000000,14.216012,-31.480490,5.187956,-115.905984,38.373172,0.429092,-0.645641,-0.177162,0.296605,-2.863484,1.152839,0.991885,-0.537235,0.088548,0.701220,-1.159793,1.558759,2.248622,5
3480209283371,0.400828,0.451521,2.276436,-3.527998,-36.924925,-6.237472,0.196821,0.451578,3.111836,-9.637172,-32.267529,3.452687,1.886575,1.644117,3.010913,-0.000000,-0.000000,0.000000,14.574090,-31.666314,5.166779,-116.233805,38.493748,0.431105,-0.644150,-0.177948,0.294109,-2.869839,1.148972,0.988049,-0.537235,0.088548,0.701220,-1.159793,1.558759,2.248622,5
3480210312455,0.402719,0.453157,2.279450,-3.528000,-36.924927,-6.237472,0.197548,0.453201,3.115979,-9.653544,-32.254339,3.476017,1.891329,1.636193,3.014082,-0.000000,-0.000000,0.000000,13.278561,-30.315048,5.185834,-116.328385,38.520507,0.433756,-0.642662,-0.178676,0.291623,-2.876077,1.145091,0.984255,-0.537235,0.088548,0.701220,-1.159793,1.558759,2.248622,5
3480211312496,0.404453,0.454727,2.282322,-3.528001,-36.924924,-6.237472,0.198276,0.454823,3.120122,-9.669914,-32.241151,3.499345,1.890536,1.636193,2.996650,-0.000000,0.002848,0.000000,13.026803,-29.627287,5.826073,-116.470615,38.511491,0.436289,-0.641246,-0.179318,0.289256,-2.881934,1.141376,0.980660,-0.537235,0.088548,0.701220,-1.159793,1.558759,2.248622,5
3480212327955,0.406344,0.456359,2.285298,-3.528001,-36.924928,-6.237472,0.199003,0.456444,3.124264,-9.686282,-32.227964,3.522669,1.891329,1.632232,2.976050,-0.000000,-0.003797,0.000000,12.310822,-28.321011,6.655024,-116.526614,38.454030,0.439149,-0.639753,-0.180034,0.286806,-2.887916,1.137502,0.977117,-0.537235,0.088548,0.701220,-1.159793,1.558759,2.248622,5
3480213283229,0.408313,0.458054,2.288385,-3.528001,-36.924927,-6.237472,0.199731,0.458066,3.128406,-9.702647,-32.214779,3.545991,1.888159,1.627478,2.960995,-0.000000,-0.000000,0.000000,12.040038,-27.140172,7.203435,-116.704339,38.439290,0.441856,-0.638192,-0.180772,0.284272,-2.894016,1.133472,0.973555,-0.537235,0.088548,0.701220,-1.159793,1.558759,2.248622,5
3480214313246,0.410284,0.459678,2.291333,-3.528003,-36.924928,-6.237472,0.200458,0.459687,3.132547,-9.719011,-32.201595,3.569309,1.891329,1.624308,2.948317,-0.000000,-0.000000,0.000000,10.876779,-26.135734,7.747471,-116.729647,38.415497,0.444715,-0.636674,-0.181525,0.281856,-2.899749,1.129602,0.970340,-0.537235,0.088548,0.701220,-1.159793,1.558759,2.248622,5
3480215312608,0.412162,0.461296,2.294279,-3.528001,-36.924928,-6.237472,0.201185,0.461308,3.136687,-9.735372,-32.188414,3.592624,1.877859,1.617969,2.945940,0.002848,-0.000000,0.000000,12.149653,-24.999034,7.746796,-117.259015,38.504977,0.446522,-0.635165,-0.182210,0.279453,-2.905384,1.125730,0.967125,-0.537235,0.088548,0.701220,-1.159793,1.558759,2.248622,5
3480216314947,0.413969,0.462846,2.297097,-3.528001,-36.924926,-6.237471,0.201912,0.462929,3.140827,-9.751731,-32.175234,3.615936,1.882613,1.614800,2.941979,-0.000000,-0.000000,0.000000,10.959504,-24.104007,8.017925,-117.318623,38.518767,0.449236,-0.633712,-0.182864,0.277161,-2.910689,1.122015,0.964147,-0.537235,0.088548,0.701220,-1.159793,1.558759,2.248622,5
3480217284218,0.415925,0.464524,2.300147,-3.528000,-36.924927,-6.237472,0.202639,0.464550,3.144966,-9.768088,-32.162057,3.639244,1.881028,1.610046,2.928509,-0.000000,-0.000000,0.000000,10.467251,-22.958912,8.522302,-117.473411,38.509521,0.451968,-0.632127,-0.183562,0.274687,-2.916338,1.117977,0.961018,-0.537235,0.088548,0.701220,-1.159793,1.558759,2.248622,5
3480218314560,0.417729,0.466130,2.303058,-3.528001,-36.924926,-6.237473,0.203366,0.466170,3.149105,-9.784441,-32.148882,3.662548,1.881820,1.606084,2.911077,-0.000000,-0.000000,0.000000,9.840359,-21.717429,9.246432,-117.571064,38.465608,0.454781,-0.630618,-0.184179,0.272331,-2.921644,1.114109,0.958057,-0.537235,0.088548,0.701220,-1.159793,1.558759,2.248622,5
3480219316319,0.419606,0.467734,2.305950,-3.528000,-36.924925,-6.237471,0.204092,0.467790,3.153243,-9.800792,-32.135709,3.685848,1.876274,1.604500,2.892061,-0.000000,-0.000000,0.002848,10.006618,-20.855528,9.914803,-117.800375,38.458631,0.457231,-0.629094,-0.184837,0.269992,-2.926855,1.110250,0.955259,-0.537235,0.088548,0.701220,-1.159793,1.558759,2.248622,5
3480220312497,0.421413,0.469263,2.308696,-3.528000,-36.924925,-6.237472,0.204819,0.469410,3.157380,-9.817140,-32.122538,3.709145,1.886575,1.596576,2.862744,-0.002848,-0.000000,0.000000,7.978759,-18.476187,11.407460,-117.568324,38.247162,0.461029,-0.627633,-0.185469,0.267775,-2.931725,1.106569,0.952708,-0.537235,0.088548,0.701220,-1.159793,1.558759,2.248622,5
3480221283348,0.423376,0.470922,2.311654,-3.528000,-36.924927,-6.237472,0.205545,0.471029,3.161516,-9.833485,-32.109370,3.732436,1.884990,1.591030,2.841351,-0.000000,-0.000000,0.000000,7.451390,-16.996560,12.266647,-117.680608,38.180217,0.463905,-0.626047,-0.186150,0.265386,-2.936908,1.102581,0.950041,-0.537235,0.088548,0.701220,-1.159793,1.558759,2.248622,5
3480222315911,0.425340,0.472575,2.314484,-3.528003,-36.924929,-6.237471,0.206271,0.472648,3.165652,-9.849827,-32.096204,3.755723,1.884990,1.585483,2.829466,-0.000000,-0.000000,0.000000,6.657492,-15.730003,12.821862,-117.790752,38.153939,0.466710,-0.624503,-0.186847,0.263066,-2.941865,1.098699,0.947588,-0.537235,0.088548,0.701220,-1.159793,1.558759,2.248622,5
3480223314624,0.427145,0.474093,2.317312,-3.528000,-36.924927,-6.237472,0.206998,0.474267,3.169787,-9.866165,-32.083041,3.779006,1.885782,1.585483,2.827881,-0.000000,-0.000000,0.000000,6.054788,-15.423593,12.854207,-117.985316,38.232262,0.469045,-0.622986,-0.187436,0.260842,-2.946597,1.094930,0.945181,-0.537235,0.088548,0.701220,-1.159793,1.558759,2.248622,5
3480224283525,0.428946,0.475612,2.320024,-3.528001,-36.924926,-6.237473,0.207724,0.475886,3.173921,-9.882500,-32.069880,3.802284,1.877859,1.586276,2.830258,-0.000000,0.002848,-0.003797,6.633969,-15.383270,12.653405,-118.408863,38.371566,0.470863,-0.621507,-0.188037,0.258675,-2.951133,1.091250,0.942955,-0.537235,0.088548,0.701220,-1.159793,1.558759,2.248622,5
3480225312661,0.430980,0.477257,2.322991,-3.528001,-36.924926,-6.237471,0.208449,0.477504,3.178054,-9.898832,-32.056723,3.825557,1.874689,1.577560,2.851651,-0.000000,-0.000000,0.000000,6.190879,-14.487598,11.855226,-118.796276,38.540565,0.472850,-0.619869,-0.188724,0.256322,-2.956017,1.087229,0.940659,-0.537235,0.088548,0.701220,-1.159793,1.558759,2.248622,5
3480226315056,0.432781,0.478842,2.325844,-3.528000,-36.924927,-6.237472,0.209175,0.479122,3.182186,-9.915160,-32.043568,3.848824,1.878651,1.584691,2.852444,-0.000000,-0.000000,0.000000,5.199672,-15.466622,11.636568,-118.936313,38.691325,0.475088,-0.618315,-0.189279,0.254067,-2.960638,1.083350,0.938372,-0.537235,0.088548,0.701220,-1.159793,1.558759,2.248622,5
3480227312486,0.434649,0.480363,2.328596,-3.527998,-36.924927,-6.237472,0.209900,0.480739,3.186317,-9.931484,-32.030416,3.872087,1.868351,1.587068,2.869875,-0.000000,-0.000000,0.000000,6.029817,-16.080674,10.748079,-119.500562,38.949987,0.476356,-0.616783,-0.189887,0.251903,-2.965028,1.079607,0.936364,-0.537235,0.088548,0.701220,-1.159793,1.558759,2.248622,5
3480228293180,0.436518,0.482015,2.331595,-3.527999,-36.924926,-6.237471,0.210626,0.482356,3.190447,-9.947805,-32.017268,3.895344,1.869143,1.586276,2.878591,-0.000000,-0.000000,0.000000,5.326161,-16.119183,10.296339,-119.762880,39.103434,0.478588,-0.615138,-0.190439,0.249557,-2.969735,1.075526,0.934088,-0.537235,0.088548,0.701220,-1.159793,1.558759,2.248622,5
3480229313371,0.438389,0.483612,2.334489,-3.528000,-36.924925,-6.237471,0.211351,0.483973,3.194576,-9.964121,-32.004122,3.918595,1.870728,1.596576,2.893646,-0.000000,-0.000000,0.000000,4.600476,-17.975294,9.396237,-120.037919,39.380028,0.480344,-0.613528,-0.191002,0.247301,-2.974211,1.071576,0.932026,-0.537235,0.088548,0.701220,-1.159793,1.558759,2.248622,5
3480230313705,0.440330,0.485210,2.337381,-3.527999,-36.924927,-6.237472,0.212076,0.485589,3.198705,-9.980433,-31.990980,3.941840,1.863596,1.598161,2.892061,-0.000000,-0.000000,0.000000,4.882432,-18.081218,9.266336,-120.409745,39.514902,0.482324,-0.611898,-0.191600,0.245051,-2.978623,1.067616,0.930097,-0.537235,0.088548,0.701220,-1.159793,1.558759,2.248622,5
3480231283469,0.442116,0.486747,2.340169,-3.527999,-36.924926,-6.237471,0.212801,0.487205,3.202832,-9.996742,-31.977842,3.965080,1.864389,1.603707,2.908700,-0.000000,-0.000000,0.000000,4.321407,-19.123935,8.445915,-120.723689,39.754826,0.484091,-0.610335,-0.192115,0.242893,-2.982814,1.063797,0.928215,-0.537235,0.088548,0.701220,-1.159793,1.558759,2.248622,5
3480232325003,0.443972,0.488427,2.343213,-3.528000,-36.924924,-6.237471,0.213525,0.488820,3.206958,-10.013046,-31.964706,3.988313,1.855673,1.610046,2.925339,-0.000000,0.002848,0.000000,4.989126,-20.573494,7.384868,-121.279355,40.065569,0.485415,-0.608639,-0.192611,0.240544,-2.987324,1.059618,0.926134,-0.537235,0.088548,0.701220,-1.159793,1.558759,2.248622,5
3480233312441,0.445822,0.490041,2.346159,-3.528000,-36.924926,-6.237471,0.214250,0.490435,3.211083,-10.029345,-31.951575,4.011541,1.850127,1.614008,2.946733,-0.000000,-0.000000,0.000000,5.204257,-21.644809,6.262192,-121.779038,40.364796,0.486828,-0.606978,-0.193113,0.238286,-2.991617,1.055571,0.924244,-0.537235,0.088548,0.701220,-1.159793,1.558759,2.248622,5
3480234315737,0.447670,0.491594,2.349014,-3.527999,-36.924925,-6.237471,0.214974,0.492050,3.215206,-10.045640,-31.938446,4.034761,1.847750,1.621931,2.977634,-0.000000,-0.000000,0.000000,5.021590,-23.438120,4.758160,-122.250299,40.729393,0.488075,-0.605351,-0.193625,0.236114,-2.995707,1.051656,0.922535,-0.537235,0.088548,0.701220,-1.159793,1.558759,2.248622,5
3480235283333,0.449574,0.493288,2.352138,-3.527999,-36.924926,-6.237471,0.215698,0.493664,3.219329,-10.061931,-31.925322,4.057975,1.827149,1.627478,2.997443,-0.000000,-0.000000,0.000000,7.231396,-24.929684,3.415806,-123.114549,41.112739,0.488689,-0.603585,-0.194104,0.233749,-3.000114,1.047366,0.920619,-0.537235,0.088548,0.701220,-1.159793,1.558759,2.248622,5
3480236313409,0.451408,0.494910,2.355149,-3.528000,-36.924925,-6.237472,0.216421,0.495278,3.223450,-10.078216,-31.912202,4.081182,1.833487,1.621931,3.010913,-0.000000,-0.000000,0.000000,5.763310,-24.224672,2.939027,-123.287892,41.230201,0.491307,-0.601876,-0.194555,0.231487,-3.004288,1.043235,0.918843,-0.537235,0.088548,0.701220,-1.159793,1.558759,2.248622,5
3480237284388,0.453157,0.496541,2.358170,-3.528001,-36.924926,-6.237470,0.217145,0.496891,3.227571,-10.094497,-31.899085,4.104383,1.825564,1.630647,3.021213,-0.000000,-0.000000,0.000000,6.462228,-25.794759,2.097433,-123.813607,41.522442,0.492648,-0.600171,-0.194944,0.229222,-3.008425,1.039078,0.917022,-0.537235,0.088548,0.701220,-1.159793,1.558759,2.248622,5
3480238286694,0.454908,0.498105,2.361063,-3.528000,-36.924928,-6.237472,0.217868,0.498503,3.231689,-10.110773,-31.885973,4.127576,1.825564,1.631439,3.018836,-0.000000,-0.000000,0.000000,5.990240,-25.650430,2.088908,-124.058697,41.620388,0.494976,-0.598515,-0.195351,0.227060,-3.012328,1.035085,0.915412,-0.537235,0.088548,0.701220,-1.159793,1.558759,2.248622,5
