goal_x,goal_y,goal_z,final_x,final_y,final_z,err_x,err_y,err_z,norm_err
0.5,0,0.8,0.491732,-0.00401508,0.800233,0.00826828,0.00401508,-0.00023349,0.00919455
0.5,0,0.8,0.494826,-0.00721066,0.799671,0.00517353,0.00721066,0.000328665,0.00888071
0.5,0,0.8,0.493623,0.00399191,0.806553,0.00637738,-0.00399191,-0.00655312,0.00997746
0.5,0,0.8,0.493897,-0.0024383,0.809358,0.00610275,0.0024383,-0.00935814,0.0114352
